64,64
0,0,0.48770671919624276,0.0
0,1,0.306970182035299,3.3237641594828573e-18
0,2,0.11860080913757404,-4.618135498689554e-19
0,3,0.05295093639713834,1.1285793522805878e-17
0,4,0.024584924013983513,1.3010426069826053e-18
0,5,0.014595412151971243,4.4500658596238054e-18
0,6,0.00812743544791658,7.204724169178278e-19
0,7,0.005824475321996732,6.829313730331794e-18
0,8,0.0035643902045148085,7.795830385562014e-21
0,9,0.00290231338107293,-4.8666994633873206e-18
0,10,0.0018649602556748723,1.0104511758898427e-18
0,11,0.0016726344306267583,1.3355286228214432e-18
0,12,0.0011012953940015844,-1.0459444772019795e-18
0,13,0.0010693410904871236,-3.247699878814e-18
0,14,0.0007114508143911606,-6.060362092980929e-18
0,15,0.0007399717251424023,-9.679598025041779e-18
0,16,0.0004934728101311792,0.0
0,17,0.0005457120043361077,-1.7177759425747385e-18
0,18,0.0003631777513587596,-1.5460157223544598e-18
0,19,0.0004244906157818255,-4.543558195482486e-18
0,20,0.00028139896635345557,-2.6020852139652106e-18
0,21,0.0003457716014451961,2.7153423836469983e-18
0,22,0.0002283239754296766,-1.0142510590589793e-18
0,23,0.0002933967251442433,-7.048474077482662e-18
0,24,0.00019327022739601407,7.795830385562014e-21
0,25,0.00025833818525945653,5.8327174101594716e-18
0,26,0.0001702072902186741,1.4894863094076692e-18
0,27,0.00023537106029771632,-5.095407287165989e-18
0,28,0.00015564636440794366,-9.75458152250539e-19
0,29,0.00022144638013529838,-3.0592173777748233e-18
0,30,0.00014759243654981213,7.61413286411669e-19
0,31,0.0002148653133588474,7.239276524343189e-18
0,32,0.00014501413614886882,0.0
0,33,0.00021486531335887515,1.263780031760399e-18
0,34,0.00014759243654981907,-1.329175287857359e-18
0,35,0.0002214463801352949,3.045857011916044e-18
0,36,0.00015564636440794713,-1.3010426069826053e-18
0,37,0.00023537106029771718,6.1847893356006125e-18
0,38,0.00017020729021867582,7.204724169178278e-19
0,39,0.00025833818525945176,-1.0958017357543418e-19
0,40,0.00019327022739601407,-7.795830385562014e-21
0,41,0.00029339672514422984,-8.05869350294753e-18
0,42,0.00022832397542967204,-2.0383879866258398e-18
0,43,0.0003457716014451949,-4.164128176150229e-18
0,44,0.000281398966353457,1.78582739213576e-19
0,45,0.0004244906157818236,4.094879758889139e-18
0,46,0.0003631777513587596,3.75205552115687e-18
0,47,0.0005457120043361128,1.3043086677631673e-19
0,48,0.0004934728101311792,0.0
0,49,0.0007399717251424074,-1.7177759425747385e-18
0,50,0.0007114508143911606,-1.5460157223544598e-18
0,51,0.001069341090487125,2.395335708424742e-18
0,52,0.0011012953940015857,2.6020852139652106e-18
0,53,0.0016726344306267561,-2.488828044283423e-18
0,54,0.0018649602556748755,2.455195892894635e-18
0,55,0.0029023133810729394,1.3768207634239023e-17
0,56,0.0035643902045148085,-7.795830385562014e-21
0,57,0.00582447532199675,8.997465239134591e-18
0,58,0.00812743544791659,4.421470783763562e-18
0,59,0.014595412151971247,-1.2026392181164117e-18
0,60,0.024584924013983517,1.8428198902389423e-18
0,61,0.052950936397138354,-1.17061140259413e-17
0,62,0.11860080913757405,-1.3349963822589211e-18
0,63,0.306970182035299,-1.418635846864344e-17
1,0,0.306970182035299,2.3815671612546114e-18
1,1,0.21234705979628188,3.1257716907463154e-19
1,2,0.09698295420017716,1.3141961394204953e-18
1,3,0.04611425661622258,7.588052260124673e-18
1,4,0.02314943699872272,1.1201051739866617e-18
1,5,0.013544069775253784,4.266729729231988e-18
1,6,0.008039460404512856,8.75628066653951e-19
1,7,0.005496263553648941,9.268958348411125e-18
1,8,0.003617141195974987,-2.665051472584915e-19
1,9,0.0027467303481561907,4.352693903235283e-18
1,10,0.0019266727909666955,4.020284769782224e-19
1,11,0.001579247110065465,1.5064909823546695e-18
1,12,0.0011547195581775335,-1.5831581055650615e-18
1,13,0.0010049509216723746,9.150541465610393e-19
1,14,0.000756009628376624,-4.502451551736557e-19
1,15,0.0006914913126828933,-2.5023273515093143e-18
1,16,0.0005309698084603881,2.722321522634452e-19
1,17,0.0005069231082426092,5.842008248750704e-18
1,18,0.00039537448648132017,-5.082596678243981e-18
1,19,0.00039201879740578924,-3.0371290302332694e-18
1,20,0.0003096741118257568,6.8642430499246e-19
1,21,0.00031759490209990046,2.0983253842609793e-18
1,22,0.0002537144790061355,-1.7264571473112597e-18
1,23,0.00026820429745109866,-4.608829459403332e-18
1,24,0.00021656196344176462,3.6541418782383463e-19
1,25,0.00023522040865952328,2.207536267831794e-18
1,26,0.00019201241860869727,2.418979502415254e-18
1,27,0.0002136547305435334,2.989314013407187e-19
1,28,0.0001764611131645985,-7.021278412106751e-19
1,29,0.0002005990468076646,4.173635215193473e-20
1,30,0.00016783977261429495,8.692450276029342e-20
1,31,0.00019443434806061533,1.709965023551455e-18
1,32,0.00016507663370723957,-1.1904040241611573e-18
1,33,0.00019443434806065696,1.830460210554338e-18
1,34,0.000167839772614288,-1.5047295090418162e-18
1,35,0.00020059904680766114,-6.518842507651596e-19
1,36,0.00017646111316460197,-1.481980039978549e-18
1,37,0.00021365473054353514,-7.007896071002954e-20
1,38,0.00019201241860869727,8.75628066653951e-19
1,39,0.00023522040865951808,2.3300644445038965e-18
1,40,0.00021656196344176462,4.367377235738698e-19
1,41,0.0002682042974510874,-2.7760236692207343e-18
1,42,0.0002537144790061322,-1.09700584022561e-18
1,43,0.00031759490209990024,-2.1208661641054557e-18
1,44,0.00030967411182575684,2.088644977561578e-18
1,45,0.0003920187974057884,9.352238587810405e-19
1,46,0.0003953744864813169,-4.517982350261469e-19
1,47,0.0005069231082426044,-2.5076655812989164e-18
1,48,0.0005309698084603881,2.722321522634452e-19
1,49,0.0006914913126828885,-8.035779559063752e-18
1,50,0.0007560096283766277,1.8562972256632475e-18
1,51,0.0010049509216723737,4.3231792172034464e-19
1,52,0.0011547195581775335,6.8642430499246e-19
1,53,0.0015792471100654648,-1.3711215676926349e-18
1,54,0.0019266727909666992,3.477713280619161e-18
1,55,0.0027467303481561933,2.3300644445038965e-18
1,56,0.003617141195974987,-1.9518161150845634e-19
1,57,0.00549626355364895,-6.308660338172459e-19
1,58,0.008039460404512862,3.824937038244587e-18
1,59,0.013544069775253787,-9.133065830915048e-19
1,60,0.023149436998722725,1.2076147132071916e-18
1,61,0.04611425661622257,-5.9977139887054865e-18
1,62,0.09698295420017718,-5.552870239658943e-19
1,63,0.21234705979628193,-5.2020749148799794e-18
2,0,0.11860080913757404,-2.2387259208413845e-19
2,1,0.09698295420017716,1.873402720304607e-18
2,2,0.059085022918220556,-2.8326534625202324e-19
2,3,0.033087562277393665,2.6726413478443646e-18
2,4,0.018941259116998597,1.0794090756004254e-18
2,5,0.011490962010597107,1.8103396053508773e-18
2,6,0.007344311520039745,1.2445195215011236e-18
2,7,0.004959489440074663,1.003596080286293e-18
2,8,0.0034757987724216375,4.783888183931686e-20
2,9,0.0025429891124597167,1.3434505292512718e-18
2,10,0.0019052888788946148,-5.7054338637018125e-19
2,11,0.0014785088176155789,1.0312922540628426e-18
2,12,0.0011640098381489705,1.7797448306478634e-21
2,13,0.0009449475268265689,-2.09402463636381e-19
2,14,0.0007731310662992172,-2.9543571339448397e-18
2,15,0.0006507571936851251,-4.856155476899676e-18
2,16,0.0005493368439596427,4.2799702685350206e-20
2,17,0.00047657834791547547,-1.6231492859611445e-18
2,18,0.00041306102469019053,-2.180619148101656e-18
2,19,0.00036782937060325616,-4.715449523635982e-19
2,20,0.000326224667464324,-8.721548348734826e-19
2,21,0.0002972981120616062,5.092969983682721e-19
2,22,0.00026915551779145433,-4.902039544756835e-19
2,23,0.0002504703725575534,-7.311273956905141e-19
2,24,0.00023107120966213597,-5.840804532430092e-19
2,25,0.00021919975075497923,1.090088716721337e-18
2,26,0.00020580500594806093,1.1963514044413788e-19
2,27,0.00019875991670303614,-1.743019449290184e-18
2,28,0.00018975221533186655,-7.706046893706378e-19
2,29,0.00018638971790170544,-3.0814663992637296e-19
2,30,0.00018083535664970007,-5.008456992353793e-19
2,31,0.00018055006693104558,2.0908017442722913e-18
2,32,0.0001779747000624013,-1.3452426901798143e-19
2,33,0.00018055006693104558,7.349904391948277e-19
2,34,0.00018083535664970354,-1.0422068669918763e-18
2,35,0.00018638971790170197,-1.0136460386063504e-18
2,36,0.00018975221533186828,-1.0889952693705835e-18
2,37,0.00019875991670303874,9.429778673624738e-19
2,38,0.00020580500594806093,-4.902039544756835e-19
2,39,0.0002191997507549736,1.003596080286293e-18
2,40,0.00023107120966213597,-5.112072663928391e-19
2,41,0.0002504703725575506,-1.3199325856536124e-18
2,42,0.000269155517791454,-3.168001229229315e-19
2,43,0.00029729811206160575,-1.684679718932019e-18
2,44,0.00032622466746432547,-1.1365938600805956e-20
2,45,0.00036782937060325405,-2.170245757458619e-19
2,46,0.00041306102469018885,1.9387897548562948e-18
2,47,0.00047657834791547276,4.9590133151610976e-18
2,48,0.0005493368439596427,4.2799702685350206e-20
2,49,0.0006507571936851224,-1.6231492859611445e-18
2,50,0.0007731310662992155,1.2888278038519583e-18
2,51,0.0009449475268265703,-4.715449523635982e-19
2,52,0.001164009838148972,8.625686411033245e-19
2,53,0.0014785088176155784,-1.225426477608535e-18
2,54,0.0019052888788946153,1.2445195215011236e-18
2,55,0.002542989112459721,2.7383195562631e-18
2,56,0.0034757987724216375,1.2071206868948701e-19
2,57,0.004959489440074665,-1.0665707731236777e-18
2,58,0.007344311520039748,2.4624683022163634e-18
2,59,0.01149096201059711,1.0896319844210078e-18
2,60,0.0189412591169986,7.610184956004797e-19
2,61,0.033087562277393665,-1.8530038754326774e-18
2,62,0.05908502291822056,-5.147216798531652e-19
2,63,0.09698295420017716,-6.758433464947089e-18
3,0,0.05295093639713834,7.745901167749234e-18
3,1,0.04611425661622258,5.823216331839942e-18
3,2,0.03308756227739365,3.1014609981704992e-18
3,3,0.02179618085996521,3.4513828755957368e-18
3,4,0.014046377870083358,1.870246864868981e-18
3,5,0.009224016986006042,2.130628310161931e-18
3,6,0.006231571888652576,2.1633378020825706e-18
3,7,0.004363001018117497,3.283417606694561e-18
3,8,0.003146531403592082,8.382890618123305e-19
3,9,0.0023428838635355023,1.8748950032518735e-18
3,10,0.0017857446417484664,-1.8988526759785565e-19
3,11,0.001397817827300089,-1.5164585254438386e-19
3,12,0.0011136411150551458,-1.2171448932158864e-18
3,13,0.0009075444197229262,4.338757564804263e-19
3,14,0.000749486444167583,-1.2228578995102213e-18
3,15,0.0006314239007382643,-2.7840695737232917e-18
3,16,0.0005373331844111227,-1.5801780934334893e-19
3,17,0.0004656577333694393,-4.651562685759844e-19
3,18,0.0004066199231250974,-2.4279700815055734e-18
3,19,0.0003611754422845609,-1.2648429360642764e-19
3,20,0.0003226402850482128,1.3552338889217365e-19
3,21,0.00029295832429110857,1.91378787566483e-18
3,22,0.00026712212084139446,-5.0665428884381735e-21
3,23,0.0002474508021561299,-1.4870719522416584e-18
3,24,0.00022991428038473464,-4.2554960835232176e-19
3,25,0.00021695803140745666,-4.48524065265993e-19
3,26,0.00020515371804530986,3.8396283524249473e-19
3,27,0.00019697888173618103,1.2222233316207384e-18
3,28,0.00018938872033098537,-8.810532932109205e-19
3,29,0.00018486828511577597,-2.0392547108124538e-18
3,30,0.00018061996377455314,2.5796070810302724e-19
3,31,0.0001791459957794124,2.4481354261049328e-18
3,32,0.00017780499109422768,-7.894277777109516e-19
3,33,0.00017914599577941934,-1.5493584410614888e-18
3,34,0.0001806199637745566,-1.0185072572744176e-18
3,35,0.00018486828511577597,-1.1022662488433816e-18
3,36,0.00018938872033098623,-7.318383490962299e-19
3,37,0.00019697888173618363,-9.051377727974815e-19
3,38,0.00020515371804530943,1.295976064094167e-18
3,39,0.0002169580314074571,-1.8602934525905305e-19
3,40,0.00022991428038473464,-3.612992554669411e-19
3,41,0.00024745080215612773,-4.896177506152113e-19
3,42,0.0002671221208413934,1.1735450151720978e-19
3,43,0.000292958324291109,-1.0547808184140226e-18
3,44,0.0003226402850482136,6.208299330118301e-19
3,45,0.00036117544228456155,-1.6184330286152829e-19
3,46,0.00040661992312509643,-9.192557353979984e-21
3,47,0.0004656577333694358,2.122782321690132e-18
3,48,0.0005373331844111227,-1.5801780934334893e-19
3,49,0.0006314239007382642,-4.651562685759844e-19
3,50,0.000749486444167582,1.0414768704480408e-18
3,51,0.0009075444197229268,-1.2648429360642764e-19
3,52,0.0011136411150551467,1.3552338889217365e-19
3,53,0.0013978178273000887,-6.882973383003807e-19
3,54,0.001785744641748467,-5.0665428884381735e-21
3,55,0.0023428838635355044,1.1150132617235523e-18
3,56,0.003146531403592082,9.025394146977112e-19
3,57,0.004363001018117499,1.833801317902655e-18
3,58,0.006231571888652577,3.0129533506304738e-18
3,59,0.009224016986006044,1.0407969493744693e-18
3,60,0.014046377870083358,2.8868235469720747e-18
3,61,0.02179618085996521,2.3112871644313515e-18
3,62,0.03308756227739366,1.5457549179921838e-18
3,63,0.04611425661622258,1.4442264463010261e-18
4,0,0.024584924013983506,1.2127129524517428e-18
4,1,0.023149436998722718,1.122335174002733e-18
4,2,0.018941259116998593,7.532554588313232e-19
4,3,0.014046377870083358,1.3080356188867598e-18
4,4,0.010028647934604798,1.0033899353615238e-18
4,5,0.007101602503027754,8.570566724559936e-19
4,6,0.00508883816376741,5.559742331195816e-19
4,7,0.003709949429687963,2.796325443791257e-20
4,8,0.002766596162948864,7.944663438145913e-20
4,9,0.002105413084427717,-5.700204824248405e-20
4,10,0.0016382257381989025,2.69737809097175e-20
4,11,0.0012978611446122948,1.5581920376554664e-19
4,12,0.0010486647323054376,-5.539607250500053e-19
4,13,0.0008601855778505344,-4.320018740362021e-19
4,14,0.0007179123157092538,-9.906483767908841e-19
4,15,0.00060673870869666,-2.080920730266131e-18
4,16,0.0005207798927467019,3.0890232795180265e-20
4,17,0.00045173713406189653,-1.6965904744595785e-18
4,18,0.000397417036392703,-1.035678125769759e-18
4,19,0.00035277810416113126,-5.8931818296287295e-19
4,20,0.0003172852632113282,-9.481739751123841e-19
4,21,0.0002875756311009382,-2.271455000295108e-19
4,22,0.00026389057598962115,-9.454707037172105e-20
4,23,0.00024379264973267028,-1.8887718005918832e-19
4,24,0.00022790004668051412,7.944663438145913e-20
4,25,0.00021431633035426606,3.6633258155804797e-19
4,26,0.00020385060544603466,2.669528702770734e-19
4,27,0.0001949386009717246,6.485892414216807e-19
4,28,0.0001884945642708644,-1.6581608988408516e-19
4,29,0.00018316643348577528,2.450653589250683e-19
4,30,0.00017993785318399895,-6.210983241852497e-19
4,31,0.00017759696341093645,1.5047717597418765e-19
4,32,0.00017718855045744178,-1.7387998220354684e-19
4,33,0.00017759696341093818,-1.7870743297987226e-19
4,34,0.00017993785318400068,-4.393669309027317e-19
4,35,0.00018316643348577442,1.1541322915270493e-19
4,36,0.00018849456427086526,-2.976526716210815e-19
4,37,0.00019493860097172504,4.2337580346179186e-19
4,38,0.00020385060544603466,1.2229336412537983e-19
4,39,0.00021431633035426563,4.616441234321143e-19
4,40,0.00022790004668051412,1.2781173989982749e-19
4,41,0.00024379264973266855,2.489962671778521e-19
4,42,0.0002638905759896205,-2.3339500365541964e-19
4,43,0.0002875756311009367,-4.436460918467827e-19
4,44,0.00031728526321132865,3.9233625080204413e-19
4,45,0.0003527781041611306,1.8498705784163746e-19
4,46,0.00039741703639270315,8.535289537230137e-19
4,47,0.0004517371340618971,1.5947389482580956e-18
4,48,0.0005207798927467019,3.0890232795180265e-20
4,49,0.0006067387086966588,1.7728564774940357e-18
4,50,0.0007179123157092539,6.99045350207048e-19
4,51,0.0008601855778505338,2.7804355502553064e-19
4,52,0.001048664732305438,7.86549500864423e-19
4,53,0.0012978611446122941,-2.271455000295108e-19
4,54,0.0016382257381989031,7.728146676166825e-19
4,55,0.002105413084427717,6.784845579292152e-19
4,56,0.002766596162948864,1.2781173989982749e-19
4,57,0.003709949429687964,-1.7433836262267998e-19
4,58,0.005088838163767412,1.2613493829540317e-18
4,59,0.007101602503027755,-6.905439151451321e-20
4,60,0.010028647934604798,8.715533536245275e-19
4,61,0.014046377870083358,3.752815628687706e-19
4,62,0.018941259116998593,7.008193356144803e-19
4,63,0.023149436998722718,5.559634317518319e-19
5,0,0.014595412151971228,6.359758638894991e-18
5,1,0.013544069775253787,4.741660717349912e-18
5,2,0.011490962010597109,2.586430380264876e-18
5,3,0.009224016986006042,2.0987445479769488e-18
5,4,0.007101602503027755,1.383074437033016e-18
5,5,0.005377904979454366,1.2664243133414232e-18
5,6,0.004059086623377395,6.103835353841698e-19
5,7,0.003089296016004193,8.147404935130838e-19
5,8,0.0023777702257400573,5.116474637884217e-19
5,9,0.0018591021327444075,9.121421933881885e-20
5,10,0.0014746112113135361,-7.758125677937314e-19
5,11,0.0011891913918455734,-5.71548394425728e-19
5,12,0.0009723567653795102,-1.0685778788261925e-18
5,13,0.0008075626748327026,-8.6556201739766475e-19
5,14,0.0006790381843366088,-1.4047917478480872e-18
5,15,0.0005792067655399519,-1.801839823992605e-18
5,16,0.0004994501923318638,-4.933863723895134e-19
5,17,0.0004363882004559451,-7.200077265458167e-19
5,18,0.0003849513560788564,-8.017014087523253e-19
5,19,0.00034375820424469684,-7.743912091096381e-19
5,20,0.0003095840044656865,-3.516490389437912e-19
5,21,0.00028202911866311866,8.3274344434722145e-19
5,22,0.00025887955085369724,7.188037526327202e-19
5,23,0.00024023445040051515,-5.262124447531977e-20
5,24,0.00022446284119859074,2.498979048715338e-19
5,25,0.00021192721538599614,7.394539343588129e-19
5,26,0.00020134920088472788,5.509099483272525e-19
5,27,0.00019323845363191554,5.628185665251145e-19
5,28,0.00018653921399822875,1.774654949822972e-19
5,29,0.00018185236926601418,-2.9515172497885496e-19
5,30,0.00017826862219502346,-2.860051666176504e-19
5,31,0.00017645670018430395,-1.3041796608841868e-19
5,32,0.00017560842177962062,-6.842339707553225e-19
5,33,0.00017645670018430482,-5.438248735169224e-19
5,34,0.0001782686221950252,-7.203862458159124e-19
5,35,0.00018185236926601418,-6.117608832368124e-19
5,36,0.00018653921399822962,8.203183005041063e-20
5,37,0.0001932384536319164,3.990625753530197e-19
5,38,0.00020134920088472788,8.272239698812707e-19
5,39,0.00021192721538599527,1.0315809280101847e-18
5,40,0.00022446284119859096,2.486714345015377e-19
5,41,0.00024023445040051428,2.349155273311143e-19
5,42,0.0002588795508536967,8.200934628850959e-19
5,43,0.0002820291186631181,4.790933945886109e-19
5,44,0.0003095840044656867,1.4843936644150933e-19
5,45,0.0003437582042446968,-2.503963940015008e-19
5,46,0.00038495135607885663,-1.824748555994836e-19
5,47,0.00043638820045594406,6.529278310293803e-19
5,48,0.0004994501923318638,-4.933863723895134e-19
5,49,0.0005792067655399518,-7.200077265458167e-19
5,50,0.0006790381843366081,-8.017014087523253e-19
5,51,0.0008075626748327025,-7.743912091096381e-19
5,52,0.0009723567653795107,-3.516490389437912e-19
5,53,0.0011891913918455732,-9.019800316295856e-19
5,54,0.0014746112113135364,-1.4855798535568333e-19
5,55,0.001859102132744408,1.6421919002178112e-19
5,56,0.0023777702257400573,5.104209934184256e-19
5,57,0.0030892960160041924,4.540375502995238e-19
5,58,0.004059086623377396,1.228094422740919e-18
5,59,0.005377904979454368,1.0794499096145755e-18
5,60,0.007101602503027757,1.5044812065982303e-18
5,61,0.009224016986006042,1.3475976585506983e-18
5,62,0.011490962010597109,1.951345080626593e-18
5,63,0.013544069775253787,3.6435753148128626e-18
6,0,0.00812743544791657,9.848566845247398e-19
6,1,0.008039460404512859,7.24595754018329e-19
6,2,0.007344311520039741,1.2571142479265215e-19
6,3,0.006231571888652577,-2.0585482016709697e-19
6,4,0.005088838163767412,-4.776921799827703e-19
6,5,0.004059086623377395,-5.291068811849944e-19
6,6,0.0032114608521601543,-3.1334921667344375e-19
6,7,0.0025376385168029963,1.5523795783059043e-19
6,8,0.002017976975786852,-1.1241210261012563e-19
6,9,0.0016175845426580717,-2.7204565371917343e-19
6,10,0.0013118258822116683,-3.712260651612759e-19
6,11,0.0010753776687752457,6.105326182122559e-20
6,12,0.0008930108604768173,9.388971728591677e-21
6,13,0.0007497737833520012,5.730835257247248e-19
6,14,0.0006375740326244864,6.513664662613475e-19
6,15,0.0005478161844321147,6.826318012221438e-19
6,16,0.00047642232307190105,7.739198491887109e-19
6,17,0.00041829703780489624,6.432805910819162e-19
6,18,0.0003714746539435762,1.7992153341692737e-19
6,19,0.0003327713154830594,4.1756142901206808e-19
6,20,0.00030132695546528597,6.440890625998196e-20
6,21,0.00027502757107798233,6.720431368203309e-20
6,22,0.00025360145697902396,-2.0492899942489328e-19
6,23,0.000235555194063514,-4.952833456607122e-19
6,24,0.00022093888220490175,-4.283717701512887e-19
6,25,0.00020863337150772297,-4.9230326708528247e-20
6,26,0.00019887205653834855,1.818587396133369e-19
6,27,0.0001907705620871772,4.0990917233132826e-19
6,28,0.00018467396968415827,3.0211408310205105e-19
6,29,0.00017985130491682657,5.237908410135506e-19
6,30,0.00017672421145293249,-1.5216967777389404e-19
6,31,0.00017466690408314122,-3.3783039702587267e-19
6,32,0.0001741639411119789,-4.939935379077393e-19
6,33,0.0001746669040831421,-3.053963098429002e-19
6,34,0.00017672421145293162,-1.9954922695299918e-19
6,35,0.00017985130491682613,1.7361594020282958e-19
6,36,0.00018467396968415827,1.7282912350853242e-19
6,37,0.0001907705620871774,4.466750740519596e-19
6,38,0.00019887205653834877,3.371720868178589e-19
6,39,0.00020863337150772276,-6.160247666651045e-20
6,40,0.00022093888220490175,-3.836938824750553e-19
6,41,0.00023555519406351366,-2.99709184410239e-19
6,42,0.0002536014569790235,-2.337438619721358e-19
6,43,0.000275027571077982,6.161256454806745e-20
6,44,0.0003013269554652863,3.362692752884732e-19
6,45,0.0003327713154830594,5.635246759858929e-19
6,46,0.0003714746539435758,6.517769533986616e-19
6,47,0.000418297037804896,9.836036727571665e-19
6,48,0.00047642232307190105,7.739198491887109e-19
6,49,0.000547816184432114,6.432805910819162e-19
6,50,0.0006375740326244864,1.047283271405331e-18
6,51,0.0007497737833520012,4.1756142901206808e-19
6,52,0.0008930108604768176,4.980897752541837e-19
6,53,0.0010753776687752454,-1.496361208150678e-19
6,54,0.0013118258822116683,-2.0492899942489328e-19
6,55,0.0016175845426580717,-2.7844291116361134e-19
6,56,0.002017976975786852,-6.773421493389222e-20
6,57,0.0025376385168029963,-8.88436424266824e-20
6,58,0.003211460852160155,8.053307124165493e-20
6,59,0.004059086623377396,-7.20924214956237e-19
6,60,0.005088838163767412,-3.90136705079188e-19
6,61,0.006231571888652577,-9.05065680782639e-19
6,62,0.007344311520039741,4.5850273202747416e-20
6,63,0.008039460404512859,3.2355250365265093e-19
7,0,0.005824475321996734,7.433008253944577e-18
7,1,0.005496263553648944,5.266128230437606e-18
7,2,0.0049594894400746565,2.092262731249346e-18
7,3,0.004363001018117495,4.2364190491541328e-19
7,4,0.0037099494296879616,1.0664170142532817e-19
7,5,0.003089296016004192,1.1754442015507165e-18
7,6,0.002537638516802996,2.1040033378109062e-18
7,7,0.0020762558729913935,2.8433085523490872e-18
7,8,0.0016984641723241977,2.3058459040612292e-18
7,9,0.001396699402582313,1.798603699356736e-18
7,10,0.0011555890361690448,1.3043615854574447e-18
7,11,0.0009649004402130616,4.2084496606711835e-19
7,12,0.0008125412873249574,-3.694319263979109e-19
7,13,0.0006914535011832894,-2.9091537919309527e-19
7,14,0.0005937634982884325,-4.5259927072893285e-19
7,15,0.0005153507467241711,-3.5805166539126283e-19
7,16,0.0004512836219399904,-2.473539339473185e-19
7,17,0.00039932469452267586,-1.0067252336564142e-19
7,18,0.0003563394766631999,-8.969414087773159e-20
7,19,0.00032118733586473073,-2.810895072001646e-19
7,20,0.00029180011444592777,-1.7785158232222747e-21
7,21,0.0002676611185913955,1.9966224631376255e-19
7,22,0.00024733981156763586,1.5243942733699803e-19
7,23,0.000230676390025846,5.122738815052527e-19
7,24,0.0002166304098099645,7.80257674979689e-19
7,25,0.0002052510164823456,5.583170242474891e-19
7,26,0.00019574363086026958,4.855892366262007e-19
7,27,0.00018828525682181192,-3.4377578859387573e-19
7,28,0.00018224173431231937,-5.209316770811778e-19
7,29,0.0001778747273273821,-1.9514198825570362e-19
7,30,0.00017465929022094468,-4.3173216818205596e-19
7,31,0.00017292097434951732,-1.5298028166409431e-19
7,32,0.00017221378911670172,-3.4779542868254884e-19
7,33,0.00017292097434951775,-6.969837182326689e-19
7,34,0.00017465929022094512,-3.200871025309013e-19
7,35,0.0001778747273273821,-3.3529961582443983e-19
7,36,0.0001822417343123198,-5.438796020659745e-19
7,37,0.00018828525682181214,-1.2559840543188883e-19
7,38,0.0001957436308602698,5.861202963311998e-19
7,39,0.0002052510164823457,1.1085850763722801e-18
7,40,0.0002166304098099645,7.972188342767337e-19
7,41,0.00023067639002584612,7.760674276895449e-19
7,42,0.00024733981156763564,2.8909004659731604e-19
7,43,0.00026766111859139553,1.976796073903958e-19
7,44,0.0002918001144459279,2.574546775029159e-19
7,45,0.00032118733586473095,1.7044678747586905e-19
7,46,0.00035633947666319986,3.1495126799590425e-19
7,47,0.00039932469452267586,-4.932864023717583e-20
7,48,0.0004512836219399904,-2.473539339473185e-19
7,49,0.0005153507467241711,-1.0067252336564142e-19
7,50,0.0005937634982884325,-8.969414087773159e-20
7,51,0.0006914535011832896,1.5259136179403717e-19
7,52,0.0008125412873249574,-1.7785158232222747e-21
7,53,0.0009649004402130617,4.1650268081086344e-19
7,54,0.0011555890361690448,1.6703224688167042e-18
7,55,0.0013966994025823131,1.7048962712393076e-18
7,56,0.0016984641723241977,2.322807063358274e-18
7,57,0.002076255872991394,2.883715840787195e-18
7,58,0.0025376385168029963,2.408905002411165e-18
7,59,0.0030892960160041924,1.1791407965484908e-18
7,60,0.003709949429687962,1.9211399368908197e-19
7,61,0.004363001018117495,7.467339653847739e-20
7,62,0.0049594894400746565,2.1372278586743847e-18
7,63,0.005496263553648944,4.787140078093252e-18
8,0,0.0035643902045148037,-2.274840271468625e-20
8,1,0.003617141195974969,6.655545385433824e-20
8,2,0.0034757987724216323,7.726076346936903e-21
8,3,0.003146531403592081,1.399468241024332e-19
8,4,0.0027665961629488663,8.371763004920946e-20
8,5,0.002377770225740058,1.1196094256026413e-20
8,6,0.002017976975786853,-6.304089608888188e-20
8,7,0.0016984641723241994,3.609941631685447e-20
8,8,0.0014271777066743934,2.749075269003958e-20
8,9,0.0011998185277288893,5.610159384726864e-20
8,10,0.0010132986894289047,-3.889829672031109e-20
8,11,0.00086006500964795,-6.665456787348119e-20
8,12,0.0007355534396567536,-1.6860523243937717e-19
8,13,0.0006334791595740303,-2.4346352646614875e-20
8,14,0.0005504016217831955,-7.980339251172182e-20
8,15,0.0004819070309646358,-1.3582277201334257e-19
8,16,0.00042583132281903886,9.192046006643887e-21
8,17,0.0003792094920324459,-8.929860844045302e-20
8,18,0.00034079754524236883,-1.0069414090161355e-19
8,19,0.00030859574975223637,-1.582087733310805e-19
8,20,0.0002819466926322191,-2.1443796738430427e-19
8,21,0.00025946587000986245,-9.722412299252403e-20
8,22,0.0002408556757603356,1.8274266847530955e-20
8,23,0.00022512186484223418,-1.8110692307420743e-20
8,24,0.0002121869753274224,2.749075269003958e-20
8,25,0.00020130763523689202,3.710669639935169e-22
8,26,0.00019254408430257686,-1.3455105598456217e-19
8,27,0.00018531808223025826,-1.0918358118518016e-19
8,28,0.00017978047498153223,-1.16418773617149e-19
8,29,0.00017546538955056333,-1.6323869047110118e-19
8,30,0.00017258901143033813,1.1545222163259458e-19
8,31,0.0001707657051069583,-1.586009505706695e-20
8,32,0.00017026589202325405,1.6483682095035743e-20
8,33,0.00017076570510695874,-2.8312236238143405e-20
8,34,0.00017258901143033835,-4.648403227733832e-20
8,35,0.00017546538955056311,-2.2683501770392454e-20
8,36,0.00017978047498153245,-7.89126958236162e-20
8,37,0.0001853180822302587,1.1196094256026413e-20
8,38,0.00019254408430257686,9.958942978394379e-20
8,39,0.0002013076352368918,1.4451963356540492e-19
8,40,0.0002121869753274224,-2.4214489063488446e-20
8,41,0.00022512186484223396,-8.5020456102447e-20
8,42,0.00024085567576033554,5.97570520729217e-20
8,43,0.0002594658700098624,-4.1284399097543115e-20
8,44,0.00028194669263221936,6.498994941642e-20
8,45,0.00030859574975223637,1.1969184928911635e-19
8,46,0.0003407975452423687,7.956576686314432e-20
8,47,0.0003792094920324459,1.8731298661362246e-20
8,48,0.00042583132281903886,9.192046006643887e-21
8,49,0.0004819070309646356,1.2754182605664786e-19
8,50,0.0005504016217831954,1.1614629359548735e-19
8,51,0.0006334791595740305,5.863166116602039e-20
8,52,0.0007355534396567538,2.1924290160989753e-19
8,53,0.0008600650096479499,1.1961631150457685e-19
8,54,0.001013298689428905,1.8274266847530955e-20
8,55,0.0011998185277288893,-1.8110692307420743e-20
8,56,0.0014271777066743934,-2.4214489063488446e-20
8,57,0.0016984641723241994,-2.928992921917189e-20
8,58,0.002017976975786853,1.5540981133717276e-19
8,59,0.002377770225740059,2.1808504871125674e-19
8,60,0.0027665961629488667,2.2964392509129273e-19
8,61,0.003146531403592081,4.174375261650178e-20
8,62,0.0034757987724216323,-1.698999559054473e-19
8,63,0.0036171411959749693,7.188838953637065e-21
9,0,0.0029023133810729337,-1.5349285341617572e-19
9,1,0.002746730348156184,-5.354317629807649e-19
9,2,0.0025429891124597124,-9.671306468651115e-19
9,3,0.0023428838635355023,-6.442546808841862e-19
9,4,0.0021054130844277174,-6.032468404742324e-19
9,5,0.0018591021327444082,-2.3415998079045787e-19
9,6,0.001617584542658073,7.404720485252619e-19
9,7,0.0013966994025823142,1.1614046974236941e-18
9,8,0.0011998185277288895,4.951988247267976e-20
9,9,0.0010304215105023124,-8.081857776275384e-19
9,10,0.0008857929025229414,-6.135059417070987e-19
9,11,0.000764646965975337,7.005672550815405e-21
9,12,0.0006629263208747191,-3.9628338442995216e-20
9,13,0.0005784960680579014,-1.1073318982867405e-19
9,14,0.0005078458976985327,1.9270086808324505e-19
9,15,0.0004492392173851714,6.93137568419776e-19
9,16,0.000400060945263987,6.851193457108901e-19
9,17,0.0003591522433367897,7.181769989555996e-19
9,18,0.00032465262057936733,1.2148262252619662e-18
9,19,0.00029586857815561336,1.6054648270232355e-18
9,20,0.00027148038272728053,1.6329201402771205e-18
9,21,0.00025111692605618493,1.0126725175678722e-18
9,22,0.0002338251730314042,1.0657327002709133e-18
9,23,0.00021944618594767185,1.8932411638514098e-18
9,24,0.0002072721763298008,1.8910677790953833e-18
9,25,0.00019728277582041953,1.0770503036317988e-18
9,26,0.00018893532344120589,1.0898981686599648e-18
9,27,0.00018230216070130574,9.146290382081461e-19
9,28,0.00017695411217605414,1.2188279168161362e-18
9,29,0.0001730293681574057,1.7603318308473706e-18
9,30,0.00017017953363588777,2.1989577273060116e-18
9,31,0.00016859468622775994,2.6822132077662356e-18
9,32,0.0001679873033061394,3.0170575933638986e-18
9,33,0.00016859468622776016,2.7307272816318172e-18
9,34,0.00017017953363588777,2.204160707654989e-18
9,35,0.00017302936815740593,1.6867799899596483e-18
9,36,0.00017695411217605436,1.1585816898147123e-18
9,37,0.00018230216070130585,9.58462408943597e-19
9,38,0.00018893532344120589,1.0657327002709133e-18
9,39,0.00019728277582041953,1.2156148060479693e-18
9,40,0.0002072721763298009,1.889497019887701e-18
9,41,0.00021944618594767163,2.2041067977457087e-18
9,42,0.00023382517303140404,1.070544023232445e-18
9,43,0.0002511169260561847,1.0471219570315077e-18
9,44,0.0002714803827272807,1.7333754688932549e-18
9,45,0.00029586857815561325,1.6468026647767899e-18
9,46,0.0003246526205793672,1.3485708384761981e-18
9,47,0.00035915224333678974,9.964865559108357e-19
9,48,0.000400060945263987,6.851193457108901e-19
9,49,0.0004492392173851712,9.350174334527005e-19
9,50,0.0005078458976985327,3.4746448727356266e-19
9,51,0.0005784960680579015,-1.2925864895357162e-19
9,52,0.0006629263208747193,1.1503709879741433e-19
9,53,0.000764646965975337,3.6890562330918235e-20
9,54,0.0008857929025229415,-5.605705584573435e-19
9,55,0.0010304215105023124,-8.172642673623515e-19
9,56,0.0011998185277288897,4.7949123264997743e-20
9,57,0.0013966994025823142,9.693920199776743e-19
9,58,0.001617584542658073,7.7660273709653725e-19
9,59,0.0018591021327444084,-1.857620603714745e-19
9,60,0.002105413084427718,-6.09282958851381e-19
9,61,0.0023428838635355023,-7.66363442142007e-19
9,62,0.0025429891124597124,-9.287365638679444e-19
9,63,0.0027467303481561846,-5.318031601292843e-19
10,0,0.0018649602556748816,-6.551058806900545e-19
10,1,0.0019266727909666931,-7.511765673630999e-19
10,2,0.001905288878894614,-9.27400050143805e-19
10,3,0.001785744641748467,-9.77747404710317e-19
10,4,0.0016382257381989044,-9.525530577094412e-19
10,5,0.0014746112113135366,-7.23680928371298e-19
10,6,0.0013118258822116696,-3.1864477691151056e-19
10,7,0.001155589036169043,3.963319625017947e-20
10,8,0.0010132986894289058,2.224119895204123e-19
10,9,0.0008857929025229401,1.9254042578538767e-19
10,10,0.0007748294552779193,-1.838590172454316e-19
10,11,0.0006786533979129015,-2.1503412611340693e-19
10,12,0.0005967508385908017,-3.630554873036111e-19
10,13,0.0005267743553273381,-4.0085239492309755e-19
10,14,0.0004677018942634761,-3.445648533210968e-19
10,15,0.00041744753275530096,-4.0077861974761994e-19
10,16,0.00037511925231710236,-2.575361431094046e-19
10,17,0.0003390895480991972,-2.2601614006543375e-19
10,18,0.0003087350972910919,-3.2431259169874305e-19
10,19,0.00028284201848567133,-2.3235841112653276e-19
10,20,0.00026102918244695573,-3.833469171545514e-19
10,21,0.000242397842766635,-3.8486774946957777e-19
10,22,0.00022674861131261547,-3.4574983122364817e-19
10,23,0.00021340828599681553,-2.0431229255905901e-19
10,24,0.00020230554982275813,-9.354767802075079e-20
10,25,0.00019292542965942098,7.544475036125225e-21
10,26,0.00018528595696781986,-1.4314917241664375e-19
10,27,0.00017898347755794563,-7.56022959843683e-20
10,28,0.00017410019711144897,1.6757285771425984e-19
10,29,0.00017031236755455671,5.601467355441019e-19
10,30,0.00016775163433009263,5.720521095386459e-19
10,31,0.00016615392728146704,6.258928860424049e-19
10,32,0.00016569349485325328,5.13099038100767e-19
10,33,0.00016615392728146737,5.701948303536086e-19
10,34,0.00016775163433009263,5.498254098676949e-19
10,35,0.00017031236755455682,4.046103652087011e-19
10,36,0.00017410019711144897,1.8585922340033844e-19
10,37,0.00017898347755794584,6.23656466806928e-20
10,38,0.00018528595696781986,-4.759423379013445e-20
10,39,0.00019292542965942088,-1.457691237409575e-20
10,40,0.00020230554982275813,-9.828183366999385e-20
10,41,0.00021340828599681537,-1.7009810383632197e-19
10,42,0.00022674861131261536,-2.8931245312960397e-19
10,43,0.00024239784276663487,-4.479180959645493e-19
10,44,0.00026102918244695584,-3.2232318406907883e-19
10,45,0.0002828420184856714,-1.7395381029493936e-19
10,46,0.00030873509729109177,-1.9415235525267902e-19
10,47,0.0003390895480991973,-9.455742910754166e-20
10,48,0.00037511925231710236,-2.575361431094046e-19
10,49,0.00041744753275530086,-3.344363573139842e-19
10,50,0.0004677018942634761,-2.158923744501926e-19
10,51,0.0005267743553273381,-3.407786283750832e-19
10,52,0.0005967508385908018,-2.7492669990600095e-19
10,53,0.0006786533979129015,-2.7644753222102733e-19
10,54,0.0007748294552779194,-2.048917947799684e-20
10,55,0.0008857929025229402,1.2094835918659232e-19
10,56,0.0010132986894289058,2.176778338711692e-19
10,57,0.0011555890361690433,-9.352237033560995e-20
10,58,0.0013118258822116696,-1.1318186346129094e-19
10,59,0.001474611211313537,-5.87349926093588e-19
10,60,0.0016382257381989044,-9.07161637711225e-19
10,61,0.001785744641748467,-1.1349529407621389e-18
10,62,0.001905288878894614,-9.48138992239596e-19
10,63,0.0019266727909666931,-8.772834460883281e-19
11,0,0.0016726344306267635,3.3303618878004075e-18
11,1,0.0015792471100654645,2.6552440887910107e-18
11,2,0.0014785088176155784,1.5201260700842892e-18
11,3,0.0013978178273000895,9.41916888276519e-19
11,4,0.0012978611446122935,6.500929283525547e-19
11,5,0.0011891913918455716,5.388681833302171e-19
11,6,0.0010753776687752476,2.9057592833704925e-19
11,7,0.0009649004402130612,-2.5112558475910433e-19
11,8,0.0008600650096479529,-6.3282845004862795e-19
11,9,0.000764646965975337,-6.119389311236228e-19
11,10,0.0006786533979129053,-6.750874482199853e-19
11,11,0.000603088857440583,-6.189355167625902e-19
11,12,0.000536781019364834,-5.299098391463504e-19
11,13,0.0004795604053874146,-4.983894333526305e-19
11,14,0.0004299811204799385,-5.639081237663226e-19
11,15,0.00038755807604217145,-3.636419243173073e-19
11,16,0.0003509832055562993,-2.442728090979291e-19
11,17,0.0003198008108330535,-3.1614749017707485e-19
11,18,0.0002929525165827248,-3.2301762314106834e-19
11,19,0.0002701090874374991,1.6250929737154977e-23
11,20,0.0002504498035457226,2.4351711367049053e-19
11,21,0.00023377446023877636,2.67817640208841e-19
11,22,0.00021945295805749122,-7.534230487680845e-20
11,23,0.00020739006514162506,-3.4285150262003443e-20
11,24,0.00019709870787014546,1.9540305422136407e-19
11,25,0.00018856295253508545,3.178833274253447e-19
11,26,0.00018140054272437457,5.283153562799339e-19
11,27,0.00017565483590637203,5.34612423953285e-19
11,28,0.00017102049558774285,3.816129091756865e-19
11,29,0.00016758682613859683,2.6443238399234617e-19
11,30,0.00016510619269999088,5.061535467693254e-19
11,31,0.00016370641693841555,9.132715982398582e-19
11,32,0.00016318517091015977,1.0743309496211852e-18
11,33,0.00016370641693841566,8.459817134558252e-19
11,34,0.00016510619269999088,4.630289519109224e-19
11,35,0.00016758682613859683,2.5073800331701006e-19
11,36,0.00017102049558774296,3.790423852311786e-19
11,37,0.00017565483590637214,5.388681833302171e-19
11,38,0.00018140054272437463,5.88731525770563e-19
11,39,0.0001885629525350855,3.451856101079231e-19
11,40,0.0001970987078701454,2.0729835321227551e-19
11,41,0.0002073900651416249,-5.5030944587291e-20
11,42,0.00021945295805749111,-7.024082213777799e-20
11,43,0.00023377446023877639,2.2955529681780624e-19
11,44,0.00025044980354572266,3.393177086838912e-19
11,45,0.00027010908743749923,1.1503180817659743e-19
11,46,0.0002929525165827248,-2.1598485981362108e-19
11,47,0.00031980081083305344,-2.508883585384125e-19
11,48,0.0003509832055562993,-2.442728090979291e-19
11,49,0.0003875580760421714,-3.1614749017707485e-19
11,50,0.0004299811204799385,-4.314378403896188e-19
11,51,0.0004795604053874147,-4.336646180644646e-19
11,52,0.000536781019364834,-4.0700418982081213e-19
11,53,0.000603088857440583,-5.995440977795625e-19
11,54,0.0006786533979129053,-6.716534997438359e-19
11,55,0.0007646469659753368,-6.305963451290309e-19
11,56,0.0008600650096479529,-6.209331510577165e-19
11,57,0.0009649004402130612,-2.2591168239640545e-19
11,58,0.0010753776687752476,3.5265963209055947e-19
11,59,0.0011891913918455719,5.938903975816373e-19
11,60,0.0012978611446122935,6.746274587201844e-19
11,61,0.0013978178273000895,8.700930323113271e-19
11,62,0.0014785088176155784,1.5057740638009048e-18
11,63,0.0015792471100654648,2.5650613200372016e-18
12,0,0.001101295394001589,-8.046646660815257e-19
12,1,0.0011547195581775413,-7.314267484982229e-19
12,2,0.0011640098381489729,-5.531771733374871e-19
12,3,0.0011136411150551445,-3.1148395707208798e-19
12,4,0.0010486647323054371,-1.295141264204426e-19
12,5,0.0009723567653795097,-4.662044703355703e-20
12,6,0.0008930108604768218,1.6066677439917905e-20
12,7,0.0008125412873249561,6.869384026478964e-20
12,8,0.0007355534396567557,1.616717233273744e-19
12,9,0.0006629263208747182,2.2030947769653705e-19
12,10,0.0005967508385908051,1.7481573482537913e-19
12,11,0.0005367810193648326,1.977618021070189e-19
12,12,0.00048365281823142857,1.4884541954547911e-19
12,13,0.00043655586016343883,1.209490154786966e-19
12,14,0.0003954772328426191,2.040914830433571e-20
12,15,0.0003594774486801498,-6.227098691452337e-20
12,16,0.0003283408194705021,-2.0577027535318713e-21
12,17,0.00030120745604104787,-4.194192943322238e-20
12,18,0.000277854597525401,-1.4464218883752045e-20
12,19,0.00025756632083849085,-1.3328359638574256e-20
12,20,0.000240178932858454,-4.1422699905995363e-20
12,21,0.0002251191820208194,7.58966159071819e-21
12,22,0.00021229343000962031,1.6066677439917905e-20
12,23,0.00020124788673799688,1.4483731640514418e-20
12,24,0.00019195106084952425,9.623433359815243e-20
12,25,0.00018404260270547124,9.421126535373969e-20
12,26,0.0001775415601285806,1.0725838142892035e-19
12,27,0.0001721588784124471,1.5717647154882967e-19
12,28,0.0001679543121854157,1.7906150874208642e-19
12,29,0.00016469330660687394,1.8469507180596676e-19
12,30,0.00016246979891430054,2.3908357054159585e-19
12,31,0.00016109195967554122,1.9294362739372883e-19
12,32,0.00016068487226449037,2.168755990296846e-19
12,33,0.00016109195967554122,2.0030949348150751e-19
12,34,0.00016246979891430054,1.9898808382433164e-19
12,35,0.00016469330660687394,1.7640702054638902e-19
12,36,0.00016795431218541586,1.5508894385700232e-19
12,37,0.00017215887841244716,1.7021998746354385e-19
12,38,0.00017754156012858048,1.7869700331274357e-19
12,39,0.00018404260270547124,1.7711405751334008e-19
12,40,0.0001919510608495243,8.910266201135669e-20
12,41,0.0002012478867379969,7.752160606651776e-20
12,42,0.00021229343000962034,4.7576808505219386e-20
12,43,0.00022511918202081937,5.834135768720464e-21
12,44,0.00024017893285845407,3.935972376390627e-20
12,45,0.0002575663208384909,4.082174047363974e-20
12,46,0.000277854597525401,5.960643944251007e-20
12,47,0.0003012074560410479,9.14075467704951e-20
12,48,0.0003283408194705021,-2.0577027535318713e-21
12,49,0.00035947744868014976,6.647828781532806e-20
12,50,0.0003954772328426191,9.39559983647984e-20
12,51,0.0004365558601634389,1.493019662342514e-19
12,52,0.0004836528182314287,2.2962784321538077e-19
12,53,0.0005367810193648326,2.244300960878191e-19
12,54,0.0005967508385908051,2.3290711193701877e-19
12,55,0.0006629263208747182,2.313241661376153e-19
12,56,0.0007355534396567558,1.5454005174057865e-19
12,57,0.0008125412873249561,9.519960116076466e-20
12,58,0.0008930108604768219,1.1513416190167816e-19
12,59,0.0009723567653795097,-7.7906422973655e-21
12,60,0.0010486647323054374,-1.534866913055267e-19
12,61,0.0011136411150551445,-3.4818496759928177e-19
12,62,0.0011640098381489729,-5.927488517889518e-19
12,63,0.0011547195581775413,-7.330132080926469e-19
13,0,0.0010693410904871314,2.456899804603042e-18
13,1,0.0010049509216723735,1.956032123529093e-18
13,2,0.0009449475268265748,1.2004582814189563e-18
13,3,0.0009075444197229265,7.959915804713417e-19
13,4,0.0008601855778505349,6.716509347158651e-19
13,5,0.0008075626748327005,6.48109170024741e-19
13,6,0.0007497737833520038,5.618499030780483e-19
13,7,0.0006914535011832861,4.470098495459825e-19
13,8,0.000633479159574033,3.6125731313492286e-19
13,9,0.0005784960680579004,3.1582915156463043e-19
13,10,0.0005267743553273416,2.3683582851645573e-19
13,11,0.0004795604053874149,4.584773031292685e-19
13,12,0.0004365558601634403,5.0648953627267095e-19
13,13,0.0003981976122676705,4.857520521900971e-19
13,14,0.0003639070337584856,1.868282862816329e-19
13,15,0.00033374158665544463,-8.165102910426764e-20
13,16,0.000307062096232015,-3.073442745674279e-19
13,17,0.00028379172641529676,-2.818289231167685e-19
13,18,0.0002633412155545661,-8.703179840758023e-20
13,19,0.0002456152772345016,1.8612785844824542e-19
13,20,0.00023011215961864912,3.1928522865807617e-19
13,21,0.00021676313635436462,2.8219093681088327e-19
13,22,0.00020515570508989586,3.33013439913649e-20
13,23,0.00019525978446381084,1.332898055178075e-20
13,24,0.0001867403158252296,-3.3692271291530986e-20
13,25,0.00017960502105916396,-1.53936170787543e-19
13,26,0.00017358168467169002,-6.537169259998624e-20
13,27,0.00016871134474123327,-3.610747709642967e-21
13,28,0.00016477155988816938,-7.358377498830323e-20
13,29,0.00016183242457301763,1.0634250826276555e-19
13,30,0.00015971106467627203,1.8428717403940748e-19
13,31,0.00015850404010956954,-4.6988586200757285e-20
13,32,0.00015806083688164928,-2.281922822745622e-19
13,33,0.0001585040401095696,-1.0734013598238253e-19
13,34,0.00015971106467627209,1.7046621755772712e-19
13,35,0.00016183242457301758,9.126016835576383e-20
13,36,0.00016477155988816944,-8.729058602398795e-20
13,37,0.00016871134474123333,-2.9517187778699255e-20
13,38,0.00017358168467169002,-7.356237476841541e-21
13,39,0.00017960502105916401,-9.509123669676969e-20
13,40,0.00018674031582522957,-3.223721921438643e-20
13,41,0.00019525978446381084,4.386542045516546e-21
13,42,0.00020515570508989586,3.25862314966409e-20
13,43,0.00021676313635436454,2.255156648668696e-19
13,44,0.00023011215961864912,3.8957893700878864e-19
13,45,0.0002456152772345016,1.5565779749119969e-19
13,46,0.0002633412155545661,-2.2547239505738428e-20
13,47,0.00028379172641529676,-2.726871396544363e-19
13,48,0.000307062096232015,-3.073442745674279e-19
13,49,0.00033374158665544463,-6.49884886196676e-20
13,50,0.0003639070337584856,2.382288533380711e-19
13,51,0.0003981976122676705,4.571784015696216e-19
13,52,0.0004365558601634403,5.903357717794523e-19
13,53,0.00047956040538741485,3.906111540594337e-19
13,54,0.0005267743553273416,2.5014177848846576e-19
13,55,0.0005784960680579004,2.8437952367315686e-19
13,56,0.000633479159574033,3.627123652120674e-19
13,57,0.0006914535011832862,4.741518643976899e-19
13,58,0.0007497737833520038,6.329493500465966e-19
13,59,0.0008075626748327006,6.062885527693682e-19
13,60,0.0008601855778505349,6.714966508362492e-19
13,61,0.0009075444197229265,7.790128302277699e-19
13,62,0.0009449475268265748,1.172616262470542e-18
13,63,0.0010049509216723735,1.8949360803032344e-18
14,0,0.0007114508143911695,-4.5199933146392684e-18
14,1,0.0007560096283766337,-3.6486517696551995e-18
14,2,0.0007731310662992179,-2.160526773175902e-18
14,3,0.0007494864441675829,-1.1939347610082237e-18
14,4,0.0007179123157092561,-6.775818352417679e-19
14,5,0.0006790381843366092,-3.9501134076002137e-19
14,6,0.0006375740326244903,-2.6069849610688905e-19
14,7,0.0005937634982884305,-2.2243794068929784e-19
14,8,0.0005504016217831966,-9.190342955418802e-20
14,9,0.0005078458976985301,1.7907268154857248e-19
14,10,0.0004677018942634767,4.482136384980816e-19
14,11,0.00042998112047993654,5.979072985855695e-19
14,12,0.000395477232842618,6.538461614638131e-19
14,13,0.0003639070337584849,7.070861879933625e-19
14,14,0.0003355904137067547,8.62703116186401e-19
14,15,0.00031010175140973025,1.0652834573996628e-18
14,16,0.0002875281790636831,1.2276280059817949e-18
14,17,0.0002674171510343576,1.1692716343272608e-18
14,18,0.00024976442676832064,8.176410693702182e-19
14,19,0.00023415104951226738,4.865786063443081e-19
14,20,0.0002205526536261705,2.236612206368077e-19
14,21,0.00020860614520093625,2.419574355752125e-19
14,22,0.00019829797624269161,2.4074500866765675e-19
14,23,0.00018932308709207376,1.2992776536849112e-19
14,24,0.00018168957606036742,5.252387706032471e-20
14,25,0.00017514423293799,3.552516262002819e-20
14,26,0.0001697188961960417,2.3258684906416056e-20
14,27,0.00016520381399176846,2.3959701908842437e-20
14,28,0.00016165366554303094,2.5670530953917e-19
14,29,0.00015889431749514142,5.211950441844152e-19
14,30,0.00015700207275007674,5.112131195394111e-19
14,31,0.00015583215470489972,2.0823996838037828e-19
14,32,0.00015548213206737085,6.481477271548238e-20
14,33,0.00015583215470489972,2.2059473340244443e-19
14,34,0.0001570020727500768,4.889922858355497e-19
14,35,0.00015889431749514142,5.001311335003769e-19
14,36,0.00016165366554303094,2.304374842148421e-19
14,37,0.00016520381399176852,6.577458254631802e-20
14,38,0.0001697188961960417,3.745710132662467e-20
14,39,0.00017514423293799004,4.861260243207829e-20
14,40,0.0001816895760603674,4.8336814937976905e-20
14,41,0.00018932308709207374,1.4685697426592266e-19
14,42,0.0001982979762426916,2.6329389016048134e-19
14,43,0.0002086061452009362,2.6549103100733393e-19
14,44,0.0002205526536261705,2.6781473027221045e-19
14,45,0.00023415104951226743,5.373771719075578e-19
14,46,0.00024976442676832064,8.806237894726652e-19
14,47,0.0002674171510343576,1.1803346482669392e-18
14,48,0.0002875281790636831,1.2276280059817949e-18
14,49,0.00031010175140973025,1.0608514170787104e-18
14,50,0.0003355904137067547,9.260612866187686e-19
14,51,0.00036390703375848495,7.576291494656842e-19
14,52,0.000395477232842618,7.115521982552847e-19
14,53,0.0004299811204799365,6.214281959451391e-19
14,54,0.00046770189426347664,4.8469049747689525e-19
14,55,0.0005078458976985301,1.8413787399276634e-19
14,56,0.0005504016217831965,-9.609049167653583e-20
14,57,0.0005937634982884305,-2.2459153873614765e-19
14,58,0.0006375740326244903,-2.333230028605319e-19
14,59,0.0006790381843366092,-3.5318376204999397e-19
14,60,0.0007179123157092561,-6.90297133410027e-19
14,61,0.0007494864441675829,-1.214743067601334e-18
14,62,0.000773131066299218,-2.1831230572096834e-18
14,63,0.0007560096283766337,-3.654683268262674e-18
15,0,0.0007399717251424104,-1.933261481213845e-17
15,1,0.0006914913126828938,-1.3157302665095891e-17
15,2,0.0006507571936851269,-4.9612884602223654e-18
15,3,0.0006314239007382614,-1.3285983846641014e-18
15,4,0.000606738708696658,2.413219615372148e-19
15,5,0.0005792067655399468,1.0257611709961366e-18
15,6,0.0005478161844321115,1.5104745877113403e-18
15,7,0.0005153507467241659,1.921015318362086e-18
15,8,0.00048190703096463315,2.4758067748856435e-18
15,9,0.0004492392173851694,2.9643181667196573e-18
15,10,0.0004174475327553043,2.7892163743650618e-18
15,11,0.0003875580760421714,1.636694094655009e-18
15,12,0.00035947744868015,1.0733230937590358e-19
15,13,0.0003337415866554428,-5.143470361139546e-19
15,14,0.0003101017514097276,-7.832464032215479e-19
15,15,0.00028880402364005024,-2.044293916735753e-18
15,16,0.0002695267843217073,-3.3739634267654985e-18
15,17,0.0002523673613225604,-3.494350802818833e-18
15,18,0.00023699400094975056,-2.6438063165345997e-18
15,19,0.00022344037233238936,-1.2913289349849121e-18
15,20,0.00021139866870936545,-2.60121543237331e-19
15,21,0.0002008842639592934,1.9228075089790503e-19
15,22,0.00019162665037572254,2.9074714366514777e-19
15,23,0.00018364451213796214,-2.7449408092106065e-19
15,24,0.00017670646473524974,-9.838717948599597e-19
15,25,0.00017084354334918387,-1.855315964041858e-18
15,26,0.00016586014076693545,-2.969156692991326e-18
15,27,0.0001618027888595124,-3.089707926088554e-18
15,28,0.0001585067164236681,-2.7287294124424255e-18
15,29,0.000156034810886234,-1.727743417963745e-18
15,30,0.00015424834608719417,-7.167466996254963e-19
15,31,0.00015322696985645135,-1.1163594552843597e-18
15,32,0.00015285409239267365,-1.6612038368402006e-18
15,33,0.00015322696985645135,-1.1260466822958094e-18
15,34,0.00015424834608719423,-7.057949332167605e-19
15,35,0.00015603481088623396,-1.7148454086120623e-18
15,36,0.0001585067164236681,-2.7266814856418534e-18
15,37,0.00016180278885951244,-3.0671020301366427e-18
15,38,0.00016586014076693548,-2.934754319479228e-18
15,39,0.0001708435433491839,-1.846587231025042e-18
15,40,0.00017670646473524974,-9.822551562607765e-19
15,41,0.00018364451213796214,-2.6334464512900545e-19
15,42,0.00019162665037572254,3.1317643580884385e-19
15,43,0.0002008842639592934,1.8327715180876265e-19
15,44,0.00021139866870936548,-2.277758447465358e-19
15,45,0.0002234403723323894,-1.2834840706482436e-18
15,46,0.00023699400094975056,-2.6068839561832072e-18
15,47,0.0002523673613225604,-3.483441268039257e-18
15,48,0.0002695267843217073,-3.3739634267654985e-18
15,49,0.00028880402364005024,-2.030677869963402e-18
15,50,0.0003101017514097276,-7.464525146849669e-19
15,51,0.00033374158665544284,-5.32387414245059e-19
15,52,0.00035947744868015,1.4645427144473318e-19
15,53,0.0003875580760421714,1.6288486294411984e-18
15,54,0.0004174475327553043,2.8115171946939454e-18
15,55,0.0004492392173851694,2.9781124365354526e-18
15,56,0.00048190703096463315,2.477423413484827e-18
15,57,0.0005153507467241659,1.9270992173551615e-18
15,58,0.0005478161844321116,1.5450054330382505e-18
15,59,0.0005792067655399469,1.047208933072716e-18
15,60,0.000606738708696658,2.5014615191582097e-19
15,61,0.0006314239007382614,-1.3440252414689209e-18
15,62,0.000650757193685127,-4.950208221998818e-18
15,63,0.0006914913126828938,-1.3169696404100114e-17
16,0,0.0004934728101311902,0.0
16,1,0.0005309698084604011,1.2528121637951417e-22
16,2,0.0005493368439596468,6.580835742973889e-21
16,3,0.0005373331844111226,2.195135728921924e-20
16,4,0.0005207798927467037,1.3552527156068805e-20
16,5,0.0004994501923318635,-6.386756108744179e-24
16,6,0.00047642232307190305,-1.3392248841615361e-20
16,7,0.0004512836219399905,-3.3874271956061944e-21
16,8,0.00042583132281903766,1.769537335694825e-21
16,9,0.00040006094526398453,9.837292574793087e-21
16,10,0.00037511925231710204,-2.5952951221348537e-21
16,11,0.00035098320555629797,1.57234992360994e-21
16,12,0.0003283408194705014,-1.6085074476774102e-20
16,13,0.0003070620962320127,1.0407115765561571e-20
16,14,0.00028752817906368017,-1.9678376269832675e-20
16,15,0.0002695267843217063,-1.8208610594452375e-20
16,16,0.0002532546656797149,0.0
16,17,0.00023846281073902146,1.1983742477939719e-20
16,18,0.000225249496443251,-1.374795499112932e-20
16,19,0.000213363963587916,-1.5318092389969974e-20
16,20,0.00020285920716668843,-2.710505431213761e-20
16,21,0.0001935023290190393,1.354614039996006e-20
16,22,0.0001853308578704751,-1.3392248841615361e-20
16,23,0.0001781378231673094,-1.6939954351675e-20
16,24,0.00017196065029198007,1.769537335694825e-21
16,25,0.00016661962387577733,7.752339445726155e-21
16,26,0.00016215941160325012,-1.747123864679389e-20
16,27,0.00015842566437464781,-1.836657434632979e-20
16,28,0.00015547364005037622,-1.2134739774086598e-20
16,29,0.0001531713553773451,4.3838222814400304e-21
16,30,0.00015158631250240768,-3.0748218662519845e-22
16,31,0.00015060587831251766,-4.150413721469493e-21
16,32,0.00015031100929513875,0.0
16,33,0.00015060587831251766,3.5134130053967155e-21
16,34,0.00015158631250240768,-6.971691413094917e-21
16,35,0.00015317135537734508,-1.8706224178987175e-20
16,36,0.00015547364005037625,-1.3552527156068805e-20
16,37,0.00015842566437464787,-6.386756108744179e-24
16,38,0.00016215941160325006,1.371280547052225e-20
16,39,0.00016661962387577733,1.0165099960462611e-20
16,40,0.00017196065029198007,-1.769537335694825e-21
16,41,0.0001781378231673094,-1.0006321937306189e-20
16,42,0.00018533085787047503,-3.790112785778521e-21
16,43,0.0001935023290190393,-8.12408175261328e-21
16,44,0.00020285920716668848,9.308810898739701e-21
16,45,0.000213363963587916,-7.08774353457281e-21
16,46,0.000225249496443251,1.9357819640925787e-20
16,47,0.00023846281073902143,1.9819734231893035e-20
16,48,0.0002532546656797149,0.0
16,49,0.0002695267843217063,-1.5121311834197893e-20
16,50,0.00028752817906368017,1.3357099321008292e-20
16,51,0.0003070620962320127,1.1786961922167637e-20
16,52,0.00032834081947050143,2.710505431213761e-20
16,53,0.00035098320555629797,-1.355891391217755e-20
16,54,0.00037511925231710204,1.371280547052225e-20
16,55,0.00040006094526398453,1.0165099960462611e-20
16,56,0.00042583132281903766,-1.769537335694825e-21
16,57,0.0004512836219399905,-7.921368808239256e-21
16,58,0.0004764223230719031,2.463835789494932e-20
16,59,0.0004994501923318636,2.5367369673395256e-20
16,60,0.0005207798927467037,1.8911003352121e-20
16,61,0.0005373331844111226,-7.840713628485671e-21
16,62,0.0005493368439596468,-1.3074442281689728e-23
16,63,0.0005309698084604011,2.3734055698929515e-21
17,0,0.000545712004336102,-2.4005856443186054e-18
17,1,0.0005069231082426094,-5.350513610024534e-19
17,2,0.0004765783479154769,2.338800259612317e-18
17,3,0.0004656577333694363,3.871870235160432e-18
17,4,0.00045173713406189403,3.91885092422513e-18
17,5,0.00043638820045594347,3.994234249351609e-18
17,6,0.00041829703780489803,4.027731104665012e-18
17,7,0.00039932469452267743,2.791918167589525e-18
17,8,0.0003792094920324454,1.679186138376047e-18
17,9,0.0003591522433367912,1.6425607978457735e-18
17,10,0.00033908954809920105,1.645686148553672e-18
17,11,0.0003198008108330554,1.9819632554901604e-18
17,12,0.0003012074560410476,2.9324817454401363e-18
17,13,0.0002837917264152969,2.991961210406373e-18
17,14,0.00026741715103435537,1.8435124872766084e-18
17,15,0.00025236736132255784,4.1089450177425367e-19
17,16,0.0002384628107390183,-9.134187592680126e-19
17,17,0.00022586572488067188,-1.2609585967993888e-18
17,18,0.00021437901343448757,-3.6154077623439265e-19
17,19,0.00020409768879066907,5.311722911894716e-19
17,20,0.00019482699290982347,1.0897608803957668e-18
17,21,0.00018662913582988543,8.432716855656116e-19
17,22,0.00017932313860473034,7.547957964743955e-19
17,23,0.0001729585900849984,1.3146927075780254e-18
17,24,0.00016737317153589645,1.297789081105662e-18
17,25,0.00016261498696715568,-1.4752939920537556e-19
17,26,0.00015854125423992677,-1.3015085206874628e-18
17,27,0.0001552045084657562,-7.177182070938047e-19
17,28,0.00015248036203813399,-2.3732366621447566e-19
17,29,0.0001504289607249863,-8.641781246998462e-19
17,30,0.00014894239865332042,-1.3474519242412881e-18
17,31,0.00014809036676797748,-1.5394791763637864e-18
17,32,0.00014777943242749129,-1.8433506212084658e-18
17,33,0.0001480903667679775,-1.5481027659185966e-18
17,34,0.00014894239865332045,-1.3542633904164326e-18
17,35,0.0001504289607249863,-8.850667966197188e-19
17,36,0.00015248036203813399,-2.282223855319245e-19
17,37,0.00015520450846575625,-7.084926738042666e-19
17,38,0.0001585412542399268,-1.2848595405139597e-18
17,39,0.00016261498696715568,-1.2187517096526799e-19
17,40,0.00016737317153589645,1.3024877562192633e-18
17,41,0.0001729585900849984,1.330616358534527e-18
17,42,0.0001793231386047303,7.515255934202952e-19
17,43,0.00018662913582988543,8.153716331913206e-19
17,44,0.00019482699290982347,1.1139006310998754e-18
17,45,0.00020409768879066907,5.467350293546334e-19
17,46,0.00021437901343448757,-3.423558999529315e-19
17,47,0.00022586572488067188,-1.2285420120005018e-18
17,48,0.0002384628107390183,-9.134187592680126e-19
17,49,0.00025236736132255784,4.4665982486528065e-19
17,50,0.00026741715103435537,1.8610736773608914e-18
17,51,0.0002837917264152969,2.997732233593994e-18
17,52,0.0003012074560410476,2.960009627933262e-18
17,53,0.0003198008108330554,1.9545789123632536e-18
17,54,0.000339089548099201,1.6492625887749367e-18
17,55,0.0003591522433367912,1.6535058864797455e-18
17,56,0.0003792094920324454,1.6838848134896483e-18
17,57,0.00039932469452267743,2.8089984309960935e-18
17,58,0.0004182970378048981,4.051085968719219e-18
17,59,0.0004363882004559435,4.0029440733937626e-18
17,60,0.00045173713406189403,3.931340336696699e-18
17,61,0.0004656577333694363,3.840444487483997e-18
17,62,0.0004765783479154769,2.3302243478453334e-18
17,63,0.0005069231082426094,-5.436355570603866e-19
18,0,0.00036317775135875983,-3.382961378207857e-18
18,1,0.0003953744864813176,-2.4953966857324395e-18
18,2,0.00041306102469018983,-9.886458332166487e-19
18,3,0.0004066199231250948,-9.962880527605338e-20
18,4,0.00039741703639270087,2.0094326506911e-19
18,5,0.0003849513560788578,2.281665850905798e-19
18,6,0.00037147465394357865,1.600182416804328e-19
18,7,0.0003563394766632021,2.1215169281043684e-19
18,8,0.0003407975452423673,4.687297427683312e-19
18,9,0.00032465262057936603,7.085878587286406e-19
18,10,0.0003087350972910916,6.85130805827722e-19
18,11,0.0002929525165827257,3.2459149290338515e-19
18,12,0.000277854597525401,-2.301466674318193e-19
18,13,0.00026334121555456926,-5.807921075941544e-19
18,14,0.00024976442676832053,-6.154082557656204e-19
18,15,0.00023699400094975254,-2.6639838875202843e-19
18,16,0.0002252494964432536,2.5107716348130215e-19
18,17,0.00021437901343448996,3.142116003100748e-19
18,18,0.00020451969701423367,-3.3192668713797834e-20
18,19,0.0001955123849116699,-1.0979320064310498e-19
18,20,0.00018744711036745995,4.431621306112318e-21
18,21,0.00018016886972938186,-9.031780307703714e-20
18,22,0.00017374354903252582,-3.7869471277330222e-19
18,23,0.00016802703042934587,-5.501779597184335e-19
18,24,0.00016307509081298077,-5.310341224283113e-19
18,25,0.0001587574256346092,-4.531289829944263e-19
18,26,0.00015512793206660567,-4.491499931545326e-19
18,27,0.00015207063019421335,-4.0950723512973297e-19
18,28,0.00014964229904719848,-5.824289918728032e-20
18,29,0.00014774050891053846,4.639731005336991e-19
18,30,0.0001464277829161916,8.050815307202996e-19
18,31,0.00014561391661903903,9.833925831576287e-19
18,32,0.00014536911385951308,1.0862619662122791e-18
18,33,0.00014561391661903903,9.892968592717521e-19
18,34,0.0001464277829161916,8.070640149624681e-19
18,35,0.00014774050891053843,4.560248081227676e-19
18,36,0.0001496422990471985,-6.333101447423171e-20
18,37,0.0001520706301942134,-3.9524966408858524e-19
18,38,0.0001551279320666057,-4.2274042603052584e-19
18,39,0.0001587574256346092,-4.24817083524797e-19
18,40,0.00016307509081298077,-5.277722439059334e-19
18,41,0.00016802703042934587,-5.415129047141131e-19
18,42,0.0001737435490325258,-3.753244625772778e-19
18,43,0.00018016886972938183,-9.819471516287039e-20
18,44,0.00018744711036745995,1.8781343757925858e-20
18,45,0.00019551238491166993,-1.194559844760109e-19
18,46,0.00020451969701423367,-2.1943032854743464e-20
18,47,0.00021437901343448999,3.2842258606197474e-19
18,48,0.0002252494964432536,2.5107716348130215e-19
18,49,0.00023699400094975257,-2.5499454024481503e-19
18,50,0.00024976442676832053,-6.023988092686877e-19
18,51,0.00026334121555456926,-5.97684178261582e-19
18,52,0.000277854597525401,-2.1240881319098857e-19
18,53,0.0002929525165827256,3.1625801160502705e-19
18,54,0.0003087350972910916,6.919549325561334e-19
18,55,0.00032465262057936603,7.102070657959654e-19
18,56,0.0003407975452423673,4.719916212907089e-19
18,57,0.0003563394766632021,2.339569130609929e-19
18,58,0.00037147465394357865,1.8975019585008695e-19
18,59,0.00038495135607885783,2.428807253442524e-19
18,60,0.0003974170363927009,1.992432815711758e-19
18,61,0.0004066199231250948,-1.1390033800853188e-19
18,62,0.00041306102469018983,-9.850350278233414e-19
18,63,0.0003953744864813176,-2.4917674700571556e-18
19,0,0.0004244906157818304,-7.845014695998202e-19
19,1,0.00039201879740578723,-7.616438572394147e-19
19,2,0.00036782937060326207,-7.804236758160444e-19
19,3,0.00036117544228455884,-6.939079407876479e-19
19,4,0.00035277810416112926,-5.459278520637118e-19
19,5,0.00034375820424469586,-5.17061007274322e-19
19,6,0.00033277131548306,-5.814688759240274e-19
19,7,0.0003211873358647311,-6.2681616426438775e-19
19,8,0.00030859574975223344,-5.503923992474426e-19
19,9,0.0002958685781556116,-2.940037069224169e-19
19,10,0.0002828420184856714,-8.465710400223578e-20
19,11,0.0002701090874374998,-4.435771333422431e-20
19,12,0.0002575663208384895,-3.890817147122352e-20
19,13,0.00024561527723450204,-2.8168344862165714e-20
19,14,0.00023415104951226488,-1.6323810497436114e-20
19,15,0.0002234403723323904,-7.085881692114677e-20
19,16,0.00021336396358791654,-2.8913586260035465e-19
19,17,0.0002040976887906693,-4.0843111823437142e-19
19,18,0.0001955123849116701,-2.85756434619533e-19
19,19,0.00018772642861926837,-2.1618135853622253e-19
19,20,0.00018060887708341606,-1.0885885128049285e-19
19,21,0.00017424430184581223,4.536886970253344e-20
19,22,0.00016850655358738206,-1.903899894717194e-20
19,23,0.00016346216988444875,-2.0329969063723758e-19
19,24,0.00015899373088932773,-2.6434460629465385e-19
19,25,0.0001551597561108557,-8.581951383870863e-20
19,26,0.00015185326137933988,2.60041128867458e-20
19,27,0.00014913094234891134,1.4970712783129418e-19
19,28,0.00014689647432278893,2.7652952138456624e-19
19,29,0.00014520857136491108,1.395517555922491e-20
19,30,0.00014398094980716148,-1.3237097444013246e-19
19,31,0.0001432768395063164,-1.2241932682059336e-19
19,32,0.00014301895786575944,-1.4339310186213744e-19
19,33,0.00014327683950631642,-1.2975727858770661e-19
19,34,0.0001439809498071615,-1.3667863590277613e-19
19,35,0.00014520857136491108,1.759973490596436e-20
19,36,0.00014689647432278893,2.740000408784509e-19
19,37,0.00014913094234891134,1.4701282337304947e-19
19,38,0.0001518532613793399,3.517110967710328e-20
19,39,0.0001551597561108557,-8.471507802163553e-20
19,40,0.00015899373088932773,-2.661694537624932e-19
19,41,0.00016346216988444875,-1.8762232434793697e-19
19,42,0.00016850655358738203,-1.4319269562326456e-20
19,43,0.00017424430184581223,3.97877216230231e-20
19,44,0.00018060887708341608,-1.0088249994236655e-19
19,45,0.00018772642861926837,-2.0978372560161036e-19
19,46,0.0001955123849116701,-2.8574458498267105e-19
19,47,0.0002040976887906693,-3.96633453205104e-19
19,48,0.00021336396358791654,-2.8913586260035465e-19
19,49,0.0002234403723323904,-5.606541217658248e-20
19,50,0.00023415104951226488,-1.470589149815688e-20
19,51,0.00024561527723450204,-2.6445978351259257e-20
19,52,0.00025756632083848954,-2.7543688344080013e-20
19,53,0.0002701090874374998,-4.9498820389948196e-20
19,54,0.0002828420184856714,-7.324910757144716e-20
19,55,0.0002958685781556116,-2.846148535736504e-19
19,56,0.00030859574975223344,-5.52217246715282e-19
19,57,0.0003211873358647311,-6.329757426628493e-19
19,58,0.0003327713154830601,-5.654376190235442e-19
19,59,0.00034375820424469586,-5.201953527563532e-19
19,60,0.00035277810416112926,-5.4506920078081e-19
19,61,0.00036117544228455884,-6.957525103842544e-19
19,62,0.0003678293706032621,-7.82949274852088e-19
19,63,0.0003920187974057873,-7.66895351038299e-19
20,0,0.00028139896635345736,-2.243049123447794e-18
20,1,0.00030967411182576546,-2.1270646143410437e-18
20,2,0.0003262246674643214,-1.7768125162555445e-18
20,3,0.000322640285048209,-1.3417397816896201e-18
20,4,0.0003172852632113279,-9.572531095157662e-19
20,5,0.0003095840044656855,-6.457316482664102e-19
20,6,0.0003013269554652844,-4.1129093433958206e-19
20,7,0.00029180011444592614,-2.5359048863725615e-19
20,8,0.0002819466926322179,-1.6010467934131417e-19
20,9,0.00027148038272727944,-1.2076547106866396e-19
20,10,0.0002610291824469555,-1.0339837085151417e-19
20,11,0.00025044980354572364,-9.431884863085705e-20
20,12,0.00024017893285845437,-1.2171114486444359e-19
20,13,0.00023011215961865153,-1.3180704156779865e-19
20,14,0.00022055265362616968,-1.4603757247229213e-19
20,15,0.00021139866870936724,-1.2299428999697577e-19
20,16,0.000202859207166688,-5.071609771685123e-20
20,17,0.00019482699290982418,4.2610280050846497e-20
20,18,0.0001874471103674599,1.3070568096113997e-19
20,19,0.00018060887708341527,2.100245776802581e-19
20,20,0.00017441627884412546,2.336752143237801e-19
20,21,0.00016875969336805716,2.605936052956912e-19
20,22,0.00016371833596823433,2.561710280968066e-19
20,23,0.00015918738074465686,2.6479367508237566e-19
20,24,0.00015523239413536147,2.8392294738205614e-19
20,25,0.00015175559747919424,2.963474121790667e-19
20,26,0.00014881622421439382,2.752348004454487e-19
20,27,0.00014632446804697943,2.4522566670641865e-19
20,28,0.0001443379710031684,1.7608559563969783e-19
20,29,0.00014277489285872107,1.1219014619696386e-19
20,30,0.00014169439379682332,1.8694989515494956e-20
20,31,0.00014102201350215738,-3.454659771464082e-20
20,32,0.00014082056138583257,-5.897466895258066e-20
20,33,0.0001410220135021574,-3.489323462292189e-20
20,34,0.00014169439379682335,1.889733192357223e-20
20,35,0.00014277489285872104,9.143996506465605e-20
20,36,0.0001443379710031684,1.7438290801597908e-19
20,37,0.00014632446804697946,2.48735144034131e-19
20,38,0.00014881622421439382,2.866642141979614e-19
20,39,0.00015175559747919427,2.9528686118353047e-19
20,40,0.00015523239413536147,2.805951160882384e-19
20,41,0.00015918738074465686,2.7273940156708003e-19
20,42,0.00016371833596823433,2.6169183429374002e-19
20,43,0.00016875969336805716,2.4803083074114823e-19
20,44,0.0001744162788441255,2.4855432871577506e-19
20,45,0.00018060887708341527,2.0309411221189436e-19
20,46,0.0001874471103674599,1.3640957047410617e-19
20,47,0.00019482699290982418,4.4979185012747737e-20
20,48,0.000202859207166688,-5.071609771685123e-20
20,49,0.00021139866870936724,-1.2002004582197917e-19
20,50,0.00022055265362616968,-1.4034486216023614e-19
20,51,0.00023011215961865153,-1.4234112837753084e-19
20,52,0.0002401789328584544,-1.0513796457794003e-19
20,53,0.0002504498035457236,-1.0532462791816654e-19
20,54,0.0002610291824469555,-9.619467796098234e-20
20,55,0.00027148038272727944,-1.146770852875509e-19
20,56,0.0002819466926322179,-1.6343251063513192e-19
20,57,0.0002918001144459262,-2.5618183071821827e-19
20,58,0.0003013269554652844,-3.9815627549165054e-19
20,59,0.00030958400446568553,-6.403910344169141e-19
20,60,0.0003172852632113279,-9.572617312449763e-19
20,61,0.00032264028504820896,-1.3656626050585939e-18
20,62,0.0003262246674643214,-1.776598994646557e-18
20,63,0.0003096741118257655,-2.1263225245679117e-18
21,0,0.0003457716014451996,1.6733370999737608e-18
21,1,0.0003175949020998934,1.308919514472098e-18
21,2,0.0002972981120616089,5.628002383706527e-19
21,3,0.000292958324291109,1.3152427901597131e-19
21,4,0.00028757563110093755,1.9839298117947012e-19
21,5,0.00028202911866311893,3.0955722978822944e-19
21,6,0.00027502757107798217,2.172628107278603e-19
21,7,0.00026766111859139515,1.2713204325816333e-19
21,8,0.0002594658700098603,1.4698437983313948e-21
21,9,0.0002511169260561839,1.3976391131290428e-19
21,10,0.00024239784276663438,4.04243910762308e-19
21,11,0.0002337744602387762,4.932100452767182e-19
21,12,0.00022511918202081674,2.421064070183176e-19
21,13,0.00021676313635436524,-2.6335934545652506e-19
21,14,0.0002086061452009334,-5.20011296357135e-19
21,15,0.00020088426395929428,-6.412189700271013e-19
21,16,0.0001935023290190373,-9.025032859133405e-19
21,17,0.0001866291358298844,-8.188272490307046e-19
21,18,0.00018016886972938148,-4.680388584378308e-19
21,19,0.00017424430184581166,-4.465857401292316e-20
21,20,0.0001687596933680563,3.288360550566324e-19
21,21,0.00016380776837494204,3.4005041588938425e-19
21,22,0.00015929520836999956,-6.734025954958459e-20
21,23,0.00015529623655074202,-4.962842059210018e-19
21,24,0.00015172200116765389,-6.135088323389087e-19
21,25,0.00014863626243491322,-5.698569027167385e-19
21,26,0.00014595584809457446,-5.703735922065153e-19
21,27,0.00014373951531171662,-5.310058137419052e-19
21,28,0.0001419101822401259,-5.086773183928543e-19
21,29,0.00014052528677016072,-8.750628602997079e-19
21,30,0.00013951363987659105,-1.1242245157152682e-18
21,31,0.00013893388148782524,-1.4252347992922717e-18
21,32,0.0001387200864364124,-1.6479457064939025e-18
21,33,0.00013893388148782524,-1.429538004001055e-18
21,34,0.00013951363987659105,-1.131265656137948e-18
21,35,0.0001405252867701607,-8.713627305331203e-19
21,36,0.0001419101822401259,-5.063384309361077e-19
21,37,0.00014373951531171662,-5.239231903100021e-19
21,38,0.00014595584809457443,-5.62007500746096e-19
21,39,0.00014863626243491322,-5.708231052793802e-19
21,40,0.00015172200116765389,-6.13556078297152e-19
21,41,0.00015529623655074202,-4.927525819377102e-19
21,42,0.00015929520836999956,-6.802330353443745e-20
21,43,0.00016380776837494204,3.4758703892260947e-19
21,44,0.00016875969336805632,3.3255647426402577e-19
21,45,0.00017424430184581166,-3.950585193690204e-20
21,46,0.00018016886972938145,-4.576202272803387e-19
21,47,0.0001866291358298844,-8.187679986460705e-19
21,48,0.0001935023290190373,-9.025032859133405e-19
21,49,0.00020088426395929428,-6.426443960018101e-19
21,50,0.00020860614520093338,-5.086964399060373e-19
21,51,0.00021676313635436524,-2.6149900851002404e-19
21,52,0.00022511918202081676,2.4752089212021956e-19
21,53,0.0002337744602387762,5.026807417622099e-19
21,54,0.00024239784276663438,4.069981909128236e-19
21,55,0.0002511169260561839,1.4068457041423213e-19
21,56,0.0002594658700098603,1.4225978400881727e-21
21,57,0.00026766111859139515,1.2200054199945081e-19
21,58,0.0002750275710779821,2.2896784163094545e-19
21,59,0.00028202911866311893,3.180939115568833e-19
21,60,0.00028757563110093755,2.0242593453072524e-19
21,61,0.000292958324291109,1.317405303340447e-19
21,62,0.0002972981120616089,5.56556938548876e-19
21,63,0.0003175949020998934,1.3018658213863858e-18
22,0,0.00022832397542968738,-3.8034866821237863e-19
22,1,0.0002537144790061341,-2.3617102838009444e-19
22,2,0.0002691555177914538,4.739304803971541e-20
22,3,0.0002671221208413925,1.8669968751942184e-19
22,4,0.00026389057598961963,1.2486588287025764e-19
22,5,0.00025887955085369783,-6.830366401890909e-22
22,6,0.0002536014569790232,-1.532284693968036e-19
22,7,0.00024733981156763505,-2.8165882443605665e-19
22,8,0.00024085567576033183,-2.709560485999082e-19
22,9,0.00023382517303140388,-1.4129518088080285e-19
22,10,0.00022674861131261569,-2.254221318269808e-20
22,11,0.00021945295805749323,4.901253469551586e-21
22,12,0.0002122934300096188,-1.1601623600597418e-19
22,13,0.00020515570508989868,-3.3569111870746497e-19
22,14,0.00019829797624269034,-4.756547133829808e-19
22,15,0.00019162665037572577,-4.2578949125560798e-19
22,16,0.00018533085787047682,-3.508340256465931e-19
22,17,0.00017932313860473053,-3.570849816006458e-19
22,18,0.00017374354903252576,-3.2699551464668534e-19
22,19,0.0001685065535873823,-1.893829410614875e-19
22,20,0.00016371833596823355,-1.2162070478074373e-19
22,21,0.0001592952083699992,-1.7686588966908356e-19
22,22,0.00015532092541914748,-2.1590890749362181e-19
22,23,0.00015171474161378807,-1.2156959740499386e-19
22,24,0.00014854634388566167,5.458670279552599e-20
22,25,0.0001457389535305261,1.6583062346674085e-19
22,26,0.0001433541333692011,2.0949502520856152e-19
22,27,0.00014131963069139992,2.725608045091584e-19
22,28,0.0001396930393876123,4.1701996650676097e-19
22,29,0.00013840669230377913,5.880372396551318e-19
22,30,0.00013751711250170005,7.448547666301611e-19
22,31,0.00013696085450453364,8.797461243357543e-19
22,32,0.00013679541571413726,9.383391758992824e-19
22,33,0.00013696085450453364,8.717480666285304e-19
22,34,0.00013751711250170005,7.453481965772589e-19
22,35,0.0001384066923037791,5.898873704124688e-19
22,36,0.00013969303938761232,4.1624521672573696e-19
22,37,0.00014131963069139992,2.805319018482386e-19
22,38,0.00014335413336920112,2.1268976381705416e-19
22,39,0.0001457389535305261,1.7235083529224835e-19
22,40,0.00014854634388566167,5.2465111977324195e-20
22,41,0.00015171474161378807,-1.2089822820250663e-19
22,42,0.00015532092541914748,-2.0767997652685787e-19
22,43,0.0001592952083699992,-1.7216273836159215e-19
22,44,0.00016371833596823357,-1.1451967934669878e-19
22,45,0.00016850655358738228,-1.9286134591111858e-19
22,46,0.00017374354903252576,-3.134362871662866e-19
22,47,0.00017932313860473053,-3.4871233927943046e-19
22,48,0.00018533085787047682,-3.508340256465931e-19
22,49,0.00019162665037572577,-4.1807135380295544e-19
22,50,0.00019829797624269034,-4.625207862073734e-19
22,51,0.0002051557050898987,-3.3846073977824437e-19
22,52,0.00021229343000961882,-1.0806817762467493e-19
22,53,0.00021945295805749323,1.2869490515879715e-20
22,54,0.00022674861131261569,-1.2621000152589733e-20
22,55,0.00023382517303140388,-1.4189838813909707e-19
22,56,0.00024085567576033183,-2.7307763941811e-19
22,57,0.00024733981156763505,-2.7555810204427624e-19
22,58,0.00025360145697902325,-1.483378810626381e-19
22,59,0.00025887955085369783,1.0799238538088806e-20
22,60,0.0002638905759896197,1.2493816603648796e-19
22,61,0.00026712212084139256,1.8953510039241576e-19
22,62,0.0002691555177914538,4.746474534435027e-20
22,63,0.0002537144790061341,-2.4393809769238264e-19
23,0,0.0002933967251442439,-6.1296832974912815e-18
23,1,0.0002682042974510943,-4.656214821923776e-18
23,2,0.00025047037255755727,-2.414934395230255e-18
23,3,0.0002474508021561308,-4.481738961853535e-19
23,4,0.00024379264973267,-2.4826510347422377e-19
23,5,0.00024023445040051683,-6.110933743905561e-19
23,6,0.00023555519406351453,-7.555452213876772e-19
23,7,0.00023067639002584623,-1.642792845433251e-18
23,8,0.00022512186484223326,-2.3100026461403842e-18
23,9,0.00021944618594767486,-1.959347665675161e-18
23,10,0.000213408285996817,-1.2064067858935958e-18
23,11,0.00020739006514162842,-4.6895053095132765e-19
23,12,0.0002012478867379954,2.4507538873785997e-19
23,13,0.00019525978446381515,1.0750073674016822e-20
23,14,0.0001893230870920739,2.0452832586536005e-19
23,15,0.0001836445121379653,4.871457772606269e-19
23,16,0.00017813782316731044,-2.7107085647043927e-19
23,17,0.00017295859008499787,-1.0213846870187597e-18
23,18,0.00016802703042934587,-4.714172977552626e-19
23,19,0.0001634621698844486,5.758889370450956e-19
23,20,0.00015918738074465643,6.021559755690938e-19
23,21,0.00015529623655074215,2.960789121187996e-19
23,22,0.0001517147416137903,6.937281513644307e-19
23,23,0.00014851939440193985,1.5268044431923408e-18
23,24,0.0001456391866662657,1.897514100851802e-18
23,25,0.0001431397351358342,1.5402051336736817e-18
23,26,0.00014095341675044267,1.4283047856016493e-18
23,27,0.0001391394563139438,1.6117852751335813e-18
23,28,0.0001376337531438336,1.131341732169536e-18
23,29,0.00013649235857591245,4.0564433045565144e-20
23,30,0.00013565450248135942,-6.137693582443499e-19
23,31,0.000135175366825321,-6.970637061056587e-19
23,32,0.00013499699799708148,-7.10325530107389e-19
23,33,0.000135175366825321,-6.980298594044305e-19
23,34,0.00013565450248135942,-6.158364152621209e-19
23,35,0.00013649235857591245,4.3105213222140734e-20
23,36,0.0001376337531438336,1.1307045346557772e-18
23,37,0.0001391394563139438,1.6216854745717795e-18
23,38,0.00014095341675044267,1.433187914317435e-18
23,39,0.00014313973513583423,1.5420510362429182e-18
23,40,0.0001456391866662657,1.8961865874784918e-18
23,41,0.00014851939440193985,1.5361549249334441e-18
23,42,0.0001517147416137903,7.02450952352019e-19
23,43,0.00015529623655074213,3.0303517282448697e-19
23,44,0.00015918738074465646,6.128000869733187e-19
23,45,0.00016346216988444862,5.797093669126238e-19
23,46,0.00016802703042934587,-4.561716014679618e-19
23,47,0.00017295859008499787,-1.0130026910257391e-18
23,48,0.00017813782316731044,-2.7107085647043927e-19
23,49,0.0001836445121379653,4.964983544609465e-19
23,50,0.0001893230870920739,2.1976158720424647e-19
23,51,0.00019525978446381518,1.3459060068240222e-20
23,52,0.00020124788673799542,2.5656653308933923e-19
23,53,0.0002073900651416284,-4.628626086210535e-19
23,54,0.000213408285996817,-1.1968493869071676e-18
23,55,0.00021944618594767486,-1.9494187723393078e-18
23,56,0.00022512186484223326,-2.3113301595136945e-18
23,57,0.00023067639002584625,-1.6415253544587644e-18
23,58,0.00023555519406351453,-7.498026247762228e-19
23,59,0.00024023445040051683,-6.020189024714532e-19
23,60,0.00024379264973267,-2.4805526804072817e-19
23,61,0.0002474508021561308,-4.462157384299816e-19
23,62,0.0002504703725575573,-2.4169890172996113e-18
23,63,0.0002682042974510943,-4.6568810070089655e-18
24,0,0.00019327022739601572,-2.274840271468625e-20
24,1,0.0002165619634417721,-2.218412030788519e-20
24,2,0.00023107120966213922,-2.1119900500881776e-20
24,3,0.00022991428038473467,-1.8210164108230165e-20
24,4,0.00022790004668051252,-1.6232257726797976e-20
24,5,0.0002244628411985888,-1.788461883231818e-20
24,6,0.00022093888220489904,-1.6207400778908315e-20
24,7,0.0002166304098099613,-1.327241704177304e-20
24,8,0.00021218697532741874,-9.387686861785882e-21
24,9,0.00020727217632980215,-8.702295799255405e-22
24,10,0.00020230554982276044,-8.457344779056761e-22
24,11,0.0001970987078701517,6.56365554371598e-21
24,12,0.00019195106084952382,2.4992063584136808e-21
24,13,0.00018674031582523537,9.215480599980635e-21
24,14,0.00018168957606036788,8.154931049747908e-21
24,15,0.00017670646473525053,7.354405347403318e-21
24,16,0.0001719606502919797,9.192046006643887e-21
24,17,0.00016737317153589306,1.2755988766354702e-20
24,18,0.00016307509081297947,5.985153811255836e-21
24,19,0.0001589937308893263,1.1435989045670348e-20
24,20,0.00015523239413535916,4.096533007305231e-21
24,21,0.00015172200116765104,1.6843732005108135e-20
24,22,0.00014854634388565836,4.1213899551948946e-21
24,23,0.00014563918666626082,2.609450719245092e-21
24,24,0.00014307107481937597,1.0359792359536813e-20
24,25,0.0001407785357424305,8.962688150898534e-21
24,26,0.00013882355618299942,8.982518689964196e-21
24,27,0.00013714543446523994,6.986751600743544e-21
24,28,0.0001358010592109882,6.684571296164666e-21
24,29,0.00013473235563042597,2.057050860520851e-20
24,30,0.00013399364741165207,1.6169918896211194e-20
24,31,0.00013352910526953697,2.1572973772390515e-20
24,32,0.00013339233683579228,1.6483682095035743e-20
24,33,0.00013352910526953697,1.5932362318558327e-20
24,34,0.00013399364741165207,1.4455483283798838e-20
24,35,0.00013473235563042594,1.2283021992924649e-20
24,36,0.0001358010592109882,1.0872796585339633e-20
24,37,0.00013714543446523996,1.2608567268836631e-20
24,38,0.00013882355618299945,1.4285785322246497e-20
24,39,0.0001407785357424305,1.383263727036457e-20
24,40,0.00014307107481937597,1.2663950488337019e-20
24,41,0.00014563918666626082,7.62210490123887e-21
24,42,0.00014854634388565836,8.245675956792401e-21
24,43,0.000151722001167651,5.157559823915383e-21
24,44,0.00015523239413535916,1.1623090286976882e-20
24,45,0.00015899373088932626,7.637771557313935e-21
24,46,0.00016307509081297947,1.0595834666549404e-20
24,47,0.00016737317153589306,1.1921146253547598e-20
24,48,0.0001719606502919797,9.192046006643887e-21
24,49,0.00017670646473525053,5.979725188320299e-21
24,50,0.00018168957606036788,1.2761417389290239e-20
24,51,0.0001867403158252354,4.659725467635946e-21
24,52,0.00019195106084952382,1.0872796585339633e-20
24,53,0.00019709870787015167,-3.485058728995075e-21
24,54,0.00020230554982276044,4.1213899551948946e-21
24,55,0.00020727217632980215,2.609450719245092e-21
24,56,0.00021218697532741874,-7.083528732985676e-21
24,57,0.0002166304098099613,-9.834109354873907e-21
24,58,0.00022093888220489906,-1.0052906683620474e-20
24,59,0.00022446284119858882,-1.0512129283689588e-20
24,60,0.00022790004668051252,-1.119699949036871e-20
24,61,0.0002299142803847347,-2.6587146023780048e-20
24,62,0.00023107120966213922,-2.283014159754289e-20
24,63,0.0002165619634417721,-2.770841058906861e-20
25,0,0.0002583381852594574,-5.20912924066985e-19
25,1,0.0002352204086595176,-5.811033432592834e-19
25,2,0.00021919975075497585,2.9472556087212794e-20
25,3,0.00021695803140745875,8.0995474867899595e-19
25,4,0.0002143163303542673,4.408106373327874e-19
25,5,0.00021192721538599665,2.8137971939619493e-19
25,6,0.00020863337150772238,5.689314907554237e-19
25,7,0.00020525101648234426,5.172907813556774e-20
25,8,0.00020130763523689278,-4.784022657393336e-19
25,9,0.0001972827758204201,-4.376260821487847e-19
25,10,0.0001929254296594208,-3.5726519815968517e-19
25,11,0.00018856295253508634,-4.771538875995811e-19
25,12,0.00018404260270546907,-5.029651252285983e-19
25,13,0.00017960502105916662,-5.275790111629891e-19
25,14,0.00017514423293799088,-4.813778396351709e-19
25,15,0.00017084354334918488,-8.091015669631985e-19
25,16,0.00016661962387577874,-1.5514956406045144e-18
25,17,0.0001626149869671547,-1.5089220578579627e-18
25,18,0.00015875742563460965,-8.802408292639059e-19
25,19,0.00015515975611085604,-3.386219277978353e-19
25,20,0.0001517555974791922,-5.430181309030825e-19
25,21,0.00014863626243491308,-4.1488136324684e-19
25,22,0.00014573895353052753,4.960866572915539e-19
25,23,0.00014313973513583561,7.869536763523004e-19
25,24,0.00014077853574243163,3.272749390330991e-19
25,25,0.0001387209550793043,-2.576916280620872e-19
25,26,0.00013690931193026263,-8.876329589939088e-19
25,27,0.00013540236579157725,-5.988627631537019e-19
25,28,0.0001341445870374811,-7.969113522961464e-20
25,29,0.00013319061353772314,-2.874997541210684e-19
25,30,0.00013248672809774092,-7.513397992045991e-19
25,31,0.0001320854710057196,-8.475378542125522e-19
25,32,0.00013193440518456767,-8.566462003862839e-19
25,33,0.0001320854710057196,-8.538479522751681e-19
25,34,0.00013248672809774094,-7.481036894922349e-19
25,35,0.00013319061353772314,-2.979643463296289e-19
25,36,0.00013414458703748107,-8.096165817586165e-20
25,37,0.00013540236579157725,-5.893701503812259e-19
25,38,0.00013690931193026265,-8.845770467329556e-19
25,39,0.0001387209550793043,-2.565909146649976e-19
25,40,0.00014077853574243163,3.2725283315288936e-19
25,41,0.00014313973513583561,7.829109938184252e-19
25,42,0.00014573895353052753,5.007127515574723e-19
25,43,0.00014863626243491308,-4.266554327066921e-19
25,44,0.0001517555974791922,-5.36060808004953e-19
25,45,0.00015515975611085604,-3.3893503604298325e-19
25,46,0.00015875742563460965,-8.723149940102746e-19
25,47,0.0001626149869671547,-1.5040394046508702e-18
25,48,0.00016661962387577874,-1.5514956406045144e-18
25,49,0.00017084354334918488,-8.041906457423848e-19
25,50,0.00017514423293799088,-4.736650145818416e-19
25,51,0.00017960502105916662,-5.283573079827986e-19
25,52,0.00018404260270546907,-4.955842858568417e-19
25,53,0.00018856295253508634,-4.894202626052184e-19
25,54,0.0001929254296594208,-3.509462899627464e-19
25,55,0.0001972827758204201,-4.395500312719265e-19
25,56,0.00020130763523689278,-4.784243716195434e-19
25,57,0.00020525101648234426,5.40991899109411e-20
25,58,0.0002086333715077224,5.736827208743737e-19
25,59,0.00021192721538599665,2.8967057181994744e-19
25,60,0.00021431633035426728,4.3996363086016745e-19
25,61,0.00021695803140745875,7.982612791505884e-19
25,62,0.00021919975075497587,3.249815952625158e-20
25,63,0.0002352204086595176,-5.88288742282875e-19
26,0,0.00017020729021868276,1.9942621548586276e-18
26,1,0.00019201241860869884,1.680321570384605e-18
26,2,0.00020580500594806174,1.0895583438392696e-18
26,3,0.00020515371804531035,6.047839223120537e-19
26,4,0.0002038506054460358,2.653510372872545e-19
26,5,0.00020134920088472856,1.0222144713107721e-19
26,6,0.00019887205653834898,2.8584320977494454e-20
26,7,0.00019574363086026804,-1.2137149598775652e-19
26,8,0.00019254408430258063,-3.423545951874182e-19
26,9,0.0001889353234412057,-5.320825185297516e-19
26,10,0.00018528595696782138,-5.640045681048097e-19
26,11,0.00018140054272437552,-3.9944320850712177e-19
26,12,0.0001775415601285803,-1.8238870861586935e-19
26,13,0.0001735816846716902,-9.654966732361532e-20
26,14,0.00016971889619604147,-2.492226699579989e-19
26,15,0.0001658601407669351,-4.282537783998277e-19
26,16,0.00016215941160325017,-4.992643971918867e-19
26,17,0.00015854125423992577,-4.887180492968446e-19
26,18,0.000155127932066604,-3.8385546790958586e-19
26,19,0.00015185326137934004,-1.6559254321573252e-19
26,20,0.00014881622421439292,6.883939352425684e-20
26,21,0.00014595584809457514,3.368495735205184e-19
26,22,0.00014335413336920017,4.741236512332564e-19
26,23,0.00014095341675044227,2.790103902675106e-19
26,24,0.0001388235561829967,-4.473899672945948e-20
26,25,0.00013690931193026143,-2.6340007751835255e-19
26,26,0.00013527213176637676,-2.6906166621311237e-19
26,27,0.00013385871764385666,-1.0022438079856995e-19
26,28,0.00013272496849618676,6.712649675482413e-20
26,29,0.0001318191293842198,2.1541669859524687e-19
26,30,0.00013119372632779694,2.8712077912829115e-19
26,31,0.0001307980658467797,2.6633398665663103e-19
26,32,0.00013068294266583105,2.2642106082356834e-19
26,33,0.0001307980658467797,2.670470978908049e-19
26,34,0.00013119372632779694,2.9080627457846436e-19
26,35,0.0001318191293842198,2.117606347860583e-19
26,36,0.00013272496849618676,7.053345941876543e-20
26,37,0.00013385871764385669,-1.0445459199897207e-19
26,38,0.00013527213176637676,-2.627950128779849e-19
26,39,0.00013690931193026143,-2.5689676754844455e-19
26,40,0.0001388235561829967,-4.453403085430111e-20
26,41,0.00014095341675044227,2.7768216839627265e-19
26,42,0.00014335413336920017,4.750566361667201e-19
26,43,0.00014595584809457514,3.3378983642356817e-19
26,44,0.00014881622421439292,7.56984903815174e-20
26,45,0.00015185326137934004,-1.6678737460982205e-19
26,46,0.000155127932066604,-3.69202099399314e-19
26,47,0.00015854125423992577,-4.808698395062296e-19
26,48,0.00016215941160325017,-4.992643971918867e-19
26,49,0.0001658601407669351,-4.2095541351650053e-19
26,50,0.00016971889619604147,-2.34777669192829e-19
26,51,0.0001735816846716902,-9.782990743538849e-20
26,52,0.0001775415601285803,-1.7510609528498167e-19
26,53,0.00018140054272437552,-4.0176315648523148e-19
26,54,0.00018528595696782138,-5.626446762060072e-19
26,55,0.0001889353234412057,-5.341412390966177e-19
26,56,0.00019254408430258063,-3.4214962931225983e-19
26,57,0.00019574363086026804,-1.1509059938788134e-19
26,58,0.00019887205653834898,3.5271100294537424e-20
26,59,0.00020134920088472858,9.894551270634323e-20
26,60,0.0002038506054460358,2.69181516424823e-19
26,61,0.00020515371804531035,6.012132672205487e-19
26,62,0.00020580500594806174,1.0930286905609177e-18
26,63,0.00019201241860869884,1.680949251815626e-18
27,0,0.00023537106029771854,2.9824178301311207e-19
27,1,0.00021365473054352338,5.908364456958683e-20
27,2,0.00019875991670303668,-1.4016815513363512e-19
27,3,0.00019697888173618273,-3.6232140027743007e-19
27,4,0.00019493860097172624,-7.140166739223644e-19
27,5,0.00019323845363191695,-7.802246260688119e-19
27,6,0.000190770562087178,-4.940867389105571e-19
27,7,0.00018828525682180997,-1.1202930535003092e-19
27,8,0.00018531808223026152,-1.1692462379219054e-20
27,9,0.00018230216070130355,1.6919779399910624e-19
27,10,0.00017898347755794614,4.359688529119502e-19
27,11,0.00017565483590637057,5.473276356497504e-19
27,12,0.00017215887841244657,3.117183490113839e-19
27,13,0.0001687113447412337,2.0215414017959025e-20
27,14,0.00016520381399177025,-3.808469031457403e-20
27,15,0.00016180278885951204,-2.2765800264101944e-19
27,16,0.00015842566437464695,-5.522386401113837e-19
27,17,0.0001552045084657559,-7.633853472143388e-19
27,18,0.0001520706301942132,-6.517760552752325e-19
27,19,0.0001491309423489121,-1.5183371288473646e-19
27,20,0.00014632446804697916,2.3423671052882484e-19
27,21,0.00014373951531171868,2.0529820806156657e-19
27,22,0.0001413196306913998,2.2250313446658103e-19
27,23,0.00013913945631394462,3.6654430984864877e-19
27,24,0.0001371454344652378,4.684419909977794e-19
27,25,0.00013540236579157703,5.258596477087857e-19
27,26,0.0001338587176438565,5.546640540795645e-19
27,27,0.0001325724257045983,4.317866459118803e-19
27,28,0.00013149341879355333,1.9173075374901284e-19
27,29,0.00013067507429707827,-2.1414588907347256e-19
27,30,0.0001300682758952254,-6.055887695251361e-19
27,31,0.00012972361683432824,-8.258764340570237e-19
27,32,0.00012959234311157468,-9.035637601491423e-19
27,33,0.00012972361683432824,-8.264893017847842e-19
27,34,0.0001300682758952254,-6.094244079125175e-19
27,35,0.00013067507429707825,-2.18325799244199e-19
27,36,0.00013149341879355333,1.9230857963973697e-19
27,37,0.00013257242570459833,4.361146861883634e-19
27,38,0.0001338587176438565,5.596222474737926e-19
27,39,0.00013540236579157706,5.283276027742201e-19
27,40,0.0001371454344652378,4.687197172546639e-19
27,41,0.00013913945631394465,3.653881313169771e-19
27,42,0.0001413196306913998,2.254573382600224e-19
27,43,0.00014373951531171868,2.0601043839080559e-19
27,44,0.0001463244680469792,2.376467185090515e-19
27,45,0.0001491309423489121,-1.4767258757285717e-19
27,46,0.0001520706301942132,-6.488244304194235e-19
27,47,0.0001552045084657559,-7.57186263599178e-19
27,48,0.00015842566437464695,-5.522386401113837e-19
27,49,0.00016180278885951204,-2.212842609715866e-19
27,50,0.00016520381399177025,-3.5136069674101877e-20
27,51,0.0001687113447412337,2.4349140144158006e-20
27,52,0.0001721588784124466,3.1555187346523767e-19
27,53,0.00017565483590637057,5.474995187523039e-19
27,54,0.00017898347755794614,4.393435689636819e-19
27,55,0.00018230216070130357,1.666445342966339e-19
27,56,0.00018531808223026152,-1.1414736122334559e-20
27,57,0.00018828525682181,-1.1155240090281293e-19
27,58,0.000190770562087178,-4.88702024827365e-19
27,59,0.00019323845363191698,-7.770503044601519e-19
27,60,0.00019493860097172624,-7.130153315580131e-19
27,61,0.0001969788817361827,-3.6689742773610343e-19
27,62,0.00019875991670303668,-1.440007893056796e-19
27,63,0.00021365473054352338,5.829611878755424e-20
28,0,0.00015564636440794358,-5.188517676346539e-19
28,1,0.0001764611131646011,-4.986533817274781e-19
28,2,0.00018975221533186828,-4.278081169999426e-19
28,3,0.00018938872033098824,-3.3295244711444378e-19
28,4,0.00018849456427086665,-2.3010579814460207e-19
28,5,0.0001865392139982275,-1.4508232406880919e-19
28,6,0.0001846739696841572,-8.021029639282747e-20
28,7,0.00018224173431231536,-4.378533164085567e-20
28,8,0.00017978047498153554,-2.9610840420442223e-20
28,9,0.0001769541121760535,-8.406732414993566e-21
28,10,0.00017410019711144997,1.50378093297226e-20
28,11,0.00017102049558774104,6.019081618302455e-20
28,12,0.00016795431218541475,1.042503958722635e-19
28,13,0.000164771559888169,1.3831976043571877e-19
28,14,0.00016165366554303192,1.3739997758337972e-19
28,15,0.00015850671642366818,1.3898047708585278e-19
28,16,0.00015547364005037505,1.5459104903288636e-19
28,17,0.00015248036203813082,1.9093731645592916e-19
28,18,0.0001496422990471961,2.2948945006939445e-19
28,19,0.00014689647432278785,2.6441753893665154e-19
28,20,0.00014433797100316822,2.9145473912723336e-19
28,21,0.00014191018224012628,3.2142107163149673e-19
28,22,0.0001396930393876113,3.280595841837453e-19
28,23,0.0001376337531438327,3.2425048394113782e-19
28,24,0.00013580105921098693,2.8605817136433057e-19
28,25,0.00013414458703748128,2.262031620118371e-19
28,26,0.00013272496849618524,1.384856397305203e-19
28,27,0.00013149341879355208,4.385412799587317e-20
28,28,0.0001305048939202376,-6.530697908261168e-20
28,29,0.00012971158623680516,-1.6771360137447069e-19
28,30,0.0001291646747720823,-2.6641804445141824e-19
28,31,0.00012881674401118255,-3.3177753527947823e-19
28,32,0.00012871667011466031,-3.5705972253476274e-19
28,33,0.00012881674401118255,-3.3348195701288953e-19
28,34,0.0001291646747720823,-2.6941295586338845e-19
28,35,0.00012971158623680516,-1.720161871361267e-19
28,36,0.0001305048939202376,-6.408734048275923e-20
28,37,0.00013149341879355208,4.465305611615409e-20
28,38,0.00013272496849618524,1.4001826989329062e-19
28,39,0.00013414458703748128,2.2387707969150323e-19
28,40,0.00013580105921098693,2.870468708890394e-19
28,41,0.0001376337531438327,3.18284554609302e-19
28,42,0.0001396930393876113,3.327806162359207e-19
28,43,0.00014191018224012626,3.1888389946958e-19
28,44,0.00014433797100316822,2.9866458109066434e-19
28,45,0.00014689647432278785,2.65650024033415e-19
28,46,0.0001496422990471961,2.334008669212732e-19
28,47,0.00015248036203813082,1.8912750906801454e-19
28,48,0.00015547364005037505,1.5459104903288636e-19
28,49,0.00015850671642366818,1.3672720783165394e-19
28,50,0.00016165366554303192,1.4139802355494724e-19
28,51,0.000164771559888169,1.390566627430151e-19
28,52,0.00016795431218541475,1.1188375430932167e-19
28,53,0.000171020495587741,5.714679208815502e-20
28,54,0.00017410019711144997,1.9739591383179968e-20
28,55,0.0001769541121760535,-1.456269496058231e-20
28,56,0.00017978047498153554,-2.8622140895733424e-20
28,57,0.00018224173431231536,-4.5921380747436644e-20
28,58,0.0001846739696841572,-7.865841623133917e-20
28,59,0.0001865392139982275,-1.437765440155755e-19
28,60,0.00018849456427086665,-2.284626430711225e-19
28,61,0.00018938872033098824,-3.367594500866326e-19
28,62,0.00018975221533186828,-4.30677899294788e-19
28,63,0.0001764611131646011,-5.004437371866392e-19
29,0,0.0002214463801352966,-2.7019972655695936e-19
29,1,0.0002005990468076599,-2.7627780493841518e-19
29,2,0.00018638971790170382,-3.170804837140139e-19
29,3,0.00018486828511577713,-3.950837403406347e-19
29,4,0.00018316643348577762,-4.0129790194293987e-19
29,5,0.00018185236926601615,-4.837322893415906e-19
29,6,0.0001798513049168283,-3.8998230379275075e-19
29,7,0.00017787472732738098,-2.73167662855551e-19
29,8,0.00017546538955056723,-2.8201976878481917e-19
29,9,0.0001730293681574044,-2.5045005561875443e-19
29,10,0.00017031236755455547,-5.062684545633738e-19
29,11,0.00016758682613859366,-8.991024667826947e-19
29,12,0.00016469330660687047,-1.2825363885335229e-18
29,13,0.0001618324245730157,-1.3234532539825944e-18
29,14,0.00015889431749514096,-1.0513805663915695e-18
29,15,0.0001560348108862341,-7.790153549732055e-19
29,16,0.00015317135537734505,-5.543648990313897e-19
29,17,0.00015042896072498533,-4.3022604310188426e-19
29,18,0.0001477405089105377,-2.633642456897532e-20
29,19,0.00014520857136491076,4.1298569133996784e-19
29,20,0.00014277489285872134,3.741607612683721e-19
29,21,0.00014052528677016245,3.109963734197567e-19
29,22,0.00013840669230378102,2.9103218579970673e-19
29,23,0.0001364923585759124,1.5119584371885342e-19
29,24,0.00013473235563042624,9.811926920554585e-21
29,25,0.00013319061353772206,-1.2023499168037534e-19
29,26,0.0001318191293842186,-2.9979995977476346e-19
29,27,0.00013067507429707906,-2.798120336992327e-19
29,28,0.00012971158623680527,-1.2219548413940248e-19
29,29,0.00012898110345821394,1.3871891685238753e-19
29,30,0.00012843726969055623,6.455873398631112e-19
29,31,0.00012812938634518023,1.041826414297439e-18
29,32,0.00012801095414342488,1.2122699371167916e-18
29,33,0.00012812938634518023,1.044246559831039e-18
29,34,0.00012843726969055625,6.400667466833455e-19
29,35,0.00012898110345821394,1.3515888464055733e-19
29,36,0.00012971158623680527,-1.2008296345451216e-19
29,37,0.00013067507429707906,-2.804443820005585e-19
29,38,0.0001318191293842186,-2.951146137002691e-19
29,39,0.00013319061353772206,-1.1392546877174258e-19
29,40,0.00013473235563042624,1.0497015308332339e-20
29,41,0.0001364923585759124,1.5491881024610236e-19
29,42,0.00013840669230378102,2.951024283008933e-19
29,43,0.00014052528677016245,3.07854540493194e-19
29,44,0.00014277489285872134,3.806259715820765e-19
29,45,0.00014520857136491078,4.1173443419932165e-19
29,46,0.0001477405089105377,-2.0998114880393483e-20
29,47,0.00015042896072498536,-4.2671505849892057e-19
29,48,0.00015317135537734505,-5.543648990313897e-19
29,49,0.00015603481088623413,-7.758154855816388e-19
29,50,0.00015889431749514096,-1.046164093063153e-18
29,51,0.00016183242457301573,-1.3251259164258565e-18
29,52,0.00016469330660687047,-1.275859419983005e-18
29,53,0.00016758682613859366,-9.019548070484014e-19
29,54,0.00017031236755455547,-5.017906528303184e-19
29,55,0.0001730293681574044,-2.486037073851763e-19
29,56,0.00017546538955056723,-2.8133468039704144e-19
29,57,0.00017787472732738098,-2.6836965344226467e-19
29,58,0.0001798513049168283,-3.8485748400287095e-19
29,59,0.00018185236926601615,-4.842306138301454e-19
29,60,0.00018316643348577762,-3.9897362302123595e-19
29,61,0.00018486828511577713,-3.9949291667073033e-19
29,62,0.00018638971790170384,-3.2269099877042805e-19
29,63,0.0002005990468076599,-2.74075939785452e-19
30,0,0.00014759243654981235,2.3619497537531934e-18
30,1,0.00016783977261428795,2.0078542774346474e-18
30,2,0.0001808353566497048,1.2903110141569332e-18
30,3,0.00018061996377455514,8.117334852867401e-19
30,4,0.00017993785318399998,5.471737971377511e-19
30,5,0.0001782686221950247,2.8355030715362884e-19
30,6,0.00017672421145293216,1.2872044558349407e-19
30,7,0.00017465929022094276,1.1228500127635256e-19
30,8,0.00017258901143034187,2.809868946065108e-19
30,9,0.00017017953363588793,6.293570109937222e-19
30,10,0.0001677516343300926,8.69654094245545e-19
30,11,0.00016510619269999272,7.447262121181458e-19
30,12,0.00016246979891430257,5.606458166354585e-19
30,13,0.000159711064676275,6.48847851481121e-19
30,14,0.00015700207275008013,6.215616027363312e-19
30,15,0.0001542483460871984,1.2788184702947896e-19
30,16,0.0001515863125024083,-5.692506596444261e-19
30,17,0.0001489423986533213,-1.033788096596342e-18
30,18,0.00014642778291619254,-1.2215651909256944e-18
30,19,0.00014398094980716395,-1.1182310850321831e-18
30,20,0.00014169439379682356,-6.130495823638268e-19
30,21,0.00013951363987659075,-1.9899246200224206e-20
30,22,0.00013751711250170013,1.5349615929068236e-19
30,23,0.00013565450248135782,-1.2784883927024154e-19
30,24,0.00013399364741165337,-5.764547791827964e-19
30,25,0.0001324867280977404,-1.000796646031586e-18
30,26,0.00013119372632779808,-1.2580918276872373e-18
30,27,0.00013006827589522645,-1.2542574870115122e-18
30,28,0.0001291646747720812,-1.1373182573653904e-18
30,29,0.0001284372696905554,-9.924317680528603e-19
30,30,0.0001279364033519728,-8.276294117612593e-19
30,31,0.00012761647957091737,-6.427406014691143e-19
30,32,0.00012752525424126533,-5.413233792600031e-19
30,33,0.00012761647957091737,-6.4378236394494e-19
30,34,0.0001279364033519728,-8.264243210315633e-19
30,35,0.0001284372696905554,-9.958348241539367e-19
30,36,0.00012916467477208123,-1.136727702003798e-18
30,37,0.00013006827589522648,-1.2563555909546893e-18
30,38,0.00013119372632779808,-1.2570254561245412e-18
30,39,0.0001324867280977404,-9.990222255212896e-19
30,40,0.00013399364741165337,-5.762907709813012e-19
30,41,0.00013565450248135782,-1.28737429322732e-19
30,42,0.00013751711250170013,1.5519897485460505e-19
30,43,0.00013951363987659075,-2.2333666932329813e-20
30,44,0.00014169439379682356,-6.078868770219396e-19
30,45,0.00014398094980716395,-1.1202488435806482e-18
30,46,0.00014642778291619254,-1.2181598318525796e-18
30,47,0.0001489423986533213,-1.0328994718543625e-18
30,48,0.0001515863125024083,-5.692506596444261e-19
30,49,0.0001542483460871984,1.2834110703655816e-19
30,50,0.00015700207275008013,6.249666340886803e-19
30,51,0.000159711064676275,6.469855770457787e-19
30,52,0.00016246979891430257,5.660202802141593e-19
30,53,0.00016510619269999272,7.424304063286461e-19
30,54,0.0001677516343300926,8.717800985623291e-19
30,55,0.00017017953363588793,6.277045496805944e-19
30,56,0.00017258901143034187,2.8115090280800596e-19
30,57,0.00017465929022094276,1.1397626010003218e-19
30,58,0.00017672421145293216,1.30210661340583e-19
30,59,0.00017826862219502473,2.8216062121510045e-19
30,60,0.000179937853184,5.47976110736157e-19
30,61,0.00018061996377455514,8.088102197829816e-19
30,62,0.0001808353566497048,1.291516432607395e-18
30,63,0.00016783977261428795,2.0068183632200946e-18
31,0,0.00021486531335885664,9.696002594958555e-18
31,1,0.00019443434806063452,7.979878915777723e-18
31,2,0.00018055006693104694,5.105880234585879e-18
31,3,0.00017914599577942048,2.9866518993296153e-18
31,4,0.00017759696341094268,2.020922326128565e-18
31,5,0.00017645670018430793,2.2756275674260317e-18
31,6,0.00017466690408314274,2.6517656623152937e-18
31,7,0.00017292097434951396,2.1001755416351582e-18
31,8,0.0001707657051069576,1.4122076505924628e-18
31,9,0.00016859468622775894,1.3841989341542721e-18
31,10,0.00016615392728146387,1.193873266831236e-18
31,11,0.00016370641693841273,1.1143247425899069e-18
31,12,0.0001610919596755369,7.125781001506659e-19
31,13,0.0001585040401095667,-4.1214737647824453e-19
31,14,0.0001558321547048981,-1.282468555649608e-18
31,15,0.00015322696985645135,-2.169965815790183e-18
31,16,0.0001506058783125149,-3.7274937318808934e-18
31,17,0.00014809036676797257,-4.200772503094336e-18
31,18,0.00014561391661903328,-2.7581854059598586e-18
31,19,0.00014327683950631374,-1.954303040241532e-18
31,20,0.00014102201350215329,-2.0410241724294324e-18
31,21,0.00013893388148782283,-1.6999215705120268e-18
31,22,0.0001369608545045347,-1.528553690621492e-18
31,23,0.00013517536682531903,-1.298967675696349e-18
31,24,0.00013352910526953746,-1.1379741205905681e-18
31,25,0.00013208547100571435,-1.315610321295747e-18
31,26,0.00013079806584677807,-7.63598085194879e-19
31,27,0.00012972361683432805,-3.564833754909053e-19
31,28,0.0001288167440111806,-1.2631468678492173e-18
31,29,0.00012812938634518045,-2.438607768755044e-18
31,30,0.00012761647957091905,-2.8702402998114605e-18
31,31,0.0001273266794838228,-3.0661927862123525e-18
31,32,0.00012721455694925487,-3.0163911907681763e-18
31,33,0.0001273266794838228,-3.0641601669974715e-18
31,34,0.00012761647957091905,-2.8723230956023756e-18
31,35,0.00012812938634518045,-2.4411352266759412e-18
31,36,0.0001288167440111806,-1.2604833115345946e-18
31,37,0.00012972361683432805,-3.5695083264033357e-19
31,38,0.00013079806584677807,-7.617771151195367e-19
31,39,0.00013208547100571435,-1.3150613016941808e-18
31,40,0.00013352910526953746,-1.1383633955411507e-18
31,41,0.00013517536682531903,-1.2950211061256789e-18
31,42,0.0001369608545045347,-1.527147282276356e-18
31,43,0.00013893388148782283,-1.7023820254571286e-18
31,44,0.00014102201350215329,-2.0368989269863422e-18
31,45,0.00014327683950631374,-1.9551632886946516e-18
31,46,0.00014561391661903328,-2.756689630593762e-18
31,47,0.00014809036676797257,-4.199163501169985e-18
31,48,0.0001506058783125149,-3.7274937318808934e-18
31,49,0.00015322696985645135,-2.167893429684015e-18
31,50,0.0001558321547048981,-1.2809599459483588e-18
31,51,0.0001585040401095667,-4.127030762387055e-19
31,52,0.0001610919596755369,7.169151038305696e-19
31,53,0.00016370641693841273,1.1122278143722504e-18
31,54,0.00016615392728146387,1.1955042677483378e-18
31,55,0.00016859468622775894,1.3878208329942916e-18
31,56,0.0001707657051069576,1.4118183756418806e-18
31,57,0.00017292097434951396,2.099355166072867e-18
31,58,0.00017466690408314274,2.6537855562922974e-18
31,59,0.00017645670018430793,2.274796583549158e-18
31,60,0.00017759696341094268,2.023797640680001e-18
31,61,0.00017914599577942048,2.983819892716059e-18
31,62,0.00018055006693104694,5.103784604459812e-18
31,63,0.00019443434806063452,7.981448150810787e-18
32,0,0.00014501413614886118,0.0
32,1,0.00016507663370718916,1.991746521016216e-22
32,2,0.00017797470006240013,4.33490809492626e-22
32,3,0.0001778049910942286,2.6485128861380607e-21
32,4,0.00017718855045744248,1.6940658945086007e-21
32,5,0.0001756084217796224,-1.7595358858063705e-21
32,6,0.0001741639411119767,-1.7069883471582087e-21
32,7,0.00017221378911669722,-3.643225884911349e-22
32,8,0.00017026589202325283,1.983262721720532e-22
32,9,0.00016798730330614016,2.4973819409863338e-21
32,10,0.00016569349485325333,6.246420751920919e-23
32,11,0.00016318517091016413,8.484842560408083e-22
32,12,0.00016068487226449495,-1.3357791530750784e-21
32,13,0.00015806083688165245,2.0575088840128069e-22
32,14,0.00015548213206736984,-2.2756496690433265e-21
32,15,0.00015285409239267298,-1.0724377473387634e-21
32,16,0.0001503110092951375,0.0
32,17,0.00014777943242749034,3.481427322712035e-21
32,18,0.0001453691138595175,9.974335865475799e-24
32,19,0.00014301895786576852,-1.6925309685402286e-21
32,20,0.00014082056138583828,-3.3881317890172014e-21
32,21,0.00013872008643641963,1.4628824551580517e-22
32,22,0.00013679541571414615,-1.7069883471582087e-21
32,23,0.00013499699799708365,-1.6348720093725855e-21
32,24,0.0001333923368357958,1.983262721720532e-22
32,25,0.00013193440518456353,3.1167991880043463e-21
32,26,0.00013068294266583276,-5.1004379665139315e-22
32,27,0.00012959234311157676,-1.5898205856993947e-21
32,28,0.0001287166701146573,-2.407904919617015e-21
32,29,0.0001280109541434267,-2.4715005547733545e-22
32,30,0.00012752525424127066,5.996815897114094e-22
32,31,0.00012721455694925267,5.556100321937109e-22
32,32,0.00012712624941912048,0.0
32,33,0.00012721455694925267,-2.2434182152552856e-22
32,34,0.00012752525424127066,-4.1354213776167437e-22
32,35,0.00012801095414342666,-2.4336847973877414e-21
32,36,0.0001287166701146573,-1.6940658945086007e-21
32,37,0.0001295923431115768,1.6285959032108308e-21
32,38,0.00013068294266583276,1.6811434418589926e-21
32,39,0.00013193440518456353,-3.643225884911349e-22
32,40,0.0001333923368357958,-1.983262721720532e-22
32,41,0.00013499699799708365,-2.5565806187441424e-21
32,42,0.00013679541571414615,-2.9417111606373587e-22
32,43,0.00013872008643641963,-1.3594364287864177e-21
32,44,0.00014082056138583828,1.1240209162615033e-21
32,45,0.00014301895786576852,-2.0220329543760057e-22
32,46,0.0001453691138595175,2.195615455935755e-21
32,47,0.00014777943242749034,1.4089927386722048e-21
32,48,0.0001503110092951375,0.0
32,49,0.00015285409239267298,-3.2948362553223672e-21
32,50,0.00015548213206736984,9.974335865475799e-24
32,51,0.00015806083688165245,1.6956008204769728e-21
32,52,0.00016068487226449495,3.3881317890172014e-21
32,53,0.00016318517091016413,1.4628824551580517e-22
32,54,0.00016569349485325333,1.6811434418589926e-21
32,55,0.00016798730330614016,1.753259779644616e-21
32,56,0.00017026589202325283,-1.983262721720532e-22
32,57,0.00017221378911669722,-3.175997865762155e-21
32,58,0.0001741639411119767,7.018533617340166e-22
32,59,0.00017560842177962243,1.9259013602080853e-21
32,60,0.00017718855045744248,2.6196631564305902e-21
32,61,0.00017780499109422857,3.8939411627440507e-23
32,62,0.00017797470006240013,-4.679575660054058e-22
32,63,0.00016507663370718916,-3.2493415926705723e-22
33,0,0.00021486531335887778,-2.0101464690262257e-18
33,1,0.00019443434806064858,-1.985079464502465e-18
33,2,0.00018055006693105068,-1.7760530814401555e-18
33,3,0.00017914599577941858,-1.1618962915552206e-18
33,4,0.00017759696341093943,-5.319730326287472e-19
33,5,0.000176456700184306,-3.600830096108856e-19
33,6,0.00017466690408314136,-5.024803007349402e-19
33,7,0.00017292097434951228,-5.433950167088556e-19
33,8,0.00017076570510695532,-4.548050263117789e-19
33,9,0.00016859468622775715,-3.2286443089982273e-19
33,10,0.00016615392728146368,-3.6372171808404624e-19
33,11,0.00016370641693841316,-4.513506266931394e-19
33,12,0.0001610919596755374,-1.1064099310635672e-19
33,13,0.00015850404010956632,5.648449262702161e-19
33,14,0.00015583215470489715,9.81719298999232e-19
33,15,0.00015322696985645295,9.224861696941203e-19
33,16,0.0001506058783125183,9.513871398388836e-19
33,17,0.00014809036676797743,9.444369231357363e-19
33,18,0.0001456139166190377,5.7043994069107e-19
33,19,0.00014327683950631675,1.5365175464911463e-19
33,20,0.0001410220135021573,-1.431849098390233e-19
33,21,0.00013893388148782695,1.1976212470565813e-20
33,22,0.00013696085450453803,4.1739747998322996e-19
33,23,0.00013517536682532304,7.593416561682583e-19
33,24,0.00013352910526954234,1.2263672655767751e-18
33,25,0.00013208547100571804,1.8069926714549784e-18
33,26,0.00013079806584677912,1.706775670858854e-18
33,27,0.0001297236168343279,1.1704145849087454e-18
33,28,0.00012881674401118108,6.742320550596568e-19
33,29,0.0001281293863451811,4.2663309595815907e-19
33,30,0.00012761647957091943,3.5759505951019833e-19
33,31,0.00012732667948382192,4.474089164199409e-19
33,32,0.00012721455694925292,5.136078900327805e-19
33,33,0.00012732667948382192,4.4505806117012275e-19
33,34,0.00012761647957091943,3.559288467989184e-19
33,35,0.0001281293863451811,4.2544345159933825e-19
33,36,0.00012881674401118108,6.742018842613765e-19
33,37,0.0001297236168343279,1.1713525590248893e-18
33,38,0.00013079806584677912,1.7082756915987836e-18
33,39,0.00013208547100571804,1.8045803130800648e-18
33,40,0.00013352910526954234,1.227079504777952e-18
33,41,0.00013517536682532304,7.545829208546091e-19
33,42,0.00013696085450453803,4.1904692060864977e-19
33,43,0.00013893388148782695,8.033814233508776e-21
33,44,0.0001410220135021573,-1.4184750868151788e-19
33,45,0.00014327683950631677,1.5266328519694183e-19
33,46,0.0001456139166190377,5.760189838193441e-19
33,47,0.00014809036676797743,9.465262948318693e-19
33,48,0.0001506058783125183,9.513871398388836e-19
33,49,0.00015322696985645295,9.24108132401633e-19
33,50,0.00015583215470489715,9.871801507401857e-19
33,51,0.00015850404010956634,5.63615701120196e-19
33,52,0.0001610919596755374,-1.093035919488513e-19
33,53,0.00016370641693841316,-4.55585974413808e-19
33,54,0.00016615392728146368,-3.6187283149072636e-19
33,55,0.00016859468622775715,-3.282486481062633e-19
33,56,0.00017076570510695532,-4.54092787110602e-19
33,57,0.00017292097434951228,-5.468759590854863e-19
33,58,0.00017466690408314136,-5.007562094892835e-19
33,59,0.000176456700184306,-3.5969911895838443e-19
33,60,0.00017759696341093943,-5.3200320342702755e-19
33,61,0.00017914599577941858,-1.1636922131634484e-18
33,62,0.00018055006693105068,-1.7778128610009286e-18
33,63,0.00019443434806064858,-1.988445218421358e-18
34,0,0.00014759243654981465,-9.973724916049248e-19
34,1,0.0001678397726142895,-8.778820754970642e-19
34,2,0.00018083535664970506,-6.846886790126545e-19
34,3,0.00018061996377455476,-5.596711985059412e-19
34,4,0.00017993785318399952,-4.557057923999855e-19
34,5,0.00017826862219502451,-3.745110898869763e-19
34,6,0.0001767242114529325,-2.806302302367682e-19
34,7,0.00017465929022094317,-1.3239583477778112e-19
34,8,0.0001725890114303417,3.3143594446287486e-20
34,9,0.00017017953363588712,1.3990813167488615e-19
34,10,0.00016775163433009138,1.3132260857819689e-19
34,11,0.0001651061926999914,6.338537068948493e-20
34,12,0.00016246979891430146,2.051193773304369e-20
34,13,0.00015971106467627425,2.4432583556933513e-20
34,14,0.00015700207275007967,3.184746315630678e-20
34,15,0.00015424834608719845,3.818879593748802e-20
34,16,0.00015158631250240893,1.0413018202248191e-19
34,17,0.000148942398653322,2.1749034398035633e-19
34,18,0.00014642778291619273,2.6758811193799264e-19
34,19,0.00014398094980716373,2.0890532200892955e-19
34,20,0.0001416943937968237,5.950199776744269e-20
34,21,0.00013951363987659192,-9.499021729305718e-20
34,22,0.00013751711250170173,-1.6649254059425122e-19
34,23,0.00013565450248135896,-1.3112528535689967e-19
34,24,0.0001339936474116539,-2.8494614181248367e-20
34,25,0.00013248672809774054,5.872875895748149e-20
34,26,0.000131193726327798,9.979054060338468e-20
34,27,0.0001300682758952263,1.3947869184753654e-19
34,28,0.00012916467477208093,2.01598175037943e-19
34,29,0.0001284372696905549,2.460063365042721e-19
34,30,0.00012793640335197215,2.742172695623554e-19
34,31,0.00012761647957091658,3.1927317883504695e-19
34,32,0.00012752525424126448,3.480727526801562e-19
34,33,0.00012761647957091658,3.198225119205165e-19
34,34,0.00012793640335197215,2.7330558433195917e-19
34,35,0.0001284372696905549,2.450101013856441e-19
34,36,0.00012916467477208093,2.0159177466935157e-19
34,37,0.0001300682758952263,1.387908761491297e-19
34,38,0.000131193726327798,1.0053459602766696e-19
34,39,0.00013248672809774054,6.072767719619935e-20
34,40,0.0001339936474116539,-2.9426248148266476e-20
34,41,0.00013565450248135896,-1.3115373013444486e-19
34,42,0.00013751711250170173,-1.6616214581726365e-19
34,43,0.00013951363987659192,-9.473115425508663e-20
34,44,0.0001416943937968237,6.439898167485611e-20
34,45,0.00014398094980716373,2.1023910014404965e-19
34,46,0.00014642778291619273,2.730316247008376e-19
34,47,0.000148942398653322,2.204088323293061e-19
34,48,0.00015158631250240893,1.0413018202248191e-19
34,49,0.00015424834608719845,4.1307490951461863e-20
34,50,0.00015700207275007967,3.719515028482295e-20
34,51,0.00015971106467627425,2.594620540200068e-20
34,52,0.00016246979891430146,2.562067987727068e-20
34,53,0.0001651061926999914,6.425197679075129e-20
34,54,0.00016775163433009138,1.316630568392625e-19
34,55,0.00017017953363588712,1.3992525776447644e-19
34,56,0.0001725890114303417,3.2211960479269377e-20
34,57,0.00017465929022094317,-1.3044248740619873e-19
34,58,0.0001767242114529325,-2.798962282965639e-19
34,59,0.00017826862219502451,-3.7411238275417035e-19
34,60,0.00017993785318399952,-4.555004345317634e-19
34,61,0.00018061996377455476,-5.60000244387262e-19
34,62,0.00018083535664970506,-6.857162968455356e-19
34,63,0.0001678397726142895,-8.772153117213983e-19
35,0,0.0002214463801352953,-8.334573269731586e-19
35,1,0.0002005990468076586,-7.381521465330993e-19
35,2,0.00018638971790170257,-5.390912080826549e-19
35,3,0.0001848682851157758,-2.733560144268505e-19
35,4,0.0001831664334857764,-7.784950447710492e-20
35,5,0.00018185236926601515,1.6393645070488312e-19
35,6,0.00017985130491682751,1.6923995527466354e-19
35,7,0.00017787472732738063,1.324002503121186e-19
35,8,0.0001754653895505674,1.8445382402330847e-19
35,9,0.00017302936815740522,9.623323557800385e-20
35,10,0.0001703123675545568,1.669014544960144e-19
35,11,0.0001675868261385954,3.485658478825363e-19
35,12,0.00016469330660687237,6.08030887748088e-19
35,13,0.00016183242457301758,6.623142385668449e-19
35,14,0.00015889431749514273,4.9659360613039385e-19
35,15,0.00015603481088623578,4.2579373768172665e-19
35,16,0.00015317135537734652,4.3006128406755053e-19
35,17,0.00015042896072498639,4.804635667698219e-19
35,18,0.00014774050891053816,1.805691597282801e-19
35,19,0.00014520857136491068,-2.3015733411688116e-19
35,20,0.00014277489285872085,-2.0829257835426717e-19
35,21,0.00014052528677016172,-1.232077184143247e-19
35,22,0.00013840669230378024,-1.1239849968739132e-19
35,23,0.00013649235857591163,-6.411139345087908e-20
35,24,0.00013473235563042532,-3.586592344386811e-20
35,25,0.00013319061353772094,3.020237718785909e-20
35,26,0.0001318191293842172,2.124896080311433e-19
35,27,0.00013067507429707724,2.221248074548154e-19
35,28,0.0001297115862368029,1.354173084444527e-19
35,29,0.0001289811034582112,1.5875563202553063e-20
35,30,0.0001284372696905534,-3.328835975036055e-19
35,31,0.00012812938634517741,-6.466225987146022e-19
35,32,0.00012801095414342217,-7.978716374038936e-19
35,33,0.00012812938634517741,-6.49637203545025e-19
35,34,0.00012843726969055344,-3.324151689526056e-19
35,35,0.0001289811034582112,1.2941121745103038e-20
35,36,0.0001297115862368029,1.3729686412548737e-19
35,37,0.00013067507429707724,2.2661688880170134e-19
35,38,0.0001318191293842172,2.1667380032090436e-19
35,39,0.00013319061353772094,3.414442843061976e-20
35,40,0.00013473235563042532,-3.489519135090958e-20
35,41,0.00013649235857591163,-6.17254111229878e-20
35,42,0.00013840669230378024,-1.104622564488505e-19
35,43,0.0001405252867701617,-1.2382434511314791e-19
35,44,0.00014277489285872085,-2.0151177796225597e-19
35,45,0.0001452085713649107,-2.275813924572962e-19
35,46,0.00014774050891053816,1.8305036042730208e-19
35,47,0.00015042896072498639,4.810800364804933e-19
35,48,0.00015317135537734652,4.3006128406755053e-19
35,49,0.00015603481088623578,4.2625345814554665e-19
35,50,0.00015889431749514273,4.99053547895897e-19
35,51,0.0001618324245730176,6.6430945818365995e-19
35,52,0.00016469330660687237,6.150234463769127e-19
35,53,0.00016758682613859536,3.477426002590663e-19
35,54,0.0001703123675545568,1.688164388010364e-19
35,55,0.00017302936815740522,9.851893242194659e-20
35,56,0.0001754653895505674,1.85424556116267e-19
35,57,0.00017787472732738063,1.3644258703882782e-19
35,58,0.00017985130491682751,1.734454064979434e-19
35,59,0.00018185236926601515,1.6821163650278868e-19
35,60,0.0001831664334857764,-7.575819055925668e-20
35,61,0.0001848682851157758,-2.769802832624121e-19
35,62,0.0001863897179017026,-5.38601520598136e-19
35,63,0.0002005990468076586,-7.412217603534843e-19
36,0,0.00015564636440794577,-1.2127129524517428e-18
36,1,0.0001764611131646032,-1.1379675929547984e-18
36,2,0.00018975221533186988,-9.256802310781944e-19
36,3,0.00018938872033098938,-6.833440141165238e-19
36,4,0.00018849456427086735,-4.888174199045364e-19
36,5,0.0001865392139982279,-3.5356457510428315e-19
36,6,0.00018467396968415749,-2.656270416623323e-19
36,7,0.0001822417343123156,-2.050729882169853e-19
36,8,0.0001797804749815357,-1.6072513843753697e-19
36,9,0.00017695411217605355,-1.2432472454203011e-19
36,10,0.00017410019711144994,-9.892238741152406e-20
36,11,0.00017102049558774082,-7.577779738772517e-20
36,12,0.00016795431218541448,-6.041181511591437e-20
36,13,0.00016477155988816865,-4.2645652329855444e-20
36,14,0.0001616536655430316,-3.2359395006538596e-20
36,15,0.00015850671642366794,-2.8276012385552723e-20
36,16,0.00015547364005037486,-3.0890232795180265e-20
36,17,0.0001524803620381308,-4.015995375402173e-20
36,18,0.0001496422990471962,-6.382420724694376e-20
36,19,0.0001468964743227881,-8.25858962764113e-20
36,20,0.00014433797100316855,-9.748819827304963e-20
36,21,0.00014191018224012658,-1.0093699858568804e-19
36,22,0.00013969303938761153,-9.706748515872653e-20
36,23,0.00013763375314383274,-7.907683731290814e-20
36,24,0.00013580105921098687,-4.562839489861803e-20
36,25,0.00013414458703748115,-1.270664169488356e-20
36,26,0.00013272496849618505,2.453827714918479e-20
36,27,0.0001314934187935519,6.311927519603697e-20
36,28,0.00013050489392023746,9.477499199247719e-20
36,29,0.0001297115862368051,1.358699727783734e-19
36,30,0.00012916467477208234,1.5525132996671154e-19
36,31,0.00012881674401118268,1.7034454869982465e-19
36,32,0.00012871667011466045,1.7387998220354684e-19
36,33,0.00012881674401118268,1.694277611322142e-19
36,34,0.00012916467477208234,1.5428677667103855e-19
36,35,0.0001297115862368051,1.2980761524760451e-19
36,36,0.00013050489392023748,9.902344548994805e-20
36,37,0.0001314934187935519,6.317563494483265e-20
36,38,0.00013272496849618505,2.5752292193147022e-20
36,39,0.00013414458703748115,-1.1949476243004824e-20
36,40,0.00013580105921098687,-4.653323584374963e-20
36,41,0.00013763375314383274,-7.789732771793839e-20
36,42,0.00013969303938761153,-9.519583893281576e-20
36,43,0.00014191018224012658,-1.0227263994679312e-19
36,44,0.00014433797100316855,-9.411875819879205e-20
36,45,0.0001468964743227881,-8.126686553695426e-20
36,46,0.0001496422990471962,-6.139095762406368e-20
36,47,0.0001524803620381308,-4.140710822829875e-20
36,48,0.00015547364005037486,-3.0890232795180265e-20
36,49,0.00015850671642366794,-2.999555838697013e-20
36,50,0.0001616536655430316,-2.994288935677175e-20
36,51,0.00016477155988816865,-4.192831480820488e-20
36,52,0.00016795431218541448,-5.683061680484321e-20
36,53,0.00017102049558774082,-7.722007606256764e-20
36,54,0.00017410019711144994,-9.706748515872653e-20
36,55,0.00017695411217605355,-1.2312255057013174e-19
36,56,0.0001797804749815357,-1.6162997938266857e-19
36,57,0.0001822417343123156,-2.0391497066840807e-19
36,58,0.00018467396968415749,-2.6439628264525685e-19
36,59,0.0001865392139982279,-3.529780615681229e-19
36,60,0.00018849456427086738,-4.84357208170252e-19
36,61,0.00018938872033098938,-6.892281949031135e-19
36,62,0.00018975221533186988,-9.266280404007541e-19
36,63,0.0001764611131646032,-1.1388355054688954e-18
37,0,0.00023537106029772144,2.4079262792992545e-19
37,1,0.00021365473054352593,3.9849401652581887e-19
37,2,0.00019875991670303847,4.414516581288707e-19
37,3,0.00019697888173618385,5.438614522383896e-19
37,4,0.00019493860097172694,7.814692862456491e-19
37,5,0.00019323845363191736,7.411446642349021e-19
37,6,0.00019077056208717823,3.48968233969406e-19
37,7,0.00018828525682181002,-9.497514527863493e-20
37,8,0.00018531808223026146,-2.162366456528297e-19
37,9,0.00018230216070130346,-3.651984838932494e-19
37,10,0.00017898347755794603,-6.111221939957139e-19
37,11,0.0001756548359063704,-7.223243480780323e-19
37,12,0.00017215887841244638,-5.191175337574019e-19
37,13,0.00016871134474123354,-2.4943635368780104e-19
37,14,0.00016520381399177012,-1.741757892661613e-19
37,15,0.00016180278885951193,5.806483067803118e-20
37,16,0.00015842566437464678,4.1865635356655445e-19
37,17,0.00015520450846575565,6.636153290164149e-19
37,18,0.0001520706301942129,5.968822039500348e-19
37,19,0.00014913094234891174,1.1420398974364575e-19
37,20,0.0001463244680469789,-2.5275794235185162e-19
37,21,0.00014373951531171852,-1.7238036937886078e-19
37,22,0.00014131963069139968,-1.397697765963253e-19
37,23,0.00013913945631394457,-2.296533838920687e-19
37,24,0.00013714543446523774,-2.4585786448481374e-19
37,25,0.00013540236579157706,-1.9932633999982102e-19
37,26,0.0001338587176438566,-1.3760495202965082e-19
37,27,0.00013257242570459843,2.2203666912082132e-20
37,28,0.00013149341879355354,2.7293814743472433e-19
37,29,0.00013067507429707846,6.907859258156183e-19
37,30,0.00013006827589522567,1.054469690891853e-18
37,31,0.0001297236168343285,1.21358011168566e-18
37,32,0.00012959234311157492,1.2618242255614326e-18
37,33,0.0001297236168343285,1.21122212941632e-18
37,34,0.00013006827589522567,1.0538564789937298e-18
37,35,0.0001306750742970785,6.878570532716207e-19
37,36,0.00013149341879355354,2.7833171557659474e-19
37,37,0.00013257242570459846,2.6248856752272702e-20
37,38,0.0001338587176438566,-1.3214648007103657e-19
37,39,0.00013540236579157706,-1.9661909894915097e-19
37,40,0.00013714543446523774,-2.4528948247153903e-19
37,41,0.00013913945631394457,-2.2965399437746495e-19
37,42,0.00014131963069139968,-1.3683715016671307e-19
37,43,0.00014373951531171852,-1.6757688037419523e-19
37,44,0.0001463244680469789,-2.4431988338523584e-19
37,45,0.00014913094234891177,1.1950715886728277e-19
37,46,0.0001520706301942129,6.0200008347338145e-19
37,47,0.00015520450846575568,6.664081178561914e-19
37,48,0.00015842566437464678,4.1865635356655445e-19
37,49,0.00016180278885951195,6.052787057135303e-20
37,50,0.00016520381399177012,-1.688355803678527e-19
37,51,0.00016871134474123357,-2.449379798921776e-19
37,52,0.00017215887841244638,-5.102559583171589e-19
37,53,0.0001756548359063704,-7.178695874106302e-19
37,54,0.00017898347755794603,-6.073319634806991e-19
37,55,0.00018230216070130346,-3.6517865545275674e-19
37,56,0.00018531808223026146,-2.1566826363955497e-19
37,57,0.00018828525682181002,-9.228834315385382e-20
37,58,0.00019077056208717823,3.552631677371262e-19
37,59,0.00019323845363191738,7.446915494651017e-19
37,60,0.00019493860097172694,7.8728637086114665e-19
37,61,0.00019697888173618387,5.40043309127897e-19
37,62,0.00019875991670303847,4.410396333294127e-19
37,63,0.00021365473054352593,3.9583050849249294e-19
38,0,0.00017020729021868257,-8.727526846239076e-20
38,1,0.00019201241860869868,-9.560510093649912e-20
38,2,0.00020580500594806185,-2.8928292653775806e-20
38,3,0.00020515371804531087,1.8573682957002657e-19
38,4,0.00020385060544603656,5.057130717794724e-19
38,5,0.0002013492008847295,7.726016618742596e-19
38,6,0.00019887205653834982,8.229612987289699e-19
38,7,0.00019574363086026855,6.392188755355227e-19
38,8,0.00019254408430258087,3.5457489684988347e-19
38,9,0.00018893532344120572,1.387739295602842e-19
38,10,0.00018528595696782132,2.755812399310739e-20
38,11,0.00018140054272437536,3.6840360774055085e-20
38,12,0.00017754156012858,1.4105699067406655e-19
38,13,0.00017358168467168986,3.558116765246629e-19
38,14,0.00016971889619604093,5.940963614518067e-19
38,15,0.00016586014076693442,7.301929066184852e-19
38,16,0.00016215941160324963,6.8476963149019595e-19
38,17,0.00015854125423992547,4.811184570252726e-19
38,18,0.00015512793206660385,2.3386367923187087e-19
38,19,0.00015185326137934002,4.639990974669416e-20
38,20,0.000148816224214393,-3.765856388416121e-20
38,21,0.0001459558480945754,1.747178939705078e-20
38,22,0.00014335413336920055,1.1145362303535752e-19
38,23,0.00014095341675044243,1.3481075544558685e-19
38,24,0.00013882355618299657,1.104992516973886e-21
38,25,0.00013690931193026113,-1.8415475318981819e-19
38,26,0.00013527213176637646,-2.7789462679013667e-19
38,27,0.0001338587176438564,-2.998267168769594e-19
38,28,0.00013272496849618643,-3.6740507524800513e-19
38,29,0.00013181912938421954,-4.880870892404215e-19
38,30,0.0001311937263277969,-6.882704654079947e-19
38,31,0.00013079806584677975,-8.732509738781067e-19
38,32,0.00013068294266583124,-9.486384723464852e-19
38,33,0.00013079806584677975,-8.727578300423198e-19
38,34,0.0001311937263277969,-6.853788267758585e-19
38,35,0.00013181912938421954,-4.935835941279223e-19
38,36,0.00013272496849618643,-3.633427321034397e-19
38,37,0.0001338587176438564,-2.9804798345517607e-19
38,38,0.00013527213176637646,-2.7479340091260343e-19
38,39,0.00013690931193026113,-1.8748528098467443e-19
38,40,0.00013882355618299657,1.0107465291345636e-21
38,41,0.00014095341675044245,1.3478147528538892e-19
38,42,0.00014335413336920055,1.13185109839115e-19
38,43,0.0001459558480945754,1.0896109903544069e-20
38,44,0.000148816224214393,-2.706225473105284e-20
38,45,0.00015185326137934002,4.931447975825047e-20
38,46,0.00015512793206660385,2.393356556341537e-19
38,47,0.00015854125423992547,4.833658804772441e-19
38,48,0.00016215941160324963,6.8476963149019595e-19
38,49,0.00016586014076693442,7.318402094125455e-19
38,50,0.00016971889619604093,5.997819124457287e-19
38,51,0.00017358168467168986,3.5810803433627666e-19
38,52,0.00017754156012858,1.5207681630080206e-19
38,53,0.00018140054272437536,3.1024316553119585e-20
38,54,0.00018528595696782132,3.013846009894469e-20
38,55,0.00018893532344120575,1.3819888723460405e-19
38,56,0.00019254408430258087,3.5448065086204417e-19
38,57,0.00019574363086026855,6.356929560773012e-19
38,58,0.00019887205653834982,8.269077411989318e-19
38,59,0.0002013492008847295,7.753148259179802e-19
38,60,0.00020385060544603656,5.10198931397665e-19
38,61,0.00020515371804531087,1.8001150393521394e-19
38,62,0.00020580500594806185,-2.582671213965164e-20
38,63,0.00019201241860869868,-9.514711115324166e-20
39,0,0.00025833818525945057,6.199728282742315e-18
39,1,0.00023522040865951298,4.6158644413968105e-18
39,2,0.00021919975075497408,2.4831396221046675e-18
39,3,0.0002169580314074585,9.110952037872612e-19
39,4,0.00021431633035426785,3.7091598096866997e-19
39,5,0.00021192721538599744,1.0531263159522271e-19
39,6,0.00020863337150772295,-3.475938785974718e-19
39,7,0.00020525101648234472,4.383727990662989e-19
39,8,0.00020130763523689321,1.4694474730845612e-18
39,9,0.00019728277582042043,1.5712639184121596e-18
39,10,0.0001929254296594204,1.428777336251462e-18
39,11,0.00018856295253508553,1.591298229981975e-18
39,12,0.0001840426027054682,1.3235426049697403e-18
39,13,0.00017960502105916586,1.021812171655704e-18
39,14,0.00017514423293799074,4.880676013231506e-19
39,15,0.00017084354334918526,1.8292503022206365e-19
39,16,0.00016661962387577974,1.01303109156708e-18
39,17,0.00016261498696715633,1.7378582448635115e-18
39,18,0.00015875742563461115,1.774173045252818e-18
39,19,0.00015515975611085685,1.2596492615824058e-18
39,20,0.00015175559747919253,9.43510253312577e-19
39,21,0.00014863626243491324,8.405372298119553e-19
39,22,0.00014573895353052772,5.155326946546603e-19
39,23,0.00014313973513583534,1.893451125735346e-19
39,24,0.0001407785357424312,6.035939768005819e-20
39,25,0.0001387209550793039,-5.6812597501910445e-19
39,26,0.0001369093119302624,-1.1048888577004183e-18
39,27,0.0001354023657915771,-1.3050319474535558e-18
39,28,0.00013414458703748096,-1.0269950754483065e-18
39,29,0.0001331906135377231,-3.9878254425462004e-19
39,30,0.00013248672809774056,-4.229874827601093e-20
39,31,0.00013208547100571885,-3.7974165930429813e-19
39,32,0.00013193440518456702,-8.763439877692322e-19
39,33,0.00013208547100571885,-3.8501807919257873e-19
39,34,0.0001324867280977406,-3.9324494818638926e-20
39,35,0.0001331906135377231,-4.034999303514129e-19
39,36,0.00013414458703748096,-1.024994316106417e-18
39,37,0.0001354023657915771,-1.3041501926359332e-18
39,38,0.0001369093119302624,-1.1031472675483077e-18
39,39,0.0001387209550793039,-5.679023422718099e-19
39,40,0.0001407785357424312,6.15241151494202e-20
39,41,0.00014313973513583534,1.9117052719192172e-19
39,42,0.00014573895353052772,5.238738940441985e-19
39,43,0.00014863626243491324,8.400647230802183e-19
39,44,0.00015175559747919253,9.493014091297475e-19
39,45,0.00015515975611085685,1.2614619539688964e-18
39,46,0.00015875742563461115,1.7795786673076446e-18
39,47,0.00016261498696715633,1.7402470652856705e-18
39,48,0.00016661962387577974,1.01303109156708e-18
39,49,0.00017084354334918526,1.8609388549363309e-19
39,50,0.00017514423293799074,4.93459229004316e-19
39,51,0.00017960502105916586,1.0224800363512017e-18
39,52,0.0001840426027054682,1.329757277260538e-18
39,53,0.00018856295253508553,1.592702486973774e-18
39,54,0.0001929254296594204,1.437104541267339e-18
39,55,0.00019728277582042043,1.5717028824925528e-18
39,56,0.00020130763523689321,1.470612190553923e-18
39,57,0.00020525101648234472,4.365947505625702e-19
39,58,0.00020863337150772295,-3.458382940717002e-19
39,59,0.00021192721538599744,1.0770575447832648e-19
39,60,0.00021431633035426785,3.733402567841866e-19
39,61,0.0002169580314074585,9.049815465396984e-19
39,62,0.0002191997507549741,2.4861278699357005e-18
39,63,0.00023522040865951298,4.610866777843187e-18
40,0,0.00019327022739601572,2.274840271468625e-20
40,1,0.0002165619634417721,2.656818505140343e-20
40,2,0.00023107120966213922,2.3679838358048274e-20
40,3,0.0002299142803847347,2.6725654822712455e-20
40,4,0.00022790004668051252,2.1314455410323778e-20
40,5,0.0002244628411985888,1.7432384775371302e-20
40,6,0.00022093888220489904,1.28028529036367e-20
40,7,0.0002166304098099613,1.0498924493874951e-20
40,8,0.00021218697532741874,7.083528732985676e-21
40,9,0.00020727217632980215,3.406887007915306e-21
40,10,0.00020230554982276044,-1.6335792723567259e-21
40,11,0.0001970987078701517,5.089054531816372e-22
40,12,0.00019195106084952382,-8.38028637615481e-21
40,13,0.00018674031582523537,-2.467047217877977e-21
40,14,0.00018168957606036788,-1.2975189543862764e-20
40,15,0.00017670646473525053,-1.7267518349211827e-20
40,16,0.0001719606502919797,-9.192046006643887e-21
40,17,0.00016737317153589306,-1.2818846995921534e-20
40,18,0.00016307509081297947,-1.2742578373886641e-20
40,19,0.00015899373088932626,-1.181434427735821e-20
40,20,0.00015523239413535916,-1.7649060163374038e-20
40,21,0.000151722001167651,-6.284537747749108e-21
40,22,0.00014854634388565836,-7.525937830466508e-21
40,23,0.00014563918666626082,-1.3853272739686183e-20
40,24,0.00014307107481937597,-1.2663950488337019e-20
40,25,0.0001407785357424305,-1.3126143021464349e-20
40,26,0.00013882355618299945,-1.465028135843649e-20
40,27,0.00013714543446523994,-2.1331642230959922e-20
40,28,0.0001358010592109882,-2.0674662426987973e-20
40,29,0.00013473235563042597,-1.2952146480192073e-20
40,30,0.00013399364741165207,-2.1439942685983625e-20
40,31,0.00013352910526953697,-1.98068795082408e-20
40,32,0.00013339233683579228,-1.6483682095035743e-20
40,33,0.00013352910526953697,-2.0018627047583088e-20
40,34,0.00013399364741165207,-1.6977743110158143e-20
40,35,0.00013473235563042597,-2.0708190223528364e-20
40,36,0.0001358010592109882,-1.5954994268865437e-20
40,37,0.00013714543446523996,-1.306080132578351e-20
40,38,0.00013882355618299945,-1.0914069619483709e-20
40,39,0.0001407785357424305,-9.829866240228257e-21
40,40,0.00014307107481937597,-1.0359792359536813e-20
40,41,0.00014563918666626082,-9.251667870361318e-21
40,42,0.00014854634388565836,-7.498106131845798e-21
40,43,0.000151722001167651,-1.386840590990725e-20
40,44,0.00015523239413535916,-7.436076163744354e-21
40,45,0.00015899373088932626,-1.3627840114815764e-20
40,46,0.00016307509081297947,-5.7427439999257246e-21
40,47,0.00016737317153589306,-8.423161815073453e-22
40,48,0.0001719606502919797,-9.192046006643887e-21
40,49,0.00017670646473525053,-6.042583417887131e-21
40,50,0.00018168957606036788,-5.966314795852238e-21
40,51,0.00018674031582523537,-5.0380806993238075e-21
40,52,0.00019195106084952382,2.679730570729172e-21
40,53,0.0001970987078701517,-6.284537747749108e-21
40,54,0.00020230554982276044,-7.49674252432105e-22
40,55,0.00020727217632980215,6.475517994417025e-21
40,56,0.00021218697532741874,9.387686861785882e-21
40,57,0.0002166304098099613,1.2363559842544139e-20
40,58,0.00022093888220489904,1.7377057215794174e-20
40,59,0.00022446284119858882,2.6606866613828915e-20
40,60,0.00022790004668051252,2.6881156515700614e-20
40,61,0.0002299142803847347,1.8880115776110142e-20
40,62,0.00023107120966213922,2.813299755982415e-20
40,63,0.0002165619634417721,2.6261000447896335e-20
41,0,0.0002933967251442335,1.4260134073438466e-22
41,1,0.0002682042974510873,2.413924278772864e-19
41,2,0.0002504703725575542,-1.0962541780561606e-19
41,3,0.00024745080215612925,-1.2158724246906793e-18
41,4,0.00024379264973266887,-8.2534823937349365e-19
41,5,0.00024023445040051572,-1.3546132989481243e-19
41,6,0.00023555519406351388,-2.8165914287566196e-19
41,7,0.00023067639002584596,2.3947684386786156e-19
41,8,0.00022512186484223258,7.096719734741394e-19
41,9,0.00021944618594767359,3.5879777604514346e-19
41,10,0.00021340828599681594,-2.3174419212046635e-19
41,11,0.00020739006514162729,-5.567213091118745e-19
41,12,0.00020124788673799417,-5.969345971278836e-19
41,13,0.0001952597844638138,-2.3001202718885217e-19
41,14,0.0001893230870920726,-3.3499141585100523e-19
41,15,0.0001836445121379643,-5.301237914552029e-19
41,16,0.0001781378231673096,-1.024876714774963e-19
41,17,0.0001729585900849976,2.583330868223724e-19
41,18,0.0001680270304293467,-3.0851353710966133e-20
41,19,0.00016346216988444984,-2.5957222724057414e-19
41,20,0.0001591873807446573,2.422580672256964e-20
41,21,0.00015529623655074215,1.3728327912107228e-19
41,22,0.0001517147416137893,-7.492213297600358e-19
41,23,0.00014851939440193858,-1.5223516864210831e-18
41,24,0.00014563918666626484,-8.935027623545732e-19
41,25,0.00014313973513583358,2.4903856373866794e-19
41,26,0.00014095341675044189,7.157746756743861e-19
41,27,0.0001391394563139428,1.6570280781326032e-19
41,28,0.00013763375314383242,-7.761942627483458e-20
41,29,0.00013649235857591128,4.0334716452886187e-19
41,30,0.00013565450248135912,9.64994606245142e-19
41,31,0.0001351753668253215,1.4496894837951382e-18
41,32,0.00013499699799708216,1.7642558741748316e-18
41,33,0.0001351753668253215,1.4441792129783929e-18
41,34,0.00013565450248135912,9.644123593128368e-19
41,35,0.00013649235857591128,3.9687830688150863e-19
41,36,0.00013763375314383242,-7.657111400069215e-20
41,37,0.0001391394563139428,1.728586629057529e-19
41,38,0.0001409534167504419,7.144516030953952e-19
41,39,0.00014313973513583358,2.5980563460196477e-19
41,40,0.0001456391866662648,-8.930450286523165e-19
41,41,0.00014851939440193858,-1.5163329327455777e-18
41,42,0.0001517147416137893,-7.457724958571803e-19
41,43,0.00015529623655074213,1.386752607934266e-19
41,44,0.0001591873807446573,2.789919202463794e-20
41,45,0.00016346216988444987,-2.5515259627540817e-19
41,46,0.0001680270304293467,-1.8089916445376323e-20
41,47,0.0001729585900849976,2.6013685206677153e-19
41,48,0.0001781378231673096,-1.024876714774963e-19
41,49,0.0001836445121379643,-5.277134882296183e-19
41,50,0.0001893230870920726,-3.2223068756644545e-19
41,51,0.00019525978446381382,-2.256909093504021e-19
41,52,0.00020124788673799417,-5.924141788785611e-19
41,53,0.00020739006514162726,-5.538956058384368e-19
41,54,0.00021340828599681594,-2.274490342513868e-19
41,55,0.00021944618594767359,3.614495882724808e-19
41,56,0.00022512186484223255,7.101297071763962e-19
41,57,0.00023067639002584596,2.468345926012921e-19
41,58,0.0002355551940635139,-2.821344735263684e-19
41,59,0.00024023445040051572,-1.2804513050889463e-19
41,60,0.00024379264973266887,-8.23452894152097e-19
41,61,0.00024745080215612925,-1.2239368351058251e-18
41,62,0.0002504703725575542,-1.1020695575689136e-19
41,63,0.0002682042974510873,2.3612265202660993e-19
42,0,0.00022832397542968386,-2.1061861953737887e-18
42,1,0.00025371447900613114,-1.7094268568357954e-18
42,2,0.00026915551779145184,-1.0152331914103605e-18
42,3,0.0002671221208413912,-5.245689521685295e-19
42,4,0.00026389057598961876,-2.470267505055161e-19
42,5,0.00025887955085369724,-1.132516200499416e-19
42,6,0.0002536014569790228,-6.934046431852295e-20
42,7,0.0002473398115676347,9.814703366569498e-22
42,8,0.00024085567576033164,1.4642985034552035e-19
42,9,0.00023382517303140377,3.141534077665514e-19
42,10,0.00022674861131261563,4.085034275942962e-19
42,11,0.00021945295805749317,3.805789552195147e-19
42,12,0.0002122934300096187,2.862667772477243e-19
42,13,0.00020515570508989857,3.2850429687574714e-19
42,14,0.00019829797624269029,5.29756975930005e-19
42,15,0.00019162665037572585,7.365057529808702e-19
42,16,0.00018533085787047704,7.594864355575699e-19
42,17,0.00017932313860473067,6.220313304816663e-19
42,18,0.00017374354903252576,4.272639177637131e-19
42,19,0.00016850655358738214,2.216670743625091e-19
42,20,0.00016371833596823325,6.04462093477949e-20
42,21,0.00015929520836999888,-1.20027883627976e-19
42,22,0.00015532092541914726,-2.421351855584002e-19
42,23,0.00015171474161378802,-7.948665965250158e-20
42,24,0.0001485463438856616,2.0228415622047121e-19
42,25,0.00014573895353052583,3.260344502977876e-19
42,26,0.00014335413336920064,2.43166098220314e-19
42,27,0.0001413196306913994,-4.131683771832467e-20
42,28,0.0001396930393876119,-3.6644768716119884e-19
42,29,0.00013840669230377894,-5.913762339968191e-19
42,30,0.00013751711250169977,-7.076906632705486e-19
42,31,0.00013696085450453304,-7.128260999749647e-19
42,32,0.00013679541571413656,-6.844017535186337e-19
42,33,0.00013696085450453304,-7.107750120229753e-19
42,34,0.00013751711250169977,-7.052191327152864e-19
42,35,0.00013840669230377894,-5.957197197378907e-19
42,36,0.00013969303938761194,-3.5883509954308377e-19
42,37,0.0001413196306913994,-3.871272069156316e-20
42,38,0.00014335413336920064,2.423676602710596e-19
42,39,0.00014573895353052583,3.330183856603427e-19
42,40,0.0001485463438856616,2.0084361420271582e-19
42,41,0.00015171474161378802,-7.080440646121518e-20
42,42,0.00015532092541914726,-2.456412453095812e-19
42,43,0.00015929520836999888,-1.2760011602231104e-19
42,44,0.00016371833596823325,7.687706436259539e-20
42,45,0.00016850655358738217,2.2419992364916964e-19
42,46,0.00017374354903252576,4.3361397501882865e-19
42,47,0.00017932313860473067,6.3082326292545065e-19
42,48,0.00018533085787047704,7.594864355575699e-19
42,49,0.00019162665037572585,7.440040748862855e-19
42,50,0.00019829797624269029,5.3568413501226355e-19
42,51,0.0002051557050898986,3.3008729161105954e-19
42,52,0.0002122934300096187,3.043916981570334e-19
42,53,0.00021945295805749317,3.7463935756853543e-19
42,54,0.00022674861131261563,4.0838611793290245e-19
42,55,0.00023382517303140377,3.203128914515282e-19
42,56,0.00024085567576033164,1.4498930832776496e-19
42,57,0.0002473398115676347,7.100043416504413e-21
42,58,0.0002536014569790228,-6.675138877953018e-20
42,59,0.00025887955085369724,-1.0889200597751865e-19
42,60,0.00026389057598961876,-2.3772009699289245e-19
42,61,0.0002671221208413912,-5.296566492527616e-19
42,62,0.00026915551779145184,-1.0131857956294954e-18
42,63,0.00025371447900613114,-1.7069291912926911e-18
43,0,0.000345771601445198,-3.905808982127875e-18
43,1,0.00031759490209989195,-3.296934106940297e-18
43,2,0.00029729811206160775,-2.099607003346434e-18
43,3,0.0002929583242911082,-1.268372128519189e-18
43,4,0.00028757563110093696,-1.0237443033396118e-18
43,5,0.00028202911866311855,-8.949800035074797e-19
43,6,0.00027502757107798184,-5.959669491645729e-19
43,7,0.0002676611185913948,-3.3184066842069706e-19
43,8,0.0002594658700098599,-1.2567125781612572e-19
43,9,0.0002511169260561835,-2.5881813063406705e-19
43,10,0.00024239784276663408,-5.017115415474512e-19
43,11,0.00023377446023877592,-5.247346612933612e-19
43,12,0.00022511918202081647,-1.8844118680874603e-19
43,13,0.00021676313635436505,4.0575226951750136e-19
43,14,0.00020860614520093321,7.662821918646693e-19
43,15,0.00020088426395929406,1.012591215667486e-18
43,16,0.00019350232901903708,1.3854702480732553e-18
43,17,0.00018662913582988418,1.3808053442715767e-18
43,18,0.00018016886972938132,1.0598258899121064e-18
43,19,0.00017424430184581152,6.035706849128146e-19
43,20,0.00016875969336805616,9.60332529305732e-20
43,21,0.000163807768374942,-5.133518804219659e-20
43,22,0.00015929520836999948,2.425956686171845e-19
43,23,0.00015529623655074188,6.236124960821537e-19
43,24,0.00015172200116765372,6.800059469563069e-19
43,25,0.000148636262434913,5.317881646440343e-19
43,26,0.00014595584809457427,3.8420265745285404e-19
43,27,0.00014373951531171646,2.653598282802971e-19
43,28,0.00014191018224012574,2.0053589833293765e-19
43,29,0.00014052528677016053,6.045915703417304e-19
43,30,0.00013951363987659075,9.284157349873195e-19
43,31,0.00013893388148782478,1.267590853936376e-18
43,32,0.00013872008643641185,1.5159290787445846e-18
43,33,0.00013893388148782478,1.2787378741274335e-18
43,34,0.00013951363987659075,9.209124865624011e-19
43,35,0.00014052528677016053,5.984884872292889e-19
43,36,0.00014191018224012574,2.0614753607363224e-19
43,37,0.0001437395153117165,2.6376106833640314e-19
43,38,0.00014595584809457427,4.001437968064844e-19
43,39,0.00014863626243491303,5.355210695677064e-19
43,40,0.00015172200116765372,6.789955525478345e-19
43,41,0.00015529623655074188,6.248699959179193e-19
43,42,0.00015929520836999948,2.5337125072937876e-19
43,43,0.000163807768374942,-5.2954008171441684e-20
43,44,0.00016875969336805616,1.0776308365400772e-19
43,45,0.00017424430184581152,6.110209068413627e-19
43,46,0.00018016886972938132,1.0679183890046272e-18
43,47,0.00018662913582988418,1.3862775393510439e-18
43,48,0.00019350232901903708,1.3854702480732553e-18
43,49,0.00020088426395929406,1.014887111057719e-18
43,50,0.00020860614520093321,7.752228196346615e-19
43,51,0.00021676313635436505,4.138353047278513e-19
43,52,0.00022511918202081647,-1.750172901908029e-19
43,53,0.00023377446023877592,-5.256736385046048e-19
43,54,0.00024239784276663408,-4.89240797810531e-19
43,55,0.00025111692605618346,-2.5730176906231864e-19
43,56,0.0002594658700098599,-1.266816522245982e-19
43,57,0.0002676611185913948,-3.2836662523300776e-19
43,58,0.00027502757107798184,-5.7833283964665125e-19
43,59,0.00028202911866311855,-8.972586063693751e-19
43,60,0.00028757563110093696,-1.0164385997044086e-18
43,61,0.0002929583242911082,-1.2751080249134326e-18
43,62,0.00029729811206160775,-2.1062643145543154e-18
43,63,0.00031759490209989195,-3.2893870506380398e-18
44,0,0.00028139896635345795,-1.5658538015409684e-19
44,1,0.0003096741118257661,-1.5760679214627043e-19
44,2,0.0003262246674643219,-1.6174068129160218e-19
44,3,0.00032264028504820933,-1.6846923748656512e-19
44,4,0.0003172852632113281,-1.8949965733920827e-19
44,5,0.0003095840044656856,-2.0175989546597705e-19
44,6,0.00030132695546528445,-2.248981047794463e-19
44,7,0.00029180011444592614,-2.344571039471268e-19
44,8,0.0002819466926322178,-2.359490007029106e-19
44,9,0.00027148038272727934,-2.335439485907938e-19
44,10,0.0002610291824469553,-2.461902063103401e-19
44,11,0.00025044980354572337,-2.021123708497321e-19
44,12,0.00024017893285845418,-1.765306998127809e-19
44,13,0.0002301121596186513,-1.15906464862286e-19
44,14,0.00022055265362616952,-5.915866279534478e-20
44,15,0.0002113986687093671,7.720120940830737e-23
44,16,0.00020285920716668786,4.133885568244998e-20
44,17,0.00019482699290982415,6.262177413984766e-20
44,18,0.0001874471103674599,4.3241291943938505e-20
44,19,0.00018060887708341535,2.973647217094116e-20
44,20,0.00017441627884412568,1.0400118212806613e-20
44,21,0.00016875969336805735,4.916143664072228e-21
44,22,0.0001637183359682346,-1.8222065649396988e-20
44,23,0.0001591873807446572,-4.133359197314632e-20
44,24,0.00015523239413536177,-6.160981950002354e-20
44,25,0.0001517555974791946,-7.02417376563556e-20
44,26,0.00014881622421439414,-1.0490862260669826e-19
44,27,0.00014632446804697973,-1.4212148453699356e-19
44,28,0.00014433797100316868,-2.0143212194600942e-19
44,29,0.00014277489285872134,-2.497308281655648e-19
44,30,0.00014169439379682364,-2.920157873655345e-19
44,31,0.0001410220135021577,-3.144707699357206e-19
44,32,0.0001408205613858329,-3.19710692782277e-19
44,33,0.00014102201350215773,-3.117667885465531e-19
44,34,0.00014169439379682364,-2.9048968927425583e-19
44,35,0.0001427748928587213,-2.5317253221199517e-19
44,36,0.0001443379710031687,-1.9627592091724267e-19
44,37,0.00014632446804697973,-1.4754978684170183e-19
44,38,0.00014881622421439414,-9.614909679679262e-20
44,39,0.0001517555974791946,-7.182677807430113e-20
44,40,0.00015523239413536177,-6.289450439250206e-20
44,41,0.0001591873807446572,-5.0667446173681984e-20
44,42,0.0001637183359682346,-8.769011196629556e-21
44,43,0.00016875969336805735,-9.842286653393027e-22
44,44,0.00017441627884412568,1.9454017314991065e-20
44,45,0.00018060887708341538,2.6610650494313297e-20
44,46,0.0001874471103674599,5.0792970774173933e-20
44,47,0.00019482699290982415,5.80859990075716e-20
44,48,0.00020285920716668786,4.133885568244998e-20
44,49,0.0002113986687093671,-5.1408616404963695e-21
44,50,0.00022055265362616952,-5.162639814854313e-20
44,51,0.00023011215961865134,-1.193413265458157e-19
44,52,0.00024017893285845418,-1.6578273481608786e-19
44,53,0.00025044980354572337,-2.1192429083302866e-19
44,54,0.0002610291824469553,-2.350625001464979e-19
44,55,0.00027148038272727934,-2.446214993141784e-19
44,56,0.0002819466926322178,-2.372336855953891e-19
44,57,0.00029180011444592614,-2.376865796312406e-19
44,58,0.00030132695546528445,-2.1442509889159823e-19
44,59,0.0003095840044656856,-2.100529136948347e-19
44,60,0.00031728526321132816,-1.8264939041593292e-19
44,61,0.00032264028504820933,-1.7160190152609362e-19
44,62,0.0003262246674643219,-1.6019516901688967e-19
44,63,0.0003096741118257661,-1.559145889339829e-19
45,0,0.0004244906157818292,-1.611686518832201e-18
45,1,0.00039201879740578626,-1.2642456644575433e-18
45,2,0.0003678293706032614,-5.681333102581362e-19
45,3,0.0003611754422845586,-1.0569715687484085e-19
45,4,0.00035277810416112926,5.84158218155654e-20
45,5,0.0003437582042446961,1.6544104922452995e-19
45,6,0.0003327713154830604,2.361113941688028e-19
45,7,0.00032118733586473144,2.740875224156017e-19
45,8,0.00030859574975223376,1.9624785406566434e-19
45,9,0.0002958685781556119,-2.9497591776498923e-20
45,10,0.00028284201848567154,-1.7686149256221202e-19
45,11,0.0002701090874374998,-8.503961822062788e-20
45,12,0.0002575663208384894,5.837835708103453e-20
45,13,0.0002456152772345018,2.8585041454160806e-19
45,14,0.00023415104951226456,4.463676909268925e-19
45,15,0.00022344037233239003,5.145160165486868e-19
45,16,0.00021336396358791613,5.415088649460777e-19
45,17,0.00020409768879066896,4.1372660405322555e-19
45,18,0.00019551238491166977,1.4676249722449336e-19
45,19,0.00018772642861926805,-2.0993862149410815e-20
45,20,0.0001806088770834157,-1.923059305717075e-19
45,21,0.00017424430184581185,-2.8518047871475786e-19
45,22,0.00016850655358738163,-1.0947804831095173e-19
45,23,0.0001634621698844482,2.2326554558034366e-19
45,24,0.00015899373088932705,4.428006885758077e-19
45,25,0.00015515975611085506,4.1324848083750854e-19
45,26,0.00015185326137933945,3.799289222019195e-19
45,27,0.00014913094234891098,1.9025776080685238e-19
45,28,0.0001468964743227887,-1.3051690018840923e-19
45,29,0.00014520857136491108,-1.2917451333515875e-19
45,30,0.0001439809498071615,-2.4382676142932816e-19
45,31,0.0001432768395063165,-4.347006768628921e-19
45,32,0.00014301895786575955,-4.879085235502541e-19
45,33,0.00014327683950631653,-4.426237056208721e-19
45,34,0.0001439809498071615,-2.428726585124848e-19
45,35,0.00014520857136491108,-1.2941407939796126e-19
45,36,0.0001468964743227887,-1.2454329479136347e-19
45,37,0.000149130942348911,1.9932236711470196e-19
45,38,0.00015185326137933945,3.8518919288555967e-19
45,39,0.0001551597561108551,4.2316532113235854e-19
45,40,0.00015899373088932705,4.446289603335536e-19
45,41,0.0001634621698844482,2.2516369121341073e-19
45,42,0.00016850655358738163,-9.966476946981726e-20
45,43,0.00017424430184581185,-2.957613861955429e-19
45,44,0.00018060887708341573,-1.7532780689209061e-19
45,45,0.00018772642861926805,-2.67394829439464e-20
45,46,0.00019551238491166977,1.571994372203348e-19
45,47,0.00020409768879066899,4.1840342447361997e-19
45,48,0.00021336396358791613,5.415088649460777e-19
45,49,0.00022344037233239006,5.22146821301776e-19
45,50,0.00023415104951226456,4.584706218140758e-19
45,51,0.0002456152772345018,2.771617352841029e-19
45,52,0.00025756632083848944,7.874461254966861e-20
45,53,0.0002701090874374998,-9.544509852979456e-20
45,54,0.00028284201848567154,-1.6368815693522695e-19
45,55,0.0002958685781556119,-3.4232470384963644e-20
45,56,0.00030859574975223376,1.9807612582341017e-19
45,57,0.0003211873358647315,2.770848597959147e-19
45,58,0.0003327713154830604,2.4478787164462683e-19
45,59,0.00034375820424469613,1.7433022836076115e-19
45,60,0.00035277810416112926,6.777755900162836e-20
45,61,0.0003611754422845586,-1.0976992805270818e-19
45,62,0.0003678293706032614,-5.654570664436175e-19
45,63,0.0003920187974057863,-1.2700404798646923e-18
46,0,0.0003631777513587571,2.723709941540107e-18
46,1,0.00039537448648131556,2.2096672325141705e-18
46,2,0.0004130610246901889,1.3202816716542132e-18
46,3,0.0004066199231250948,7.130868992263012e-19
46,4,0.0003974170363927014,3.663872412661124e-19
46,5,0.0003849513560788582,1.283654301464188e-19
46,6,0.000371474653943579,1.735614512709983e-20
46,7,0.0003563394766632026,2.7134136001781866e-21
46,8,0.00034079754524236823,-9.274429464590007e-20
46,9,0.00032465262057936674,-4.08233696221057e-19
46,10,0.0003087350972910918,-7.203108485821116e-19
46,11,0.00029295251658272535,-9.052901506436325e-19
46,12,0.0002778545975254004,-9.187113766424833e-19
46,13,0.00026334121555456833,-9.202985533513244e-19
46,14,0.00024976442676831944,-1.127843712232209e-18
46,15,0.0002369940009497515,-1.4452470315708927e-18
46,16,0.0002252494964432524,-1.6926948999722042e-18
46,17,0.00021437901343448898,-1.6324742162313358e-18
46,18,0.00020451969701423307,-1.2885798058890318e-18
46,19,0.0001955123849116697,-8.352893283545598e-19
46,20,0.0001874471103674599,-4.975863649332739e-19
46,21,0.0001801688697293816,-3.7307807462812704e-19
46,22,0.00017374354903252536,-3.079045066185515e-19
46,23,0.00016802703042934547,-9.215427649230343e-20
46,24,0.0001630750908129804,9.795423398929246e-20
46,25,0.00015875742563460833,1.423838886840259e-19
46,26,0.0001551279320666043,2.5322808901851133e-20
46,27,0.00015207063019421197,-1.969081477179862e-19
46,28,0.00014964229904719742,-4.768854638756997e-19
46,29,0.00014774050891053756,-7.544115520774e-19
46,30,0.00014642778291619067,-7.941534198302793e-19
46,31,0.00014561391661903792,-6.083906085616442e-19
46,32,0.0001453691138595119,-5.351007947166878e-19
46,33,0.00014561391661903794,-6.109524818426497e-19
46,34,0.00014642778291619067,-7.939125646925204e-19
46,35,0.00014774050891053756,-7.70914824363233e-19
46,36,0.00014964229904719745,-4.806457059881879e-19
46,37,0.000152070630194212,-1.765664308651293e-19
46,38,0.00015512793206660428,3.0908672283168635e-20
46,39,0.00015875742563460833,1.5179121231693505e-19
46,40,0.0001630750908129804,9.673087055832831e-20
46,41,0.00016802703042934547,-6.714359070414657e-20
46,42,0.00017374354903252536,-2.9527127007421193e-19
46,43,0.00018016886972938159,-3.654822059047689e-19
46,44,0.00018744711036745992,-4.864252996951458e-19
46,45,0.0001955123849116697,-8.278527338721775e-19
46,46,0.00020451969701423307,-1.261248139570591e-18
46,47,0.00021437901343448896,-1.6273041413226759e-18
46,48,0.0002252494964432524,-1.6926948999722042e-18
46,49,0.00023699400094975148,-1.4427388360463726e-18
46,50,0.00024976442676831944,-1.0988444257040686e-18
46,51,0.00026334121555456833,-9.166044912909726e-19
46,52,0.0002778545975254004,-9.04162179615338e-19
46,53,0.00029295251658272535,-9.016266337148104e-19
46,54,0.0003087350972910918,-7.009277941445469e-19
46,55,0.00032465262057936674,-3.9030987392581715e-19
46,56,0.00034079754524236823,-9.396765807686422e-20
46,57,0.0003563394766632026,5.655073569935622e-21
46,58,0.0003714746539435789,2.974471777126101e-20
46,59,0.00038495135607885826,1.4586323521577728e-19
46,60,0.0003974170363927014,3.660151309426414e-19
46,61,0.0004066199231250948,6.935498957844644e-19
46,62,0.0004130610246901889,1.3222430383712899e-18
46,63,0.0003953744864813156,2.204685040933779e-18
47,0,0.0005457120043361011,1.1592806442603568e-17
47,1,0.0005069231082426077,7.780504232452597e-18
47,2,0.0004765783479154746,2.4008171448842497e-18
47,3,0.00046565773336943437,-1.7396512249140063e-19
47,4,0.00045173713406189246,-1.1191876242709433e-18
47,5,0.0004363882004559429,-1.462593202603339e-18
47,6,0.00041829703780489743,-1.830595592016802e-18
47,7,0.000399324694522676,-2.2204584771405282e-18
47,8,0.00037920949203244423,-2.5783407958507765e-18
47,9,0.00035915224333679094,-3.001336531286219e-18
47,10,0.0003390895480992016,-3.2202726345679177e-18
47,11,0.0003198008108330552,-2.1164154307082133e-18
47,12,0.00030120745604104575,-3.1236311939666664e-19
47,13,0.00028379172641529487,6.117077249950426e-19
47,14,0.0002674171510343537,6.855034506372564e-19
47,15,0.000252367361322557,1.3420620829625586e-18
47,16,0.0002384628107390188,2.234050379261816e-18
47,17,0.00022586572488067288,2.278178207088663e-18
47,18,0.00021437901343448833,1.440281782697873e-18
47,19,0.00020409768879066928,4.460629948987472e-19
47,20,0.00019482699290982337,-3.399173127969869e-19
47,21,0.00018662913582988445,-9.001633256264836e-19
47,22,0.00017932313860472823,-1.2004030792596025e-18
47,23,0.00017295859008499597,-8.990870794238197e-19
47,24,0.00016737317153589425,1.0499113219798764e-19
47,25,0.0001626149869671546,1.8046302807350746e-18
47,26,0.0001585412542399265,2.7980051121723306e-18
47,27,0.00015520450846575533,2.3640808810921158e-18
47,28,0.0001524803620381327,1.804335697024602e-18
47,29,0.0001504289607249853,1.050712101383557e-18
47,30,0.00014894239865331988,1.8341053875275364e-19
47,31,0.00014809036676797767,2.6217402116327727e-19
47,32,0.00014777943242749172,7.048877293493766e-19
47,33,0.0001480903667679777,2.6054572672891904e-19
47,34,0.00014894239865331988,1.6126203234387944e-19
47,35,0.0001504289607249853,1.032209794398723e-18
47,36,0.00015248036203813274,1.79460571428385e-18
47,37,0.00015520450846575538,2.372771982564133e-18
47,38,0.0001585412542399265,2.8179212225147983e-18
47,39,0.0001626149869671546,1.8181946153679758e-18
47,40,0.00016737317153589425,1.0656666295913992e-19
47,41,0.00017295859008499597,-8.913681011677855e-19
47,42,0.00017932313860472823,-1.1862610732459218e-18
47,43,0.00018662913582988445,-9.038433120949399e-19
47,44,0.0001948269929098234,-3.2003766115106636e-19
47,45,0.00020409768879066928,4.461129264390991e-19
47,46,0.00021437901343448833,1.4632701181343239e-18
47,47,0.0002258657248806729,2.29956160461244e-18
47,48,0.0002384628107390188,2.234050379261816e-18
47,49,0.000252367361322557,1.356606360475984e-18
47,50,0.0002674171510343537,7.084453162701575e-19
47,51,0.00028379172641529487,6.086933207715729e-19
47,52,0.00030120745604104575,-2.857072041727117e-19
47,53,0.0003198008108330552,-2.119890769672676e-18
47,54,0.0003390895480992016,-3.2061770983577857e-18
47,55,0.00035915224333679094,-2.9997287886144845e-18
47,56,0.00037920949203244423,-2.576765265089624e-18
47,57,0.000399324694522676,-2.2143354340793964e-18
47,58,0.00041829703780489743,-1.8106330118707853e-18
47,59,0.000436388200455943,-1.4541067486353153e-18
47,60,0.00045173713406189246,-1.1221413434336612e-18
47,61,0.00046565773336943437,-1.9617935729044739e-19
47,62,0.0004765783479154746,2.3787151082789253e-18
47,63,0.0005069231082426077,7.770468464978014e-18
48,0,0.0004934728101311902,0.0
48,1,0.0005309698084604011,1.2528121637951417e-22
48,2,0.0005493368439596468,6.580835742973889e-21
48,3,0.0005373331844111226,2.195135728921924e-20
48,4,0.0005207798927467037,1.3552527156068805e-20
48,5,0.0004994501923318635,-6.386756108744179e-24
48,6,0.00047642232307190305,-1.3392248841615361e-20
48,7,0.0004512836219399905,-3.3874271956061944e-21
48,8,0.00042583132281903766,1.769537335694825e-21
48,9,0.00040006094526398453,9.837292574793087e-21
48,10,0.00037511925231710204,-2.5952951221348537e-21
48,11,0.00035098320555629797,1.57234992360994e-21
48,12,0.0003283408194705014,-1.6085074476774102e-20
48,13,0.0003070620962320127,1.0407115765561571e-20
48,14,0.00028752817906368017,-1.9678376269832675e-20
48,15,0.0002695267843217063,-1.8208610594452375e-20
48,16,0.0002532546656797149,0.0
48,17,0.00023846281073902146,1.1983742477939719e-20
48,18,0.000225249496443251,-1.374795499112932e-20
48,19,0.000213363963587916,-1.5318092389969974e-20
48,20,0.00020285920716668843,-2.710505431213761e-20
48,21,0.0001935023290190393,1.354614039996006e-20
48,22,0.0001853308578704751,-1.3392248841615361e-20
48,23,0.0001781378231673094,-1.6939954351675e-20
48,24,0.00017196065029198007,1.769537335694825e-21
48,25,0.00016661962387577733,7.752339445726155e-21
48,26,0.00016215941160325012,-1.747123864679389e-20
48,27,0.00015842566437464781,-1.836657434632979e-20
48,28,0.00015547364005037622,-1.2134739774086598e-20
48,29,0.0001531713553773451,4.3838222814400304e-21
48,30,0.00015158631250240768,-3.0748218662519845e-22
48,31,0.00015060587831251766,-4.150413721469493e-21
48,32,0.00015031100929513875,0.0
48,33,0.00015060587831251766,3.5134130053967155e-21
48,34,0.00015158631250240768,-6.971691413094917e-21
48,35,0.00015317135537734508,-1.8706224178987175e-20
48,36,0.00015547364005037625,-1.3552527156068805e-20
48,37,0.00015842566437464787,-6.386756108744179e-24
48,38,0.00016215941160325006,1.371280547052225e-20
48,39,0.00016661962387577733,1.0165099960462611e-20
48,40,0.00017196065029198007,-1.769537335694825e-21
48,41,0.0001781378231673094,-1.0006321937306189e-20
48,42,0.00018533085787047503,-3.790112785778521e-21
48,43,0.0001935023290190393,-8.12408175261328e-21
48,44,0.00020285920716668848,9.308810898739701e-21
48,45,0.000213363963587916,-7.08774353457281e-21
48,46,0.000225249496443251,1.9357819640925787e-20
48,47,0.00023846281073902143,1.9819734231893035e-20
48,48,0.0002532546656797149,0.0
48,49,0.0002695267843217063,-1.5121311834197893e-20
48,50,0.00028752817906368017,1.3357099321008292e-20
48,51,0.0003070620962320127,1.1786961922167637e-20
48,52,0.00032834081947050143,2.710505431213761e-20
48,53,0.00035098320555629797,-1.355891391217755e-20
48,54,0.00037511925231710204,1.371280547052225e-20
48,55,0.00040006094526398453,1.0165099960462611e-20
48,56,0.00042583132281903766,-1.769537335694825e-21
48,57,0.0004512836219399905,-7.921368808239256e-21
48,58,0.0004764223230719031,2.463835789494932e-20
48,59,0.0004994501923318636,2.5367369673395256e-20
48,60,0.0005207798927467037,1.8911003352121e-20
48,61,0.0005373331844111226,-7.840713628485671e-21
48,62,0.0005493368439596468,-1.3074442281689728e-23
48,63,0.0005309698084604011,2.3734055698929515e-21
49,0,0.0007399717251424036,-4.761267881568351e-19
49,1,0.0006914913126828892,-1.3139491831634288e-18
49,2,0.0006507571936851249,-2.716690726671106e-18
49,3,0.0006314239007382608,-3.41314152463209e-18
49,4,0.000606738708696659,-3.4317009920476888e-18
49,5,0.0005792067655399493,-3.482271909685109e-18
49,6,0.0005478161844321152,-3.242770979059012e-18
49,7,0.0005153507467241698,-1.910122792981079e-18
49,8,0.0004819070309646362,-1.3134665970557423e-18
49,9,0.00044923921738517164,-1.7597860025346586e-18
49,10,0.0004174475327553062,-1.5523000416617607e-18
49,11,0.00038755807604217427,-1.582563208191202e-18
49,12,0.00035947744868015306,-2.6404214298418875e-18
49,13,0.0003337415866554461,-2.7088676011012386e-18
49,14,0.00031010175140973025,-1.4365913659318044e-18
49,15,0.00028880402364005127,1.8970582360044775e-19
49,16,0.0002695267843217058,1.5531411831365096e-18
49,17,0.0002523673613225583,1.8251549193610083e-18
49,18,0.00023699400094974931,9.933135823027294e-19
49,19,0.0002234403723323889,-1.2928130917678682e-21
49,20,0.00021139866870936548,-8.43168305238547e-19
49,21,0.00020088426395929406,-7.175563698470732e-19
49,22,0.00019162665037572362,-6.068044472036297e-19
49,23,0.0001836445121379635,-7.17500403247024e-19
49,24,0.00017670646473525036,-6.95099789129485e-19
49,25,0.000170843543349184,-4.5643145174074095e-20
49,26,0.00016586014076693518,1.093517876790349e-18
49,27,0.0001618027888595132,8.971549767361059e-19
49,28,0.0001585067164236698,2.8322819228731813e-19
49,29,0.00015603481088623597,5.602456141486967e-19
49,30,0.0001542483460871959,1.1275882423391037e-18
49,31,0.00015322696985645335,1.8121559651607217e-18
49,32,0.00015285409239267577,2.141092362675763e-18
49,33,0.00015322696985645335,1.792967667365345e-18
49,34,0.0001542483460871959,1.1118981949183315e-18
49,35,0.00015603481088623594,5.50972668518036e-19
49,36,0.00015850671642366984,3.087965030273015e-19
49,37,0.00016180278885951326,8.816418345690459e-19
49,38,0.00016586014076693515,1.1346952923512118e-18
49,39,0.000170843543349184,-3.9874045443583776e-20
49,40,0.0001767064647352504,-6.921895017822683e-19
49,41,0.00018364451213796347,-7.195028063775955e-19
49,42,0.00019162665037572357,-5.965643630858402e-19
49,43,0.00020088426395929403,-7.337147799612651e-19
49,44,0.0002113986687093655,-8.145199745021856e-19
49,45,0.00022344037233238892,-4.676737437813066e-21
49,46,0.00023699400094974931,1.03784261449756e-18
49,47,0.0002523673613225583,1.8384372448480242e-18
49,48,0.0002695267843217058,1.5531411831365096e-18
49,49,0.00028880402364005127,1.9885166063275164e-19
49,50,0.00031010175140973025,-1.3919311971653803e-18
49,51,0.00033374158665544615,-2.711798244305529e-18
49,52,0.0003594774486801531,-2.6049968355274917e-18
49,53,0.0003875580760421742,-1.5849181078354767e-18
49,54,0.0004174475327553063,-1.5283762938163084e-18
49,55,0.00044923921738517164,-1.774597521420391e-18
49,56,0.0004819070309646362,-1.3105563097085256e-18
49,57,0.0005153507467241698,-1.9186496318075655e-18
49,58,0.0005478161844321152,-3.1881721729136746e-18
49,59,0.0005792067655399494,-3.484483508009949e-18
49,60,0.000606738708696659,-3.399356417729671e-18
49,61,0.0006314239007382608,-3.4228677514045056e-18
49,62,0.0006507571936851249,-2.7325119106634718e-18
49,63,0.0006914913126828892,-1.3391653878711456e-18
50,0,0.0007114508143911681,-1.2527266306781755e-19
50,1,0.0007560096283766324,-2.839214364079186e-19
50,2,0.000773131066299217,-5.3310628529468895e-19
50,3,0.0007494864441675822,-4.772292990701327e-19
50,4,0.0007179123157092554,-3.089705691779788e-19
50,5,0.0006790381843366081,-2.085087625057192e-19
50,6,0.0006375740326244887,-1.769499640061093e-19
50,7,0.0005937634982884287,-2.565435493006107e-19
50,8,0.0005504016217831953,-5.678019834252527e-19
50,9,0.0005078458976985294,-7.882783387238e-19
50,10,0.00046770189426347653,-7.3154312624342915e-19
50,11,0.00042998112047993686,-4.1619965837108007e-19
50,12,0.0003954772328426182,7.180513848002839e-21
50,13,0.0003639070337584852,2.4097408466614596e-19
50,14,0.00033559041370675525,1.8694342222215733e-19
50,15,0.0003101017514097311,-8.778741666865424e-20
50,16,0.000287528179063684,-4.536542486342757e-19
50,17,0.00026741715103435813,-4.1097637849606364e-19
50,18,0.00024976442676832096,-3.8439044098177574e-20
50,19,0.00023415104951226775,4.4542996438516286e-20
50,20,0.00022055265362617098,-1.759123532249949e-20
50,21,0.0002086061452009371,2.1839584291044817e-19
50,22,0.0001982979762426927,4.464662851730558e-19
50,23,0.0001893230870920749,5.2950302575138e-19
50,24,0.00018168957606036845,5.109517986566805e-19
50,25,0.0001751442329379911,4.533045081164809e-19
50,26,0.00016971889619604315,4.976396826537674e-19
50,27,0.00016520381399177041,4.335975457878854e-19
50,28,0.00016165366554303284,2.2568227464783147e-19
50,29,0.00015889431749514278,-1.846110050004594e-19
50,30,0.00015700207275007815,-4.936769321846158e-19
50,31,0.0001558321547049015,-6.83396202851452e-19
50,32,0.00015548213206737296,-7.619639246966046e-19
50,33,0.00015583215470490157,-6.667803285668623e-19
50,34,0.00015700207275007815,-4.788961766704137e-19
50,35,0.00015889431749514278,-1.7907370163661903e-19
50,36,0.00016165366554303284,2.195779899087046e-19
50,37,0.00016520381399177047,4.826701224537899e-19
50,38,0.00016971889619604312,5.00676393797331e-19
50,39,0.00017514423293799112,4.752929171271048e-19
50,40,0.00018168957606036845,5.087594822876505e-19
50,41,0.0001893230870920749,5.454217514058118e-19
50,42,0.0001982979762426926,4.453666300285539e-19
50,43,0.00020860614520093706,2.019872718759594e-19
50,44,0.00022055265362617104,1.1847124131273401e-20
50,45,0.00023415104951226775,8.481759573641003e-20
50,46,0.00024976442676832096,1.3966092297897256e-20
50,47,0.00026741715103435813,-3.9276483035184504e-19
50,48,0.000287528179063684,-4.536542486342757e-19
50,49,0.0003101017514097311,-8.57157267504123e-20
50,50,0.00033559041370675525,2.3261149902319856e-19
50,51,0.0003639070337584852,2.6138343093561715e-19
50,52,0.00039547723284261827,3.661887330177573e-20
50,53,0.00042998112047993686,-4.321254605808545e-19
50,54,0.00046770189426347653,-7.190510502488615e-19
50,55,0.0005078458976985294,-7.986446355433629e-19
50,56,0.0005504016217831953,-5.699942997942827e-19
50,57,0.0005937634982884287,-2.624802264402674e-19
50,58,0.0006375740326244888,-1.6039992968947772e-19
50,59,0.0006790381843366082,-1.5991895466452903e-19
50,60,0.0007179123157092554,-3.1507485391710567e-19
50,61,0.0007494864441675822,-4.924843241460762e-19
50,62,0.000773131066299217,-5.25140997341522e-19
50,63,0.0007560096283766324,-2.8504702178752425e-19
51,0,0.0010693410904871316,-1.6353460651167653e-18
51,1,0.0010049509216723737,-1.2627243200893203e-18
51,2,0.0009449475268265751,-6.790427106982413e-19
51,3,0.0009075444197229269,-4.238822634498478e-19
51,4,0.0008601855778505353,-4.3200192065800842e-19
51,5,0.0008075626748327008,-4.394662569438939e-19
51,6,0.0007497737833520042,-4.2121845932862314e-19
51,7,0.0006914535011832864,-1.8624217261784968e-19
51,8,0.0006334791595740332,-5.525608156189482e-20
51,9,0.0005784960680579005,-3.4916196710708834e-20
51,10,0.0005267743553273418,6.993836981799212e-21
51,11,0.00047956040538741523,-2.301663978958399e-19
51,12,0.00043655586016344057,-5.855370888455923e-19
51,13,0.00039819761226767074,-6.833387573520912e-19
51,14,0.0003639070337584858,-6.690597284294053e-19
51,15,0.0003337415866554448,-3.7162203770795384e-19
51,16,0.0003070620962320152,7.042962350909577e-20
51,17,0.00028379172641529676,2.822637757025235e-19
51,18,0.0002633412155545661,1.7815463192311061e-19
51,19,0.00024561527723450155,3.022341966319555e-21
51,20,0.00023011215961864923,-1.135175324903915e-19
51,21,0.00021676313635436486,-1.0065307804217373e-19
51,22,0.00020515570508989613,3.9567463977716266e-20
51,23,0.00019525978446381117,-1.0492700968143685e-19
51,24,0.00018674031582522997,-2.1323591533247636e-19
51,25,0.0001796050210591645,-2.386804171944139e-19
51,26,0.00017358168467169045,-4.2949370759531872e-19
51,27,0.0001687113447412336,-4.351553819201076e-19
51,28,0.0001647715598881696,-2.063046418027987e-19
51,29,0.00016183242457301774,-1.2000136498329242e-19
51,30,0.00015971106467627192,3.145214976684178e-20
51,31,0.00015850404010956932,4.591501703311213e-19
51,32,0.000158060836881649,6.811934722899242e-19
51,33,0.00015850404010956932,5.058804737776588e-19
51,34,0.00015971106467627192,3.2464964995370954e-20
51,35,0.00016183242457301774,-1.9348930179667812e-19
51,36,0.00016477155988816965,-2.2871401331697634e-19
51,37,0.0001687113447412337,-3.8525614831961864e-19
51,38,0.00017358168467169045,-4.2121845932862314e-19
51,39,0.0001796050210591645,-2.404522812421249e-19
51,40,0.00018674031582522997,-2.0480512510196563e-19
51,41,0.00019525978446381108,-4.162641979360639e-20
51,42,0.0002051557050898961,4.532763117033004e-20
51,43,0.00021676313635436486,-1.0883603319999134e-19
51,44,0.00023011215961864928,-8.873137228546135e-20
51,45,0.0002456152772345016,5.040614527398284e-20
51,46,0.0002633412155545661,2.1250895742033252e-19
51,47,0.0002837917264152968,2.801887689058335e-19
51,48,0.0003070620962320152,7.042962350909577e-20
51,49,0.00033374158665544474,-3.6825752778877916e-19
51,50,0.0003639070337584858,-6.349969974410177e-19
51,51,0.0003981976122676708,-6.474989615249831e-19
51,52,0.0004365558601634406,-5.471984014845933e-19
51,53,0.00047956040538741523,-2.632834039149994e-19
51,54,0.0005267743553273418,3.9567463977716266e-20
51,55,0.0005784960680579004,3.4932075671135936e-21
51,56,0.0006334791595740332,-4.68252913313841e-20
51,57,0.0006914535011832864,-2.173329596798279e-19
51,58,0.0007497737833520042,-3.855465622409555e-19
51,59,0.000807562674832701,-4.188430811063383e-19
51,60,0.0008601855778505353,-4.408587650161173e-19
51,61,0.0009075444197229269,-5.12931247094816e-19
51,62,0.0009449475268265751,-6.777383009608778e-19
51,63,0.0010049509216723737,-1.2146572697806131e-18
52,0,0.0011012953940015902,2.243049123447794e-18
52,1,0.0011547195581775426,2.1571795615389957e-18
52,2,0.0011640098381489738,1.802741028561895e-18
52,3,0.0011136411150551454,1.4075245574877027e-18
52,4,0.0010486647323054376,1.0038399216147527e-18
52,5,0.0009723567653795102,6.423602544709377e-19
52,6,0.000893010860476822,3.5814375797254133e-19
52,7,0.0008125412873249561,2.258045853150446e-19
52,8,0.0007355534396567557,1.7700197357445678e-19
52,9,0.0006629263208747182,1.5114463629459732e-19
52,10,0.000596750838590805,8.867170293147158e-20
52,11,0.0005367810193648325,1.0090549613089896e-19
52,12,0.00048365281823142846,9.054022629684877e-20
52,13,0.00043655586016343867,1.5324897548243922e-19
52,14,0.00039547723284261903,1.341933703397574e-19
52,15,0.0003594774486801498,6.722142167050416e-20
52,16,0.0003283408194705022,5.071609771685123e-20
52,17,0.00030120745604104803,-1.630698111553921e-20
52,18,0.0002778545975254011,-1.6915167264611588e-19
52,19,0.00025756632083849085,-2.391074919746573e-19
52,20,0.00024017893285845407,-2.8365015821178383e-19
52,21,0.00022511918202081929,-2.11448956361397e-19
52,22,0.00021229343000962015,-2.788250183626925e-19
52,23,0.00020124788673799666,-2.756389194595012e-19
52,24,0.00019195106084952403,-2.9693752773728786e-19
52,25,0.0001840426027054709,-3.245950869042033e-19
52,26,0.00017754156012858037,-2.7993069324918866e-19
52,27,0.00017215887841244706,-2.7933931227835897e-19
52,28,0.00016795431218541575,-2.3390041218902523e-19
52,29,0.00016469330660687383,-6.621171644041305e-20
52,30,0.00016246979891430054,-1.8131170324554457e-20
52,31,0.0001610919596755411,9.573188597341307e-20
52,32,0.00016068487226449031,5.897466895258066e-20
52,33,0.0001610919596755411,5.715875513072599e-21
52,34,0.00016246979891430054,-2.685013750739342e-20
52,35,0.00016469330660687383,-1.2391101114807243e-19
52,36,0.00016795431218541575,-2.158875224314398e-19
52,37,0.0001721588784124471,-2.521065378296034e-19
52,38,0.00017754156012858032,-2.652724912066237e-19
52,39,0.00018404260270547096,-2.349813379912948e-19
52,40,0.00019195106084952398,-2.97492410321381e-19
52,41,0.0002012478867379966,-3.0102611387388238e-19
52,42,0.00021229343000962012,-2.666349389907358e-19
52,43,0.00022511918202081929,-3.0650050710360753e-19
52,44,0.00024017893285845407,-2.5126472803835226e-19
52,45,0.00025756632083849085,-2.246349478054678e-19
52,46,0.0002778545975254011,-1.3346749643407484e-19
52,47,0.00030120745604104803,-1.035641746021041e-20
52,48,0.0003283408194705022,5.071609771685123e-20
52,49,0.0003594774486801498,9.211323613301123e-20
52,50,0.00039547723284261903,1.5610897909953545e-19
52,51,0.00043655586016343867,1.4036326839526927e-19
52,52,0.00048365281823142857,1.5003071078241795e-19
52,53,0.0005367810193648325,5.960158675997911e-20
52,54,0.0005967508385908051,1.5485585063150925e-19
52,55,0.0006629263208747182,1.0383184091042534e-19
52,56,0.0007355534396567556,1.7644709099036364e-19
52,57,0.0008125412873249561,2.831338265734687e-19
52,58,0.0008930108604768221,4.272281089355758e-19
52,59,0.0009723567653795102,7.242656047969531e-19
52,60,0.001048664732305438,1.0489578656844757e-18
52,61,0.0011136411150551454,1.3229734054121274e-18
52,62,0.0011640098381489738,1.7806855745191817e-18
52,63,0.0011547195581775426,2.0753273545836145e-18
53,0,0.0016726344306267626,-1.8808131467052836e-18
53,1,0.0015792471100654635,-1.3414738346114795e-18
53,2,0.0014785088176155774,-7.043578568296564e-19
53,3,0.0013978178273000889,-3.5055860003187034e-19
53,4,0.001297861144612293,-4.449285422601711e-19
53,5,0.0011891913918455714,-5.38555735643005e-19
53,6,0.0010753776687752472,-3.871845243533185e-19
53,7,0.000964900440213061,1.5382276389373245e-19
53,8,0.0008600650096479529,5.825005928786386e-19
53,9,0.0007646469659753367,7.381346523432469e-19
53,10,0.0006786533979129054,6.831115363193799e-19
53,11,0.0006030888574405832,5.641514737085636e-19
53,12,0.0005367810193648339,3.2254630791215344e-19
53,13,0.00047956040538741474,2.861682624673905e-19
53,14,0.00042998112047993843,1.5385988368094792e-19
53,15,0.0003875580760421713,-8.810911836157978e-20
53,16,0.0003509832055562993,-2.307132842656313e-20
53,17,0.0003198008108330533,1.0187030750984836e-19
53,18,0.0002929525165827247,1.087937725344719e-19
53,19,0.00027010908743749923,-2.963484914075951e-19
53,20,0.00025044980354572256,-4.855861237283775e-19
53,21,0.00023377446023877644,-4.572405727065922e-19
53,22,0.00021945295805749122,-2.652117799486992e-19
53,23,0.00020739006514162485,-3.8827832234901977e-19
53,24,0.0001970987078701453,-4.3081579947407257e-19
53,25,0.0001885629525350853,-4.969253405756817e-19
53,26,0.00018140054272437436,-5.250375946596211e-19
53,27,0.00017565483590637192,-5.629777415960376e-19
53,28,0.00017102049558774264,-2.1003875976203496e-19
53,29,0.00016758682613859672,-2.747268064487365e-20
53,30,0.00016510619269999066,-9.147147822340535e-20
53,31,0.000163706416938415,-4.0162572688080433e-19
53,32,0.00016318517091015944,-5.218154031193102e-19
53,33,0.00016370641693841522,-3.7924440653059423e-19
53,34,0.00016510619269999066,-1.08046661962629e-19
53,35,0.00016758682613859672,-7.950805691049421e-20
53,36,0.00017102049558774274,-2.0098305345093256e-19
53,37,0.00017565483590637203,-4.843456270187298e-19
53,38,0.00018140054272437425,-5.227097959140065e-19
53,39,0.00018856295253508512,-3.8827832234901977e-19
53,40,0.00019709870787014525,-4.34798273690352e-19
53,41,0.0002073900651416249,-2.7545471462174846e-19
53,42,0.00021945295805749117,-2.3763006667995303e-19
53,43,0.00023377446023877644,-4.289056093337434e-19
53,44,0.0002504498035457225,-4.534618716926424e-19
53,45,0.0002701090874374993,-2.0859457844857435e-19
53,46,0.00029295251658272465,1.5871842578034877e-19
53,47,0.0003198008108330534,2.165055990780686e-19
53,48,0.0003509832055562993,-2.307132842656313e-20
53,49,0.0003875580760421713,-6.549909738702083e-21
53,50,0.0004299811204799385,2.1721398978302233e-19
53,51,0.0004795604053874148,3.5417281208370754e-19
53,52,0.000536781019364834,3.8177561426002607e-19
53,53,0.0006030888574405832,6.269615997789123e-19
53,54,0.0006786533979129055,7.105701752882548e-19
53,55,0.0007646469659753368,6.959238501364847e-19
53,56,0.0008600650096479529,5.785181186623593e-19
53,57,0.000964900440213061,9.22435403087766e-20
53,58,0.0010753776687752474,-3.8473365130783255e-19
53,59,0.0011891913918455716,-4.401886751389219e-19
53,60,0.001297861144612293,-4.0876778163693105e-19
53,61,0.0013978178273000889,-4.370547215790624e-19
53,62,0.0014785088176155776,-7.0725743911294e-19
53,63,0.0015792471100654637,-1.3673315942523397e-18
54,0,0.0018649602556748846,3.541202119338218e-18
54,1,0.0019266727909666957,2.9998332526464107e-18
54,2,0.0019052888788946148,1.9779684535715558e-18
54,3,0.0017857446417484672,1.341849033636094e-18
54,4,0.001638225738198904,8.232445478814283e-19
54,5,0.0014746112113135364,4.63209035147356e-19
54,6,0.0013118258822116696,1.0177840277889743e-19
54,7,0.001155589036169043,1.5074197459231423e-19
54,8,0.001013298689428906,3.0117563729926147e-19
54,9,0.0008857929025229403,3.6484861938607707e-19
54,10,0.0007748294552779197,3.9821422765435796e-19
54,11,0.0006786533979129022,2.506758892189648e-19
54,12,0.0005967508385908024,-3.2727795309859674e-20
54,13,0.0005267743553273386,-2.9780064319924415e-19
54,14,0.0004677018942634766,-7.785493081890189e-19
54,15,0.000417447532755302,-8.53100680280779e-19
54,16,0.0003751192523171036,-7.180228082813325e-19
54,17,0.00033908954809919834,-5.509288622436165e-19
54,18,0.00030873509729109253,-3.0563237222603815e-19
54,19,0.00028284201848567165,-3.047830158262659e-19
54,20,0.00026102918244695595,-3.151677332283514e-19
54,21,0.00024239784276663506,-2.8217995843642827e-19
54,22,0.00022674861131261536,-1.4216708603034107e-19
54,23,0.00021340828599681542,-1.2030856852906187e-19
54,24,0.00020230554982275786,-1.7276386401248317e-19
54,25,0.0001929254296594204,-2.3987672405065477e-19
54,26,0.0001852859569678192,-3.0606597194997493e-19
54,27,0.0001789834775579452,-3.2312677867073555e-19
54,28,0.0001741001971114482,-1.9673197990175118e-19
54,29,0.00017031236755455617,-6.026591897907152e-20
54,30,0.00016775163433009176,2.9824170876995494e-19
54,31,0.00016615392728146618,4.986349386711886e-19
54,32,0.00016569349485325263,7.361100597423182e-19
54,33,0.0001661539272814666,5.332733102418881e-19
54,34,0.00016775163433009176,2.2969245043867966e-19
54,35,0.00017031236755455617,-5.4061263438992983e-20
54,36,0.00017410019711144831,-2.0674751597980094e-19
54,37,0.0001789834775579453,-2.6862743128035947e-19
54,38,0.0001852859569678192,-2.776923575910291e-19
54,39,0.00019292542965942028,-1.2030856852906187e-19
54,40,0.0002023055498227578,-1.6899493375856513e-19
54,41,0.00021340828599681537,-8.375556527428949e-20
54,42,0.00022674861131261536,-8.670996859974098e-20
54,43,0.00024239784276663498,-2.083494993337668e-19
54,44,0.00026102918244695595,-2.1813691077691654e-19
54,45,0.0002828420184856717,-2.199798572878428e-19
54,46,0.0003087350972910925,-2.397640146968499e-19
54,47,0.00033908954809919834,-4.723405902823223e-19
54,48,0.0003751192523171036,-7.180228082813325e-19
54,49,0.0004174475327553019,-7.677692967407174e-19
54,50,0.00046770189426347664,-7.393132412202399e-19
54,51,0.0005267743553273386,-3.047830158262659e-19
54,52,0.0005967508385908024,1.185131357658504e-19
54,53,0.0006786533979129023,2.5992112780632394e-19
54,54,0.0007748294552779197,5.083542174609616e-19
54,55,0.0008857929025229405,3.675824090894151e-19
54,56,0.001013298689428906,3.049445675531795e-19
54,57,0.0011555890361690433,1.9570912641679103e-19
54,58,0.0013118258822116696,1.8388936201039014e-19
54,59,0.0014746112113135368,4.738733858044841e-19
54,60,0.0016382257381989042,8.674391204276536e-19
54,61,0.0017857446417484672,1.2772088944687918e-18
54,62,0.0019052888788946148,1.8818413771764144e-18
54,63,0.0019266727909666957,3.000623458326205e-18
55,0,0.0029023133810729485,5.410293575901306e-18
55,1,0.002746730348156194,3.985767935802371e-18
55,2,0.0025429891124597167,2.4236538591432537e-18
55,3,0.002342883863535503,1.956917905968886e-18
55,4,0.002105413084427718,1.4585062852431914e-18
55,5,0.001859102132744408,2.0673175315056214e-19
55,6,0.001617584542658073,-8.326215038131409e-19
55,7,0.001396699402582314,-1.4861459500439934e-18
55,8,0.00119981852772889,-1.3424091593610944e-18
55,9,0.0010304215105023118,-9.880798040298879e-19
55,10,0.000885792902522941,-1.5449318249600023e-18
55,11,0.0007646469659753365,-1.39661436855234e-18
55,12,0.000662926320874719,-1.5468403468739114e-18
55,13,0.0005784960680579015,-1.1540694615727161e-18
55,14,0.0005078458976985324,-8.659466754025173e-19
55,15,0.00044923921738517083,-5.1462782680863965e-19
55,16,0.0004000609452639866,2.9135902050641615e-19
55,17,0.00035915224333678985,5.197091156377741e-19
55,18,0.00032465262057936755,-3.6129819683234543e-20
55,19,0.00029586857815561336,-5.63852145059912e-19
55,20,0.00027148038272728026,-5.066101523867854e-19
55,21,0.0002511169260561851,3.9646713333552537e-19
55,22,0.0002338251730314049,3.0579077729663876e-19
55,23,0.00021944618594767272,-4.832589404949019e-19
55,24,0.0002072721763298022,-7.104898242787682e-19
55,25,0.00019728277582042083,-4.348439778662107e-19
55,26,0.0001889353234412072,-2.9108635679433123e-19
55,27,0.00018230216070130683,4.1999146501183007e-19
55,28,0.00017695411217605642,2.3631187367098636e-19
55,29,0.00017302936815740766,2.6052962760142913e-19
55,30,0.0001701795336358893,9.09056746996139e-19
55,31,0.00016859468622776124,9.319536491276504e-19
55,32,0.00016798730330614092,7.465711391700064e-19
55,33,0.00016859468622776146,9.296730621088555e-19
55,34,0.0001701795336358893,7.566930189467907e-19
55,35,0.00017302936815740745,1.679843213678035e-19
55,36,0.0001769541121760563,2.38778841196999e-19
55,37,0.00018230216070130704,4.777822962719382e-19
55,38,0.0001889353234412072,-7.36799830732878e-20
55,39,0.00019728277582042072,-4.561538861827642e-19
55,40,0.0002072721763298022,-6.841576308729855e-19
55,41,0.00021944618594767272,-4.252041015491226e-19
55,42,0.0002338251730314049,3.6140696488021372e-19
55,43,0.0002511169260561849,2.2393533758818884e-19
55,44,0.00027148038272728037,-3.8795180451233816e-19
55,45,0.0002958685781556132,-5.294974976734604e-19
55,46,0.00032465262057936755,1.3699290247276187e-19
55,47,0.00035915224333678985,7.1454455024667945e-19
55,48,0.0004000609452639866,2.9135902050641615e-19
55,49,0.00044923921738517083,-3.4765262235062943e-19
55,50,0.0005078458976985325,-6.866511231745372e-19
55,51,0.0005784960680579015,-1.2143734485512147e-18
55,52,0.0006629263208747193,-1.373971890375189e-18
55,53,0.0007646469659753363,-1.5550967771383826e-18
55,54,0.000885792902522941,-1.4289326986801684e-18
55,55,0.0010304215105023118,-1.025360026737654e-18
55,56,0.00119981852772889,-1.3160769659553117e-18
55,57,0.0013966994025823138,-1.6289612312041024e-18
55,58,0.001617584542658073,-5.671778515398059e-19
55,59,0.001859102132744408,2.504731972493764e-19
55,60,0.002105413084427718,1.5151833613934791e-18
55,61,0.0023428838635355036,1.7421907996031093e-18
55,62,0.0025429891124597167,2.2651173010219214e-18
55,63,0.002746730348156194,3.930032415998059e-18
56,0,0.0035643902045148037,2.274840271468625e-20
56,1,0.003617141195974969,8.222378877168637e-20
56,2,0.0034757987724216323,4.378073094796992e-20
56,3,0.003146531403592081,1.3528636828567812e-19
56,4,0.0027665961629488663,7.89126958236162e-20
56,5,0.002377770225740058,6.535638439271333e-21
56,6,0.002017976975786853,-1.3433714331780056e-20
56,7,0.0016984641723241994,8.564906912437462e-20
56,8,0.0014271777066743934,2.4214489063488446e-20
56,9,0.0011998185277288893,5.144113803051355e-20
56,10,0.0010132986894289047,-4.350122358748449e-20
56,11,0.00086006500964795,-7.131502369023626e-20
56,12,0.0007355534396567536,-1.7341016666497046e-19
56,13,0.0006334791595740303,-2.900680846336996e-20
56,14,0.0005504016217831955,-1.7249774589334246e-19
56,15,0.0004819070309646358,-1.4725949140813205e-19
56,16,0.00042583132281903886,-9.192046006643887e-21
56,17,0.0003792094920324459,-1.007353278352425e-19
56,18,0.00034079754524236883,-1.1884959492485574e-19
56,19,0.00030859574975223637,-1.628692291478356e-19
56,20,0.0002819466926322191,-2.1924290160989753e-19
56,21,0.00025946587000986245,-1.0188457880927911e-19
56,22,0.0002408556757603357,-9.474887726819289e-20
56,23,0.00022512186484223423,-2.277114812417582e-20
56,24,0.0002121869753274224,2.4214489063488446e-20
56,25,0.00020130763523689202,-4.28938885276156e-21
56,26,0.00019254408430257686,-1.3915398285173557e-19
56,27,0.00018531808223025826,-1.1384403700193524e-19
56,28,0.00017978047498153223,-1.2122370784274228e-19
56,29,0.00017546538955056333,-1.6789914628785626e-19
56,30,0.00017258901143033813,1.598160467293954e-20
56,31,0.0001707657051069583,-1.3744287295787624e-20
56,32,0.00017026589202325405,-1.6483682095035743e-20
56,33,0.00017076570510695874,-3.9748955632932884e-20
56,34,0.00017258901143033835,-6.463948630058052e-20
56,35,0.00017546538955056311,-2.734395758714753e-20
56,36,0.00017978047498153245,-8.371763004920946e-20
56,37,0.0001853180822302587,6.535638439271333e-21
56,38,0.00019254408430257697,4.0776394292495166e-20
56,39,0.0002013076352368918,8.564906912437462e-20
56,40,0.0002121869753274224,-2.749075269003958e-20
56,41,0.00022512186484223396,-8.968091191920207e-20
56,42,0.00024085567576033554,5.51541252057483e-20
56,43,0.0002594658700098624,-4.594485491429819e-20
56,44,0.00028194669263221936,6.018501519082674e-20
56,45,0.00030859574975223637,1.1503139347236127e-19
56,46,0.0003407975452423688,1.3594921219828055e-19
56,47,0.0003792094920324459,7.294579266572767e-21
56,48,0.00042583132281903886,-9.192046006643887e-21
56,49,0.0004819070309646356,1.1610510666185838e-19
56,50,0.0005504016217831954,9.799083957224515e-20
56,51,0.0006334791595740305,5.39712053492653e-20
56,52,0.0007355534396567538,2.1443796738430427e-19
56,53,0.0008600650096479499,1.1495585568782178e-19
56,54,0.0010132986894289047,1.22091557228908e-19
56,55,0.0011998185277288893,-2.277114812417582e-20
56,56,0.0014271777066743934,-2.749075269003958e-20
56,57,0.0016984641723241994,-3.3950385035926966e-20
56,58,0.002017976975786853,1.5080688446999936e-19
56,59,0.002377770225740059,2.1342459289450167e-19
56,60,0.0027665961629488667,2.2483899086569944e-19
56,61,0.003146531403592081,3.7083296799746704e-20
56,62,0.0034757987724216323,-5.253013836800145e-20
56,63,0.0036171411959749693,9.304646714916391e-21
57,0,0.005824475321996743,3.105173157517442e-18
57,1,0.00549626355364895,2.371361873191666e-18
57,2,0.00495948944007466,1.2232586353061956e-18
57,3,0.004363001018117496,1.004708737798576e-18
57,4,0.0037099494296879624,6.761400475554729e-19
57,5,0.003089296016004192,-1.6457081002634595e-19
57,6,0.0025376385168029954,-1.12659412793847e-18
57,7,0.002076255872991393,-1.224749825276106e-18
57,8,0.0016984641723241972,-3.2051840653150496e-19
57,9,0.0013966994025823127,8.87627210686376e-19
57,10,0.001155589036169044,9.557334629956208e-19
57,11,0.0009649004402130608,9.900712603068714e-19
57,12,0.0008125412873249559,1.1680062896616353e-18
57,13,0.0006914535011832869,1.0853271130810256e-18
57,14,0.0005937634982884309,7.096114612827239e-19
57,15,0.0005153507467241711,9.629026812728613e-20
57,16,0.00045128362193999107,1.8256340436400029e-19
57,17,0.00039932469452267743,-7.186143183920217e-19
57,18,0.00035633947666320164,-1.9209276649017672e-18
57,19,0.00032118733586473274,-2.627368540027864e-18
57,20,0.00029180011444592956,-2.7662018500860035e-18
57,21,0.0002676611185913965,-2.604025698118731e-18
57,22,0.00024733981156763537,-2.8071074952910016e-18
57,23,0.00023067639002584417,-3.44736427887139e-18
57,24,0.00021663040980996221,-3.4259049733188605e-18
57,25,0.00020525101648234418,-2.725879064484707e-18
57,26,0.00019574363086026828,-1.3708230448095138e-18
57,27,0.00018828525682181105,-9.984600324990363e-19
57,28,0.0001822417343123183,-1.1246558539747844e-18
57,29,0.0001778747273273808,-1.6957509491633678e-18
57,30,0.00017465929022094338,-2.18277892786881e-18
57,31,0.00017292097434951515,-2.6665048976188953e-18
57,32,0.0001722137891167,-2.737502114525507e-18
57,33,0.00017292097434951602,-2.561758011617379e-18
57,34,0.00017465929022094382,-2.2461883166474185e-18
57,35,0.00017787472732738122,-1.705796693415185e-18
57,36,0.0001822417343123185,-1.2212137542941598e-18
57,37,0.00018828525682181127,-9.23512330766199e-19
57,38,0.00019574363086026828,-1.4518547796841212e-18
57,39,0.00020525101648234375,-2.6342126495072617e-18
57,40,0.0002166304098099621,-3.41053961062447e-18
57,41,0.00023067639002584406,-3.2101358779564434e-18
57,42,0.00024733981156763526,-2.884573115325999e-18
57,43,0.0002676611185913965,-2.675299098305609e-18
57,44,0.0002918001144459296,-2.6888619516372764e-18
57,45,0.00032118733586473274,-2.2772432777539576e-18
57,46,0.00035633947666320154,-1.8960835166958623e-18
57,47,0.00039932469452267765,-5.141648584273242e-19
57,48,0.00045128362193999107,1.8256340436400029e-19
57,49,0.0005153507467241709,1.4874741959638188e-19
57,50,0.0005937634982884308,6.811575490634434e-19
57,51,0.0006914535011832871,1.2757592809199521e-18
57,52,0.0008125412873249561,1.3537664053589132e-18
57,53,0.0009649004402130608,1.0822616883319841e-18
57,54,0.001155589036169044,1.0960203256568142e-18
57,55,0.001396699402582313,8.894444110706277e-19
57,56,0.0016984641723241972,-3.0515304383711447e-19
57,57,0.0020762558729913935,-1.3313530787621676e-18
57,58,0.0025376385168029954,-9.916974765150662e-19
57,59,0.0030892960160041924,-3.624650200839843e-20
57,60,0.003709949429687963,6.880023644846479e-19
57,61,0.004363001018117497,7.206752189875369e-19
57,62,0.00495948944007466,1.1047270897042223e-18
57,63,0.00549626355364895,2.3570505245674076e-18
58,0,0.008127435447916574,5.496509046169954e-18
58,1,0.008039460404512862,4.733254988011449e-18
58,2,0.007344311520039745,3.1792441760513933e-18
58,3,0.006231571888652579,2.446673486484629e-18
58,4,0.005088838163767413,1.7423594092761963e-18
58,5,0.0040590866233773965,1.1904957529412443e-18
58,6,0.003211460852160156,5.942337518241821e-19
58,7,0.002537638516802997,4.12103050112433e-19
58,8,0.002017976975786853,1.1664926030154524e-19
58,9,0.0016175845426580726,2.0480117812807705e-19
58,10,0.0013118258822116687,2.467043918059973e-19
58,11,0.0010753776687752459,3.8901945788578594e-19
58,12,0.0008930108604768175,1.8726050337274924e-19
58,13,0.0007497737833520009,6.87390527599636e-19
58,14,0.0006375740326244861,1.5759074728031502e-19
58,15,0.000547816184432114,-1.9225107235589296e-19
58,16,0.0004764223230719004,5.296130518886288e-20
58,17,0.00041829703780489586,-4.573629127629038e-19
58,18,0.0003714746539435766,-4.25728047462909e-19
58,19,0.00033277131548305997,-6.704077594111962e-19
58,20,0.0003013269554652863,-4.260449356948125e-19
58,21,0.0002750275710779823,5.399744494499416e-19
58,22,0.00025360145697902407,2.6897310007853075e-19
58,23,0.00023555519406351442,-1.2999803613031922e-19
58,24,0.00022093888220490185,3.7839881921843313e-19
58,25,0.00020863337150772297,1.6586694622183436e-19
58,26,0.00019887205653834855,1.322617212829852e-19
58,27,0.00019077056208717676,-4.657541005344781e-20
58,28,0.0001846739696841587,-2.409540708743644e-19
58,29,0.000179851304916827,-4.200592250311771e-19
58,30,0.00017672421145293249,-2.5823360192678385e-19
58,31,0.0001746669040831421,-7.386368715864459e-19
58,32,0.0001741639411119789,-5.929648705835509e-19
58,33,0.00017466690408314296,-7.148609287282111e-19
58,34,0.00017672421145293249,-6.696735362721474e-19
58,35,0.00017985130491682657,-5.34882487850508e-19
58,36,0.00018467396968415914,-4.260449356948125e-19
58,37,0.0001907705620871774,-1.1054685404136103e-19
58,38,0.00019887205653834877,1.605528828299803e-19
58,39,0.00020863337150772254,6.289434846095339e-19
58,40,0.00022093888220490185,3.765717858722253e-19
58,41,0.0002355551940635141,6.371256724420237e-19
58,42,0.00025360145697902396,2.7576637774658695e-19
58,43,0.000275027571077982,2.2694843473980214e-19
58,44,0.00030132695546528657,4.485179772313023e-20
58,45,0.00033277131548305975,-5.402999695827342e-19
58,46,0.0003714746539435765,-1.5716053482220678e-19
58,47,0.0004182970378048954,1.0872079917912967e-19
58,48,0.0004764223230719004,5.296130518886288e-20
58,49,0.0005478161844321135,4.099988252254997e-19
58,50,0.0006375740326244865,4.416336905254945e-19
58,51,0.0007497737833520016,6.306348475714091e-19
58,52,0.0008930108604768177,8.749976712877927e-19
58,53,0.0010753776687752454,1.0629358045573985e-19
58,54,0.001311825882211669,4.858135345756316e-19
58,55,0.001617584542658073,3.0368283286388255e-19
58,56,0.002017976975786853,1.1482222695533742e-19
58,57,0.002537638516802998,2.4237903535406464e-19
58,58,0.003211460852160157,8.238899172638008e-19
58,59,0.0040590866233773965,1.0962241716732378e-18
58,60,0.005088838163767413,1.7741089789528493e-18
58,61,0.0062315718886525795,2.085032824527785e-18
58,62,0.007344311520039745,2.7523288111015525e-18
58,63,0.008039460404512864,4.829284962478875e-18
59,0,0.014595412151971233,-4.289772753617174e-18
59,1,0.013544069775253792,-2.6745123499167506e-18
59,2,0.011490962010597112,-1.0628210598373307e-18
59,3,0.009224016986006044,-5.280556436492616e-20
59,4,0.007101602503027757,2.4782694944777497e-19
59,5,0.005377904979454368,4.354805000608687e-19
59,6,0.004059086623377396,-3.097605050952992e-19
59,7,0.003089296016004193,-8.327586901436617e-21
59,8,0.002377770225740058,-2.1302809015660275e-20
59,9,0.0018591021327444078,5.100167222769189e-19
59,10,0.001474611211313536,8.859308406803794e-19
59,11,0.0011891913918455732,1.0699716695401023e-18
59,12,0.0009723567653795097,8.489468883543012e-19
59,13,0.0008075626748327017,1.600902581117297e-18
59,14,0.0006790381843366076,9.34578018429464e-19
59,15,0.0005792067655399512,-1.9480994119795187e-20
59,16,0.0004994501923318638,4.347451194668198e-19
59,17,0.0004363882004559441,6.309813560914806e-20
59,18,0.0003849513560788563,-2.7677448478533984e-19
59,19,0.0003437582042446965,-7.575369764805041e-19
59,20,0.00030958400446568575,-7.27955005789179e-19
59,21,0.00028202911866311833,-9.739823241702871e-19
59,22,0.0002588795508536967,-9.60281808586602e-19
59,23,0.0002402344504005147,-9.841095421383906e-19
59,24,0.00022446284119859053,-2.830523679325481e-19
59,25,0.0002119272153859955,-1.0558223286773939e-19
59,26,0.00020134920088472766,-3.7853507635670476e-19
59,27,0.0001932384536319164,-7.709710551392939e-19
59,28,0.00018653921399822875,-4.156809063601915e-19
59,29,0.00018185236926601504,-4.2492500087486896e-19
59,30,0.0001782686221950252,2.373259607466808e-19
59,31,0.00017645670018430568,7.677039797121376e-19
59,32,0.00017560842177962149,1.7091353643629186e-19
59,33,0.00017645670018430655,9.020318992128567e-20
59,34,0.0001782686221950252,7.55912212724491e-20
59,35,0.00018185236926601504,-1.612257816134766e-19
59,36,0.00018653921399822962,-8.363752230377295e-19
59,37,0.00019323845363191684,-6.487216724246357e-19
59,38,0.00020134920088472788,-3.097605050952992e-19
59,39,0.00021192721538599462,-2.251680213985375e-19
59,40,0.00022446284119859074,-3.2148277512049724e-19
59,41,0.00024023445040051417,-8.269610743925389e-19
59,42,0.0002588795508536965,-1.0928387046376493e-18
59,43,0.0002820291186631183,-9.212620154041508e-19
59,44,0.00030958400446568624,-3.5329298945875123e-19
59,45,0.0003437582042446968,5.935853865092182e-20
59,46,0.0003849513560788561,3.339489824643407e-19
59,47,0.00043638820045594395,5.987882055323944e-19
59,48,0.0004994501923318638,4.347451194668198e-19
59,49,0.000579206765539951,9.304598735975516e-19
59,50,0.0006790381843366082,1.4579489911914672e-18
59,51,0.000807562674832702,1.8445482374847067e-18
59,52,0.0009723567653795102,1.44044933918183e-18
59,53,0.001189191391845573,7.607411518065201e-19
59,54,0.0014746112113135361,1.208122536384407e-18
59,55,0.0018591021327444084,7.506139338384165e-19
59,56,0.002377770225740058,-5.97332162036094e-20
59,57,0.003089296016004193,-2.1136211924788066e-19
59,58,0.0040590866233773965,1.7162721239943486e-19
59,59,0.005377904979454368,5.231897128684189e-20
59,60,0.007101602503027757,4.39730672673379e-20
59,61,0.009224016986006044,-5.168990933221228e-19
59,62,0.011490962010597112,-1.3540437393209859e-18
59,63,0.013544069775253794,-3.1157426340104006e-18
60,0,0.024584924013983513,1.4801018138702763e-18
60,1,0.02314943699872272,1.314434882188229e-18
60,2,0.0189412591169986,1.0682726950099401e-18
60,3,0.01404637787008336,1.9996114599378706e-18
60,4,0.010028647934604798,1.1387603923116527e-18
60,5,0.007101602503027755,7.037253377285944e-19
60,6,0.005088838163767412,4.01702460088698e-19
60,7,0.0037099494296879633,1.2182994800702562e-18
60,8,0.002766596162948866,9.342281678553018e-20
60,9,0.002105413084427717,9.456126203525527e-19
60,10,0.0016382257381989031,-1.8150810074544142e-19
60,11,0.0012978611446122943,2.252768705007668e-19
60,12,0.0010486647323054371,-7.624528882545043e-19
60,13,0.0008601855778505338,3.367388144110247e-19
60,14,0.0007179123157092532,-9.246260706744136e-19
60,15,0.00060673870869666,-2.5644335567364188e-18
60,16,0.0005207798927467028,-1.9387220196180466e-19
60,17,0.00045173713406189593,-4.473936481007156e-19
60,18,0.00039741703639270136,-1.154341758585344e-18
60,19,0.0003527781041611311,-1.795096143761395e-18
60,20,0.00031728526321132865,-1.246484387156457e-18
60,21,0.0002875756311009367,-3.8047683475691e-19
60,22,0.0002638905759896204,-6.824997123968065e-19
60,23,0.0002437926497326694,-1.1669452993978536e-18
60,24,0.00022790004668051325,-2.767469593799081e-19
60,25,0.00021431633035426606,1.5001770440821938e-19
60,26,0.00020385060544603466,-2.1257955449946167e-19
60,27,0.00019493860097172418,-8.420794040008503e-20
60,28,0.00018849456427086526,-1.2026388177353015e-19
60,29,0.00018316643348577702,1.8364824620184454e-19
60,30,0.00017993785318399722,9.763595505669959e-19
60,31,0.00017759696341093645,-5.838884286058455e-19
60,32,0.00017718855045744178,4.598948162873552e-19
60,33,0.00017759696341093992,5.012832528241007e-19
60,34,0.00017993785318399895,5.261716087671879e-19
60,35,0.00018316643348577528,-3.8563331953023903e-19
60,36,0.00018849456427086613,-1.6228221467095256e-19
60,37,0.0001949386009717259,-1.636364002598091e-19
60,38,0.00020385060544603466,-4.656592778997056e-19
60,39,0.0002143163303542652,-8.274312691234914e-20
60,40,0.00022790004668051325,-3.0278972749744573e-19
60,41,0.00024379264973266724,-1.0066116580376939e-18
60,42,0.00026389057598961974,-8.043414738741828e-19
60,43,0.00028757563110093625,-1.0061077601938887e-18
60,44,0.000317285263211329,-4.294732790758044e-19
60,45,0.00035277810416113126,-2.729069870578351e-19
60,46,0.00039741703639270196,2.961350106603194e-19
60,47,0.0004517371340618971,1.1112261217878078e-18
60,48,0.0005207798927467028,-1.9387220196180466e-19
60,49,0.0006067387086966594,-4.473936481007156e-19
60,50,0.0007179123157092522,5.803817173914631e-19
60,51,0.0008601855778505349,8.0698907020381585e-19
60,52,0.0010486647323054384,4.882390888203501e-19
60,53,0.001297861144612294,5.32040342372918e-20
60,54,0.0016382257381989036,6.185428945857989e-19
60,55,0.002105413084427718,5.677781765789535e-19
60,56,0.002766596162948866,6.738004866799257e-20
60,57,0.003709949429687965,-2.1101674209336069e-19
60,58,0.005088838163767413,9.614534558566445e-19
60,59,0.007101602503027757,1.0381005266837702e-18
60,60,0.0100286479346048,1.5304229284084322e-18
60,61,0.01404637787008336,3.1386445014554686e-19
60,62,0.018941259116998597,5.635537343899188e-19
60,63,0.02314943699872272,2.2748672938651976e-18
61,0,0.05295093639713835,-6.893707020435237e-18
61,1,0.04611425661622258,-4.9614456432486715e-18
61,2,0.03308756227739366,-2.3338656928193773e-18
61,3,0.02179618085996521,-6.411349312559429e-21
61,4,0.014046377870083362,-6.175466193689462e-19
61,5,0.009224016986006042,6.243979957275424e-19
61,6,0.006231571888652577,-1.3204249784333978e-18
61,7,0.004363001018117498,-4.810353015504102e-19
61,8,0.003146531403592082,-8.264166403634965e-19
61,9,0.0023428838635355023,8.395494946296397e-19
61,10,0.0017857446417484653,2.7438889725377875e-19
61,11,0.001397817827300087,1.0061243432125475e-18
61,12,0.001113641115055143,1.2621938509678762e-18
61,13,0.0009075444197229224,6.437669496138685e-19
61,14,0.000749486444167579,-1.210068673760438e-18
61,15,0.0006314239007382589,-9.307379243327984e-19
61,16,0.0005373331844111193,2.434637878518973e-19
61,17,0.0004656577333694347,-5.433217903702405e-19
61,18,0.00040661992312509404,-1.791764606576625e-18
61,19,0.0003611754422845593,-1.090613521798064e-18
61,20,0.0003226402850482102,-2.3522700953457532e-18
61,21,0.00029295832429110705,-1.3271659147463656e-18
61,22,0.00026712212084139316,4.142984975434093e-19
61,23,0.00024745080215612773,-4.810353015504102e-19
61,24,0.00022991428038473464,4.374220298011557e-19
61,25,0.0002169580314074597,7.897633951260241e-19
61,26,0.00020515371804531116,-1.0123779913201435e-19
61,27,0.00019697888173618363,4.563325695172266e-19
61,28,0.0001893887203309871,-3.70284631307388e-19
61,29,0.0001848682851157777,-2.588661641776843e-19
61,30,0.0001806199637745566,8.197583093960695e-19
61,31,0.00017914599577941587,-5.031658527759102e-19
61,32,0.00017780499109423115,2.878909635492686e-19
61,33,0.0001791459957794228,4.0535511055457586e-19
61,34,0.00018061996377456008,-3.8230178234546936e-19
61,35,0.0001848682851157777,-6.411349312559429e-21
61,36,0.00018938872033098884,-6.175466193689462e-19
61,37,0.00019697888173618536,-6.766446112550629e-19
61,38,0.00020515371804531116,-4.530632404449943e-19
61,39,0.00021695803140745797,3.863264364379933e-19
61,40,0.00022991428038473464,5.016723826865363e-19
61,41,0.0002474508021561275,-4.779650235698936e-19
61,42,0.00026712212084139186,-3.7555132045913327e-19
61,43,0.00029295832429110727,-2.62292642907452e-18
61,44,0.00032264028504821134,-1.1962444827231636e-18
61,45,0.0003611754422845584,-5.652694764014358e-19
61,46,0.00040661992312509356,1.2504291667541334e-18
61,47,0.0004656577333694377,1.522582452942282e-18
61,48,0.0005373331844111193,2.434637878518973e-19
61,49,0.0006314239007382585,-5.433217903702405e-19
61,50,0.0007494864441675784,1.677682345376989e-18
61,51,0.000907544419722925,6.441099541787432e-19
61,52,0.001113641115055144,2.851900332584668e-18
61,53,0.0013978178273000871,1.274919299218845e-18
61,54,0.0017857446417484657,1.2816602355318128e-18
61,55,0.002342883863535505,3.863264364379933e-19
61,56,0.003146531403592082,-7.621662874781159e-19
61,57,0.004363001018117499,-4.2817892406627795e-19
61,58,0.006231571888652579,7.537592665983253e-23
61,59,0.009224016986006046,-3.384111794023922e-19
61,60,0.014046377870083362,-4.3112773843630273e-19
61,61,0.021796180859965215,-1.8310407075808917e-18
61,62,0.033087562277393665,-3.815163899361787e-18
61,63,0.04611425661622258,-4.976521784533431e-18
62,0,0.11860080913757405,-4.62410124784222e-18
62,1,0.09698295420017716,-1.4676082152438031e-18
62,2,0.059085022918220556,-1.738929991214383e-18
62,3,0.033087562277393665,8.6284208427546155e-19
62,4,0.0189412591169986,-1.1213236458236803e-19
62,5,0.011490962010597109,1.3015829487645798e-18
62,6,0.007344311520039743,-2.111451234612359e-19
62,7,0.00495948944007466,1.2404523139400472e-18
62,8,0.0034757987724216358,-3.3328857494982417e-19
62,9,0.002542989112459716,9.378407520043493e-19
62,10,0.0019052888788946131,-1.3137714316151291e-18
62,11,0.0014785088176155789,-1.7129903383189046e-19
62,12,0.0011640098381489714,-2.038808576093762e-19
62,13,0.0009449475268265712,-6.368439572862658e-19
62,14,0.0007731310662992172,-3.1833870455605e-18
62,15,0.0006507571936851251,-4.5926419822463194e-18
62,16,0.0005493368439596462,6.444849068838539e-19
62,17,0.00047657834791547504,8.90531509912169e-19
62,18,0.00041306102469019053,-2.3352411860814104e-18
62,19,0.00036782937060325833,1.0390056353560854e-19
62,20,0.000326224667464324,1.0470806991473286e-19
62,21,0.0002972981120616027,2.168944686752983e-18
62,22,0.00026915551779145347,1.5235783525155711e-18
62,23,0.0002504703725575521,1.2404523139400472e-18
62,24,0.00023107120966213424,9.30550095214828e-19
62,25,0.00021919975075497533,1.2637839625351198e-18
62,26,0.0002058050059480592,1.5881247679873318e-18
62,27,0.00019875991670303614,-1.2057569772342604e-19
62,28,0.00018975221533186482,1.6869373200793307e-18
62,29,0.00018638971790170544,-1.6842650345010743e-18
62,30,0.00018083535664970007,3.458117331819166e-18
62,31,0.00018055006693104558,1.486953500937244e-18
62,32,0.00017797470006240823,7.797921758738328e-19
62,33,0.00018055006693104558,-3.9352823883721215e-21
62,34,0.00018083535664970354,1.0421370201097468e-19
62,35,0.00018638971790170544,1.0796825187725624e-18
62,36,0.00018975221533186655,3.2154850441183374e-19
62,37,0.00019875991670303787,4.342212107761762e-19
62,38,0.00020580500594806006,1.5235783525155711e-18
62,39,0.00021919975075497316,1.2404523139400472e-18
62,40,0.00023107120966213424,8.950030648164477e-19
62,41,0.00025047037255755103,-1.25465755708838e-18
62,42,0.0002691555177914523,8.357298370790993e-19
62,43,0.00029729811206160315,-1.0659208752156796e-18
62,44,0.00032622466746432455,4.132969974388419e-19
62,45,0.00036782937060325877,1.7949888186966382e-18
62,46,0.00041306102469018885,1.7097598432406345e-18
62,47,0.00047657834791547276,5.222526809814454e-18
62,48,0.0005493368439596462,6.444849068838539e-19
62,49,0.0006507571936851228,8.90531509912169e-19
62,50,0.0007731310662992155,1.1342057658722038e-18
62,51,0.0009449475268265716,1.0390056353560854e-19
62,52,0.001164009838148972,1.0470806991473286e-19
62,53,0.0014785088176155784,-4.3314052721222733e-19
62,54,0.0019052888788946144,-2.111451234612359e-19
62,55,0.0025429891124597198,1.2404523139400472e-18
62,56,0.0034757987724216358,-3.6883560534820446e-19
62,57,0.0049594894400746626,-1.5806007676191506e-18
62,58,0.007344311520039747,1.4032805894302524e-18
62,59,0.01149096201059711,-1.116644211324144e-18
62,60,0.0189412591169986,-1.4775211802498652e-18
62,61,0.033087562277393665,-3.2291222700073787e-18
62,62,0.05908502291822056,-4.9317445341390315e-18
62,63,0.09698295420017716,-7.362281708282136e-18
63,0,0.306970182035299,-1.4795159281648552e-17
63,1,0.21234705979628188,-8.142295467772655e-18
63,2,0.09698295420017716,-5.853368270462249e-18
63,3,0.04611425661622258,-2.46949589074442e-18
63,4,0.023149436998722725,-8.399420616627079e-19
63,5,0.013544069775253778,4.834362868720838e-18
63,6,0.008039460404512856,-1.3046063497954728e-18
63,7,0.005496263553648945,5.150894401505856e-18
63,8,0.003617141195974987,-9.92239668635756e-19
63,9,0.0027467303481561872,1.8609332150582704e-18
63,10,0.0019266727909666918,-1.9238300935377048e-18
63,11,0.0015792471100654648,1.196710831260169e-18
63,12,0.0011547195581775357,-2.2522616167376407e-18
63,13,0.001004950921672375,3.3125878334749913e-18
63,14,0.000756009628376624,2.2245842045187646e-19
63,15,0.0006914913126828933,3.1850260549264497e-19
63,16,0.0005309698084603881,3.004400303765132e-18
63,17,0.00050692310824261,6.928114729775856e-18
63,18,0.0003953744864813203,-3.901804359988341e-18
63,19,0.0003920187974057912,-2.46949589074442e-18
63,20,0.00030967411182576026,-8.399420616627079e-19
63,21,0.0003175949020998974,-8.034884282037851e-19
63,22,0.000253714479006132,-2.1719680877838764e-18
63,23,0.0002682042974510952,-8.7268934063086e-18
63,24,0.00021656196344176462,-3.6032033355342984e-19
63,25,0.00023522040865952328,3.2936427488569462e-18
63,26,0.0001920124186086938,2.946058923974283e-18
63,27,0.00021365473054352907,1.2157859835929177e-18
63,28,0.0001764611131646037,1.6002257394460671e-18
63,29,0.0002005990468076646,-1.2406341609742111e-18
63,30,0.00016783977261429495,9.764685128829265e-19
63,31,0.00019443434806064308,1.7218056810193373e-17
63,32,0.00016507663370723957,4.3524903456823084e-18
63,33,0.00019443434806065696,5.5186519055447e-18
63,34,0.000167839772614288,1.5192065024391813e-18
63,35,0.0002005990468076646,1.8673127991975977e-18
63,36,0.00017646111316460544,8.947814143140993e-19
63,37,0.00021365473054353427,-3.6980755920958337e-19
63,38,0.0001920124186086938,2.1648406021581414e-18
63,39,0.0002352204086595146,5.150894401505856e-18
63,40,0.00021656196344176462,-2.889967978033947e-19
63,41,0.0002682042974510876,-1.581496970947032e-18
63,42,0.00025371447900612864,-6.783466359151314e-19
63,43,0.0003175949020998987,-1.2040115818532565e-18
63,44,0.00030967411182576156,1.4397392314006288e-18
63,45,0.00039201879740579135,8.79488079001594e-19
63,46,0.0003953744864813169,2.209053405993852e-19
63,47,0.0005069231082426044,3.1316437570304287e-19
63,48,0.0005309698084603881,3.004400303765132e-18
63,49,0.0006914913126828876,-6.9496730780386e-18
63,50,0.0007560096283766276,3.0370895439188875e-18
63,51,0.0010049509216723753,9.999510612091942e-19
63,52,0.001154719558177537,8.947814143140993e-19
63,53,0.0015792471100654643,-5.140297118145803e-18
63,54,0.0019266727909666992,3.032202340146545e-18
63,55,0.0027467303481561968,5.150894401505856e-18
63,56,0.003617141195974987,-9.209161328857208e-19
63,57,0.0054962635536489534,-3.0142065047457083e-18
63,58,0.008039460404512859,1.3906582504801095e-18
63,59,0.013544069775253782,-1.223086734186005e-18
63,60,0.023149436998722725,-6.780246488062721e-19
63,61,0.04611425661622258,-5.8429925203984495e-18
63,62,0.09698295420017718,-6.60463691775049e-18
63,63,0.21234705979628188,-2.894629459533244e-17
