64,64
0,0,0.0,0.0
0,1,0.03405223647464015,0.0
0,2,0.05249018639978607,0.0
0,3,0.060683672062248915,0.0
0,4,0.062360999604105946,0.0
0,5,0.0600793962485818,0.0
0,6,0.05556601916981121,0.0
0,7,0.04996415566132575,0.0
0,8,0.04401016313231539,0.0
0,9,0.038159966035170946,0.0
0,10,0.03267893907786427,0.0
0,11,0.02770531629110453,0.0
0,12,0.02329454071329724,0.0
0,13,0.01944996109829289,0.0
0,14,0.016143804850093785,0.0
0,15,0.013331272357118265,0.0
0,16,0.010959804401179761,0.0
0,17,0.008974995113368328,0.0
0,18,0.007324201487942938,0.0
0,19,0.005958594860854864,0.0
0,20,0.004834179040749684,0.0
0,21,0.003912141087770504,0.0
0,22,0.003158787229724495,0.0
0,23,0.0025452357078771513,0.0
0,24,0.002046981378215805,0.0
0,25,0.0016434070187568298,0.0
0,26,0.0013172886668087961,0.0
0,27,0.0010543234116064887,0.0
0,28,0.0008426953473752866,0.0
0,29,0.0006726870101428018,0.0
0,30,0.0005363382577003512,0.0
0,31,0.00042715126282078203,0.0
0,32,-0.0003398384058193382,0.0
0,33,-0.00042715126282078203,0.0
0,34,-0.0005363382577003512,0.0
0,35,-0.0006726870101428018,0.0
0,36,-0.0008426953473752866,0.0
0,37,-0.0010543234116064887,0.0
0,38,-0.0013172886668087961,0.0
0,39,-0.0016434070187568298,0.0
0,40,-0.002046981378215805,0.0
0,41,-0.0025452357078771513,0.0
0,42,-0.003158787229724495,0.0
0,43,-0.003912141087770504,0.0
0,44,-0.004834179040749684,0.0
0,45,-0.005958594860854864,0.0
0,46,-0.007324201487942938,0.0
0,47,-0.008974995113368328,0.0
0,48,-0.010959804401179761,0.0
0,49,-0.013331272357118265,0.0
0,50,-0.016143804850093785,0.0
0,51,-0.01944996109829289,0.0
0,52,-0.02329454071329724,0.0
0,53,-0.02770531629110453,0.0
0,54,-0.03267893907786427,0.0
0,55,-0.038159966035170946,0.0
0,56,-0.04401016313231539,0.0
0,57,-0.04996415566132575,0.0
0,58,-0.05556601916981121,0.0
0,59,-0.0600793962485818,0.0
0,60,-0.062360999604105946,0.0
0,61,-0.060683672062248915,0.0
0,62,-0.05249018639978607,0.0
0,63,-0.03405223647464015,0.0
1,0,0.0,0.03405223647464015
1,1,0.0305702586663699,0.0305702586663699
1,2,0.04936048427343722,0.02468024213671861
1,3,0.05817262367681204,0.019390874558937343
1,4,0.06039348995692718,0.015098372489231794
1,5,0.05854997286630091,0.01170999457326018
1,6,0.054381232642079426,0.009063538773679904
1,7,0.0490479611753242,0.0070068515964748865
1,8,0.04330238144562253,0.005412797680702817
1,9,0.03761352689180887,0.004179280765756542
1,10,0.0322572351077588,0.00322572351077588
1,11,0.027379965333985852,0.0024890877576350776
1,12,0.023043577734947807,0.0019202981445789844
1,13,0.01925640662908993,0.001481262048391533
1,14,0.01599454318388014,0.001142467370277153
1,15,0.013216177513686369,0.0008810785009124246
1,16,0.010871061448495232,0.000679441340530952
1,17,0.00890657430895217,0.0005239161358207159
1,18,0.007271451398764928,0.00040396952215360714
1,19,0.005917927841423823,0.0003114698863907274
1,20,0.004802828266921605,0.00024014141334608024
1,21,0.003887972956971074,0.00018514156937957495
1,22,0.0031401565621015444,0.0001427343891864338
1,23,0.002530874013102296,0.00011003800056966505
1,24,0.0020359106548018206,8.482961061674252e-05
1,25,0.0016348732619476032,6.539493047790412e-05
1,26,0.001310710585401725,5.041194559237406e-05
1,27,0.001049252878906951,3.886121773729448e-05
1,28,0.0008387869038794487,2.9956675138551736e-05
1,29,0.0006696743478209267,2.3092218890376783e-05
1,30,0.0005340160886208022,1.7800536287360076e-05
1,31,0.0004253613399204783,1.372133354582188e-05
1,32,-0.0003384587453844869,1.0576835793265216e-05
1,33,-0.0004253613399204783,1.372133354582188e-05
1,34,-0.0005340160886208022,1.7800536287360076e-05
1,35,-0.0006696743478209267,2.3092218890376783e-05
1,36,-0.0008387869038794487,2.9956675138551736e-05
1,37,-0.001049252878906951,3.886121773729448e-05
1,38,-0.001310710585401725,5.041194559237406e-05
1,39,-0.0016348732619476032,6.539493047790412e-05
1,40,-0.0020359106548018206,8.482961061674252e-05
1,41,-0.002530874013102296,0.00011003800056966505
1,42,-0.0031401565621015444,0.0001427343891864338
1,43,-0.003887972956971074,0.00018514156937957495
1,44,-0.004802828266921605,0.00024014141334608024
1,45,-0.005917927841423823,0.0003114698863907274
1,46,-0.007271451398764928,0.00040396952215360714
1,47,-0.00890657430895217,0.0005239161358207159
1,48,-0.010871061448495232,0.000679441340530952
1,49,-0.013216177513686369,0.0008810785009124246
1,50,-0.01599454318388014,0.001142467370277153
1,51,-0.01925640662908993,0.001481262048391533
1,52,-0.023043577734947807,0.0019202981445789844
1,53,-0.027379965333985852,0.0024890877576350776
1,54,-0.0322572351077588,0.00322572351077588
1,55,-0.03761352689180887,0.004179280765756542
1,56,-0.04330238144562253,0.005412797680702817
1,57,-0.0490479611753242,0.0070068515964748865
1,58,-0.054381232642079426,0.009063538773679904
1,59,-0.05854997286630091,0.01170999457326018
1,60,-0.06039348995692718,0.015098372489231794
1,61,-0.05817262367681204,0.019390874558937343
1,62,-0.04936048427343722,0.02468024213671861
1,63,-0.0305702586663699,0.0305702586663699
2,0,0.0,0.05249018639978607
2,1,0.02468024213671861,0.04936048427343722
2,2,0.04230435331494609,0.04230435331494609
2,3,0.05183051265276625,0.03455367510184417
2,4,0.055146208916303875,0.027573104458151938
2,5,0.054345598345773904,0.02173823933830956
2,6,0.051062595033355744,0.017020865011118578
2,7,0.046449262038074375,0.01327121772516411
2,8,0.041276902176515216,0.010319225544128804
2,9,0.03603944095266839,0.008008764656148531
2,10,0.03103632032873775,0.0062072640657475486
2,11,0.026434257625425957,0.004806228659168355
2,12,0.022311752206809747,0.003718625367801625
2,13,0.01869049803819824,0.0028754612366458823
2,14,0.015557174115076329,0.0022224534450109037
2,15,0.012878294822567775,0.0017171059763423698
2,16,0.0106101227749076,0.00132626534686345
2,17,0.008705111822421759,0.001024130802637854
2,18,0.007115942653519614,0.0007906602948355127
2,19,0.005797912433329689,0.000610306571929441
2,20,0.0047102191395983675,0.0004710219139598368
2,21,0.0038165207738573193,0.0003634781689387923
2,22,0.003085033869565142,0.000280457624505922
2,23,0.0024883528366732425,0.00021637850753680372
2,24,0.002003112791550956,0.0001669260659625796
2,25,0.0016095770315198172,0.00012876616252158532
2,26,0.001291201368562962,9.932318219715093e-05
2,27,0.0010342075801703424,7.660796890150683e-05
2,28,0.000827184674702843,5.9084619621631644e-05
2,29,0.0006607276246329074,4.556742238847638e-05
2,30,0.0005271173377780192,3.5141155851867945e-05
2,31,0.00042004194163606286,2.7099480105552444e-05
2,32,-0.00033435725582985635,2.0897328489366022e-05
2,33,-0.00042004194163606286,2.7099480105552444e-05
2,34,-0.0005271173377780192,3.5141155851867945e-05
2,35,-0.0006607276246329074,4.556742238847638e-05
2,36,-0.000827184674702843,5.9084619621631644e-05
2,37,-0.0010342075801703424,7.660796890150683e-05
2,38,-0.001291201368562962,9.932318219715093e-05
2,39,-0.0016095770315198172,0.00012876616252158532
2,40,-0.002003112791550956,0.0001669260659625796
2,41,-0.0024883528366732425,0.00021637850753680372
2,42,-0.003085033869565142,0.000280457624505922
2,43,-0.0038165207738573193,0.0003634781689387923
2,44,-0.0047102191395983675,0.0004710219139598368
2,45,-0.005797912433329689,0.000610306571929441
2,46,-0.007115942653519614,0.0007906602948355127
2,47,-0.008705111822421759,0.001024130802637854
2,48,-0.0106101227749076,0.00132626534686345
2,49,-0.012878294822567775,0.0017171059763423698
2,50,-0.015557174115076329,0.0022224534450109037
2,51,-0.01869049803819824,0.0028754612366458823
2,52,-0.022311752206809747,0.003718625367801625
2,53,-0.026434257625425957,0.004806228659168355
2,54,-0.03103632032873775,0.0062072640657475486
2,55,-0.03603944095266839,0.008008764656148531
2,56,-0.041276902176515216,0.010319225544128804
2,57,-0.046449262038074375,0.01327121772516411
2,58,-0.051062595033355744,0.017020865011118578
2,59,-0.054345598345773904,0.02173823933830956
2,60,-0.055146208916303875,0.027573104458151938
2,61,-0.05183051265276625,0.03455367510184417
2,62,-0.04230435331494609,0.04230435331494609
2,63,-0.02468024213671861,0.04936048427343722
3,0,0.0,0.060683672062248915
3,1,0.019390874558937343,0.05817262367681204
3,2,0.03455367510184417,0.05183051265276625
3,3,0.04390684902916556,0.04390684902916556
3,4,0.04806351699886544,0.03604763774914908
3,5,0.0483890348642709,0.029033420918562546
3,6,0.046207574782808125,0.023103787391404063
3,7,0.04256142309753292,0.018240609898942686
3,8,0.038196845952550185,0.014323817232206318
3,9,0.033616181204404856,0.011205393734801618
3,10,0.029138713537553297,0.008741614061265985
3,11,0.024953168691142894,0.006805409643038971
3,12,0.02115852206717251,0.005289630516793127
3,13,0.017794155368144864,0.004106343546494968
3,14,0.014861447943898393,0.0031845959879782267
3,15,0.012338859427154805,0.0024677718854309604
3,16,0.010192222246003602,0.001911041671125676
3,17,0.008381585113280767,0.0014791032552848417
3,18,0.0068656169925552365,0.0011442694987592057
3,19,0.005604314564026475,0.0008848917732673384
3,20,0.004560551242316379,0.0006840826863474568
3,21,0.0037008520942644666,0.0005286931563234952
3,22,0.0029956656788306933,0.00040849986529509447
3,23,0.0024193213365320855,0.0003155636525911416
3,24,0.001949801053782341,0.00024372513172279261
3,25,0.0015684126911853973,0.00018820952294224764
3,26,0.001259421509650028,0.00014531786649808016
3,27,0.0010096761198537109,0.00011218623553930124
3,28,0.0008082506748031452,8.659828658605126e-05
3,29,0.0006461154534998233,6.683952967239552e-05
3,30,0.0005158415841188069,5.15841584118807e-05
3,31,0.00041134154199059267,3.9807245999089616e-05
3,32,-0.0003276445227149396,3.0716674004525594e-05
3,33,-0.00041134154199059267,3.9807245999089616e-05
3,34,-0.0005158415841188069,5.15841584118807e-05
3,35,-0.0006461154534998233,6.683952967239552e-05
3,36,-0.0008082506748031452,8.659828658605126e-05
3,37,-0.0010096761198537109,0.00011218623553930124
3,38,-0.001259421509650028,0.00014531786649808016
3,39,-0.0015684126911853973,0.00018820952294224764
3,40,-0.001949801053782341,0.00024372513172279261
3,41,-0.0024193213365320855,0.0003155636525911416
3,42,-0.0029956656788306933,0.00040849986529509447
3,43,-0.0037008520942644666,0.0005286931563234952
3,44,-0.004560551242316379,0.0006840826863474568
3,45,-0.005604314564026475,0.0008848917732673384
3,46,-0.0068656169925552365,0.0011442694987592057
3,47,-0.008381585113280767,0.0014791032552848417
3,48,-0.010192222246003602,0.001911041671125676
3,49,-0.012338859427154805,0.0024677718854309604
3,50,-0.014861447943898393,0.0031845959879782267
3,51,-0.017794155368144864,0.004106343546494968
3,52,-0.02115852206717251,0.005289630516793127
3,53,-0.024953168691142894,0.006805409643038971
3,54,-0.029138713537553297,0.008741614061265985
3,55,-0.033616181204404856,0.011205393734801618
3,56,-0.038196845952550185,0.014323817232206318
3,57,-0.04256142309753292,0.018240609898942686
3,58,-0.046207574782808125,0.023103787391404063
3,59,-0.0483890348642709,0.029033420918562546
3,60,-0.04806351699886544,0.03604763774914908
3,61,-0.04390684902916556,0.04390684902916556
3,62,-0.03455367510184417,0.05183051265276625
3,63,-0.019390874558937343,0.05817262367681204
4,0,0.0,0.062360999604105946
4,1,0.015098372489231794,0.06039348995692718
4,2,0.027573104458151938,0.055146208916303875
4,3,0.03604763774914908,0.04806351699886544
4,4,0.04050670892358059,0.04050670892358059
4,5,0.04169036393679509,0.033352291149436074
4,6,0.040535598327932666,0.027023732218621793
4,7,0.037889583764919715,0.021651190722811266
4,8,0.03441582350735759,0.017207911753678796
4,9,0.030591746100587056,0.013596331600260915
4,10,0.026739025704425663,0.010695610281770263
4,11,0.02306021220034244,0.008385531709215433
4,12,0.019671675310651317,0.00655722510355044
4,13,0.016630063722734265,0.005116942683918236
4,14,0.01395232007596646,0.003986377164561845
4,15,0.01163024175067529,0.0031013978001800772
4,16,0.009640754836205027,0.0024101887090512567
4,17,0.007952959802883769,0.0018712846595020636
4,18,0.006532815835435549,0.0014517368523190106
4,19,0.005346137389886003,0.0011255026083970532
4,20,0.004360409577495064,0.0008720819154990128
4,21,0.003545794793278211,0.0006753894844339448
4,22,0.0028755994047648076,0.0005228362554117832
4,23,0.0023263913688719652,0.00040458980328208095
4,24,0.0018779020830337358,0.00031298368050562263
4,25,0.0015128039025127731,0.00024204862440204368
4,26,0.001216424697962923,0.00018714226122506505
4,27,0.0009764395310086954,0.00014465770829758448
4,28,0.0007825646438705625,0.00011179494912436608
4,29,0.0006262687213498062,8.638189259997326e-05
4,30,0.0005005094721643794,6.673459628858393e-05
4,31,0.00039949902185010326,5.15482608838843e-05
4,32,-0.00031849870417640627,3.9812338022050784e-05
4,33,-0.00039949902185010326,5.15482608838843e-05
4,34,-0.0005005094721643794,6.673459628858393e-05
4,35,-0.0006262687213498062,8.638189259997326e-05
4,36,-0.0007825646438705625,0.00011179494912436608
4,37,-0.0009764395310086954,0.00014465770829758448
4,38,-0.001216424697962923,0.00018714226122506505
4,39,-0.0015128039025127731,0.00024204862440204368
4,40,-0.0018779020830337358,0.00031298368050562263
4,41,-0.0023263913688719652,0.00040458980328208095
4,42,-0.0028755994047648076,0.0005228362554117832
4,43,-0.003545794793278211,0.0006753894844339448
4,44,-0.004360409577495064,0.0008720819154990128
4,45,-0.005346137389886003,0.0011255026083970532
4,46,-0.006532815835435549,0.0014517368523190106
4,47,-0.007952959802883769,0.0018712846595020636
4,48,-0.009640754836205027,0.0024101887090512567
4,49,-0.01163024175067529,0.0031013978001800772
4,50,-0.01395232007596646,0.003986377164561845
4,51,-0.016630063722734265,0.005116942683918236
4,52,-0.019671675310651317,0.00655722510355044
4,53,-0.02306021220034244,0.008385531709215433
4,54,-0.026739025704425663,0.010695610281770263
4,55,-0.030591746100587056,0.013596331600260915
4,56,-0.03441582350735759,0.017207911753678796
4,57,-0.037889583764919715,0.021651190722811266
4,58,-0.040535598327932666,0.027023732218621793
4,59,-0.04169036393679509,0.033352291149436074
4,60,-0.04050670892358059,0.04050670892358059
4,61,-0.03604763774914908,0.04806351699886544
4,62,-0.027573104458151938,0.055146208916303875
4,63,-0.015098372489231794,0.06039348995692718
5,0,0.0,0.0600793962485818
5,1,0.01170999457326018,0.05854997286630091
5,2,0.02173823933830956,0.054345598345773904
5,3,0.029033420918562546,0.0483890348642709
5,4,0.033352291149436074,0.04169036393679509
5,5,0.035034257982374424,0.035034257982374424
5,6,0.03467963621084106,0.02889969684236755
5,7,0.03291846203988138,0.023513187171343843
5,8,0.030295161129120868,0.01893447570570054
5,9,0.027231741884791074,0.015128745491550598
5,10,0.024031143295841783,0.012015571647920891
5,11,0.020896487786466314,0.00949840353930287
5,12,0.017953810244578053,0.007480754268574189
5,13,0.015272858356864427,0.0058741762911017036
5,14,0.012884146977798825,0.00460148106349958
5,15,0.01079209091973453,0.0035973636399115106
5,16,0.008984692497162407,0.002807716405363253
5,17,0.0074404448070934815,0.0021883661197333766
5,18,0.0061330938033392225,0.0017036371675942285
5,19,0.005034809317627032,0.001324949820428166
5,20,0.004118205606324591,0.0010295514015811478
5,21,0.0033575502039457643,0.000799416715225182
5,22,0.002729414273287822,0.0006203214257472323
5,23,0.0022129494812641354,0.0004810759741878555
5,24,0.001789923982593576,0.00037290082970699507
5,25,0.0014446107080256657,0.00028892214160513316
5,26,0.0011635921352336097,0.00022376771831415576
5,27,0.0009355246882107743,0.00017324531263162484
5,28,0.0007508909011167694,0.00013408766091370876
5,29,0.0006017569391231145,0.00010375119640053702
5,30,0.00048154579150803744,8.025763191800624e-05
5,31,0.00038483153246428184,6.206960201036803e-05
5,32,-0.00030715680526098495,4.7993250822028904e-05
5,33,-0.00038483153246428184,6.206960201036803e-05
5,34,-0.00048154579150803744,8.025763191800624e-05
5,35,-0.0006017569391231145,0.00010375119640053702
5,36,-0.0007508909011167694,0.00013408766091370876
5,37,-0.0009355246882107743,0.00017324531263162484
5,38,-0.0011635921352336097,0.00022376771831415576
5,39,-0.0014446107080256657,0.00028892214160513316
5,40,-0.001789923982593576,0.00037290082970699507
5,41,-0.0022129494812641354,0.0004810759741878555
5,42,-0.002729414273287822,0.0006203214257472323
5,43,-0.0033575502039457643,0.000799416715225182
5,44,-0.004118205606324591,0.0010295514015811478
5,45,-0.005034809317627032,0.001324949820428166
5,46,-0.0061330938033392225,0.0017036371675942285
5,47,-0.0074404448070934815,0.0021883661197333766
5,48,-0.008984692497162407,0.002807716405363253
5,49,-0.01079209091973453,0.0035973636399115106
5,50,-0.012884146977798825,0.00460148106349958
5,51,-0.015272858356864427,0.0058741762911017036
5,52,-0.017953810244578053,0.007480754268574189
5,53,-0.020896487786466314,0.00949840353930287
5,54,-0.024031143295841783,0.012015571647920891
5,55,-0.027231741884791074,0.015128745491550598
5,56,-0.030295161129120868,0.01893447570570054
5,57,-0.03291846203988138,0.023513187171343843
5,58,-0.03467963621084106,0.02889969684236755
5,59,-0.035034257982374424,0.035034257982374424
5,60,-0.033352291149436074,0.04169036393679509
5,61,-0.029033420918562546,0.0483890348642709
5,62,-0.02173823933830956,0.054345598345773904
5,63,-0.01170999457326018,0.05854997286630091
6,0,0.0,0.05556601916981121
6,1,0.009063538773679904,0.054381232642079426
6,2,0.017020865011118578,0.051062595033355744
6,3,0.023103787391404063,0.046207574782808125
6,4,0.027023732218621793,0.040535598327932666
6,5,0.02889969684236755,0.03467963621084106
6,6,0.02908908905197692,0.02908908905197692
6,7,0.028030676296519865,0.0240262939684456
6,8,0.02614315126229142,0.019607363446718564
6,9,0.023776555271769098,0.01585103684784606
6,10,0.021198774221701237,0.012719264533020743
6,11,0.018600643394296873,0.010145805487798292
6,12,0.016108753407064306,0.008054376703532153
6,13,0.01379991594790565,0.006369191975956453
6,14,0.011714427668258946,0.005020469000682405
6,15,0.009867066294949552,0.003946826517979821
6,16,0.008255661032062642,0.0030958728870234906
6,17,0.00686748187661132,0.0024238171329216424
6,18,0.005683829953338214,0.0018946099844460718
6,19,0.004683220592672405,0.0014789117661070759
6,20,0.0038435061606326257,0.0011530518481897877
6,21,0.0031432238149873334,0.0008980639471392381
6,22,0.0025623919049657697,0.0006988341558997553
6,23,0.002082924869095432,0.0005433717049814171
6,24,0.0016887923192675759,0.00042219807981689396
6,25,0.001366013260356001,0.00032784318248544025
6,26,0.0011025498585256358,0.0002544345827366852
6,27,0.0008881453543307023,0.00019736563429571165
6,28,0.0007141361981648753,0.0001530291853210447
6,29,0.0005732580352738418,0.0001186051107463121
6,30,0.00045945777758419476,9.189155551683894e-05
6,31,0.00036771887323946956,7.11713948205425e-05
6,32,-0.0002939034074184328,5.510688889095616e-05
6,33,-0.00036771887323946956,7.11713948205425e-05
6,34,-0.00045945777758419476,9.189155551683894e-05
6,35,-0.0005732580352738418,0.0001186051107463121
6,36,-0.0007141361981648753,0.0001530291853210447
6,37,-0.0008881453543307023,0.00019736563429571165
6,38,-0.0011025498585256358,0.0002544345827366852
6,39,-0.001366013260356001,0.00032784318248544025
6,40,-0.0016887923192675759,0.00042219807981689396
6,41,-0.002082924869095432,0.0005433717049814171
6,42,-0.0025623919049657697,0.0006988341558997553
6,43,-0.0031432238149873334,0.0008980639471392381
6,44,-0.0038435061606326257,0.0011530518481897877
6,45,-0.004683220592672405,0.0014789117661070759
6,46,-0.005683829953338214,0.0018946099844460718
6,47,-0.00686748187661132,0.0024238171329216424
6,48,-0.008255661032062642,0.0030958728870234906
6,49,-0.009867066294949552,0.003946826517979821
6,50,-0.011714427668258946,0.005020469000682405
6,51,-0.01379991594790565,0.006369191975956453
6,52,-0.016108753407064306,0.008054376703532153
6,53,-0.018600643394296873,0.010145805487798292
6,54,-0.021198774221701237,0.012719264533020743
6,55,-0.023776555271769098,0.01585103684784606
6,56,-0.02614315126229142,0.019607363446718564
6,57,-0.028030676296519865,0.0240262939684456
6,58,-0.02908908905197692,0.02908908905197692
6,59,-0.02889969684236755,0.03467963621084106
6,60,-0.027023732218621793,0.040535598327932666
6,61,-0.023103787391404063,0.046207574782808125
6,62,-0.017020865011118578,0.051062595033355744
6,63,-0.009063538773679904,0.054381232642079426
7,0,0.0,0.04996415566132575
7,1,0.0070068515964748865,0.0490479611753242
7,2,0.01327121772516411,0.046449262038074375
7,3,0.018240609898942686,0.04256142309753292
7,4,0.021651190722811266,0.037889583764919715
7,5,0.023513187171343843,0.03291846203988138
7,6,0.0240262939684456,0.028030676296519865
7,7,0.023481879888730194,0.023481879888730194
7,8,0.022186561818980544,0.019413241591607972
7,9,0.02041622892911691,0.015879289167090933
7,10,0.018395516146778822,0.012876861302745176
7,11,0.016293882532306864,0.01036883433874073
7,12,0.014230607082966175,0.0083011874650636
7,13,0.012283485664869335,0.006614184588775796
7,14,0.010498203264044065,0.005249101632022033
7,15,0.008896871755737867,0.0041518734860110035
7,16,0.007485138638008254,0.0032747481541286114
7,17,0.0062577679182721085,0.0025767279663473385
7,18,0.005202831044098955,0.0020233231838162604
7,19,0.004304735738595238,0.0015859552721140355
7,20,0.0035463340865181203,0.0012412169302813418
7,21,0.0029103290941276303,0.0009701096980425434
7,22,0.002380163582904841,0.0007573247763788131
7,23,0.001940538095350627,0.0005905985507588864
7,24,0.0015776707380065567,0.0004601539652519124
7,25,0.0012793834927812186,0.0003582273779787412
7,26,0.0010350767458812812,0.00027867450850649876
7,27,0.0008356361006267724,0.0002166463964587929
7,28,0.0006733021609062192,0.0001683255402265548
7,29,0.000541524063300413,0.00013071270493458242
7,30,0.00043481033967567533,0.00010145574592432424
7,31,0.00034858556584165397,7.871286970617993e-05
7,32,-0.0002790576749393552,6.104386639298396e-05
7,33,-0.00034858556584165397,7.871286970617993e-05
7,34,-0.00043481033967567533,0.00010145574592432424
7,35,-0.000541524063300413,0.00013071270493458242
7,36,-0.0006733021609062192,0.0001683255402265548
7,37,-0.0008356361006267724,0.0002166463964587929
7,38,-0.0010350767458812812,0.00027867450850649876
7,39,-0.0012793834927812186,0.0003582273779787412
7,40,-0.0015776707380065567,0.0004601539652519124
7,41,-0.001940538095350627,0.0005905985507588864
7,42,-0.002380163582904841,0.0007573247763788131
7,43,-0.0029103290941276303,0.0009701096980425434
7,44,-0.0035463340865181203,0.0012412169302813418
7,45,-0.004304735738595238,0.0015859552721140355
7,46,-0.005202831044098955,0.0020233231838162604
7,47,-0.0062577679182721085,0.0025767279663473385
7,48,-0.007485138638008254,0.0032747481541286114
7,49,-0.008896871755737867,0.0041518734860110035
7,50,-0.010498203264044065,0.005249101632022033
7,51,-0.012283485664869335,0.006614184588775796
7,52,-0.014230607082966175,0.0083011874650636
7,53,-0.016293882532306864,0.01036883433874073
7,54,-0.018395516146778822,0.012876861302745176
7,55,-0.02041622892911691,0.015879289167090933
7,56,-0.022186561818980544,0.019413241591607972
7,57,-0.023481879888730194,0.023481879888730194
7,58,-0.0240262939684456,0.028030676296519865
7,59,-0.023513187171343843,0.03291846203988138
7,60,-0.021651190722811266,0.037889583764919715
7,61,-0.018240609898942686,0.04256142309753292
7,62,-0.01327121772516411,0.046449262038074375
7,63,-0.0070068515964748865,0.0490479611753242
8,0,0.0,0.04401016313231539
8,1,0.005412797680702817,0.04330238144562253
8,2,0.010319225544128804,0.041276902176515216
8,3,0.014323817232206318,0.038196845952550185
8,4,0.017207911753678796,0.03441582350735759
8,5,0.01893447570570054,0.030295161129120868
8,6,0.019607363446718564,0.02614315126229142
8,7,0.019413241591607972,0.022186561818980544
8,8,0.01856866840327833,0.01856866840327833
8,9,0.017282683301210855,0.015362385156631875
8,10,0.01573577734909512,0.012588621879276096
8,11,0.01407159238077515,0.010233885367836471
8,12,0.012396776143236848,0.008264517428824565
8,13,0.010785189389743126,0.00663703962445731
8,14,0.009283857428044148,0.0053050613874538
8,15,0.007919113335324995,0.00422352711217333
8,16,0.006702135106845207,0.0033510675534226034
8,17,0.005633555486817726,0.0026510849349730475
8,18,0.004707093840730032,0.002092041706991126
8,19,0.0039122953260083615,0.0016472822425298366
8,20,0.0032365177348773577,0.0012946070939509429
8,21,0.0026663169056471625,0.0010157397735798715
8,22,0.002188369973528769,0.0007957708994650068
8,23,0.0017900550159418319,0.0006226278316319413
8,24,0.0014597829362176036,0.00048659431207253467
8,25,0.0011871562376330126,0.0003798899960425642
8,26,0.0009630111333897896,0.00029631111796608905
8,27,0.0007793845792744613,0.00023092876422947005
8,28,0.0006294361175017961,0.00017983889071479888
8,29,0.0005073454622400053,0.00013995736889379454
8,30,0.0004082000551667107,0.0001088533480444562
8,31,0.00032788190959122165,8.461468634612173e-05
8,32,-0.00026295953847990243,6.573988461997561e-05
8,33,-0.00032788190959122165,8.461468634612173e-05
8,34,-0.0004082000551667107,0.0001088533480444562
8,35,-0.0005073454622400053,0.00013995736889379454
8,36,-0.0006294361175017961,0.00017983889071479888
8,37,-0.0007793845792744613,0.00023092876422947005
8,38,-0.0009630111333897896,0.00029631111796608905
8,39,-0.0011871562376330126,0.0003798899960425642
8,40,-0.0014597829362176036,0.00048659431207253467
8,41,-0.0017900550159418319,0.0006226278316319413
8,42,-0.002188369973528769,0.0007957708994650068
8,43,-0.0026663169056471625,0.0010157397735798715
8,44,-0.0032365177348773577,0.0012946070939509429
8,45,-0.0039122953260083615,0.0016472822425298366
8,46,-0.004707093840730032,0.002092041706991126
8,47,-0.005633555486817726,0.0026510849349730475
8,48,-0.006702135106845207,0.0033510675534226034
8,49,-0.007919113335324995,0.00422352711217333
8,50,-0.009283857428044148,0.0053050613874538
8,51,-0.010785189389743126,0.00663703962445731
8,52,-0.012396776143236848,0.008264517428824565
8,53,-0.01407159238077515,0.010233885367836471
8,54,-0.01573577734909512,0.012588621879276096
8,55,-0.017282683301210855,0.015362385156631875
8,56,-0.01856866840327833,0.01856866840327833
8,57,-0.019413241591607972,0.022186561818980544
8,58,-0.019607363446718564,0.02614315126229142
8,59,-0.01893447570570054,0.030295161129120868
8,60,-0.017207911753678796,0.03441582350735759
8,61,-0.014323817232206318,0.038196845952550185
8,62,-0.010319225544128804,0.041276902176515216
8,63,-0.005412797680702817,0.04330238144562253
9,0,0.0,0.038159966035170946
9,1,0.004179280765756542,0.03761352689180887
9,2,0.008008764656148531,0.03603944095266839
9,3,0.011205393734801618,0.033616181204404856
9,4,0.013596331600260915,0.030591746100587056
9,5,0.015128745491550598,0.027231741884791074
9,6,0.01585103684784606,0.023776555271769098
9,7,0.015879289167090933,0.02041622892911691
9,8,0.015362385156631875,0.017282683301210855
9,9,0.014454039413846858,0.014454039413846858
9,10,0.013294488399011529,0.011965039559110378
9,11,0.012001017058280446,0.009819013956774909
9,12,0.01066501788569461,0.007998763414270959
9,13,0.009353145463769927,0.0064752545518407196
9,14,0.008110605930599538,0.005213960955385418
9,15,0.006965235457214299,0.004179141274328578
9,16,0.005931556058235613,0.0033365002827575314
9,17,0.005014386715181584,0.0026546753198020143
9,18,0.004211840875916603,0.0021059204379583014
9,19,0.0035176898182119245,0.0016662741244161748
9,20,0.0029231484375915645,0.0013154167969162043
9,21,0.0024181724718250535,0.0010363596307821658
9,22,0.0019923629182651953,0.0008150575574721256
9,23,0.0016355667645407928,0.000640004386124658
9,24,0.0013382506600345457,0.0005018439975129547
9,25,0.001091710096407793,0.00039301563470680554
9,26,0.0008881632858031412,0.000307441137393395
9,27,0.0007207672417196997,0.00024025574723989993
9,28,0.0005835838981477344,0.00018758053869034322
9,29,0.0004715163973299339,0.00014633267503342775
9,30,0.0003802297136706756,0.00011406891410120268
9,31,0.0003060652788282386,8.885766159529509e-05
9,32,-0.0002459559480944908,6.917511040157554e-05
9,33,-0.0003060652788282386,8.885766159529509e-05
9,34,-0.0003802297136706756,0.00011406891410120268
9,35,-0.0004715163973299339,0.00014633267503342775
9,36,-0.0005835838981477344,0.00018758053869034322
9,37,-0.0007207672417196997,0.00024025574723989993
9,38,-0.0008881632858031412,0.000307441137393395
9,39,-0.001091710096407793,0.00039301563470680554
9,40,-0.0013382506600345457,0.0005018439975129547
9,41,-0.0016355667645407928,0.000640004386124658
9,42,-0.0019923629182651953,0.0008150575574721256
9,43,-0.0024181724718250535,0.0010363596307821658
9,44,-0.0029231484375915645,0.0013154167969162043
9,45,-0.0035176898182119245,0.0016662741244161748
9,46,-0.004211840875916603,0.0021059204379583014
9,47,-0.005014386715181584,0.0026546753198020143
9,48,-0.005931556058235613,0.0033365002827575314
9,49,-0.006965235457214299,0.004179141274328578
9,50,-0.008110605930599538,0.005213960955385418
9,51,-0.009353145463769927,0.0064752545518407196
9,52,-0.01066501788569461,0.007998763414270959
9,53,-0.012001017058280446,0.009819013956774909
9,54,-0.013294488399011529,0.011965039559110378
9,55,-0.014454039413846858,0.014454039413846858
9,56,-0.015362385156631875,0.017282683301210855
9,57,-0.015879289167090933,0.02041622892911691
9,58,-0.01585103684784606,0.023776555271769098
9,59,-0.015128745491550598,0.027231741884791074
9,60,-0.013596331600260915,0.030591746100587056
9,61,-0.011205393734801618,0.033616181204404856
9,62,-0.008008764656148531,0.03603944095266839
9,63,-0.004179280765756542,0.03761352689180887
10,0,0.0,0.03267893907786427
10,1,0.00322572351077588,0.0322572351077588
10,2,0.0062072640657475486,0.03103632032873775
10,3,0.008741614061265985,0.029138713537553297
10,4,0.010695610281770263,0.026739025704425663
10,5,0.012015571647920891,0.024031143295841783
10,6,0.012719264533020743,0.021198774221701237
10,7,0.012876861302745176,0.018395516146778822
10,8,0.012588621879276096,0.01573577734909512
10,9,0.011965039559110378,0.013294488399011529
10,10,0.011112267225054517,0.011112267225054517
10,11,0.010123258339699076,0.00920296212699916
10,12,0.009073704871661016,0.00756142072638418
10,13,0.008021382862931583,0.0061702945099473714
10,14,0.0070075768130404455,0.0050054120093146045
10,15,0.006059542832304107,0.00403969522153607
10,16,0.005193299628877066,0.003245812268048167
10,17,0.004416317534979923,0.0025978338441058364
10,18,0.0037298826497902983,0.002072157027661277
10,19,0.003131049969090762,0.0016479210363635585
10,20,0.002614181277058916,0.001307090638529458
10,21,0.002172106981398999,0.001034336657809047
10,22,0.0017969696551969085,0.0008168043887258675
10,23,0.0014808108689982318,0.0006438308126079267
10,24,0.0012159587693619657,0.0005066494872341524
10,25,0.0009952661018089242,0.0003981064407235698
10,26,0.0008122395441903217,0.00031239982468858526
10,27,0.0006610927065851146,0.0002448491505870795
10,28,0.0005367476341990115,0.00019169558364250412
10,29,0.00043480335816193305,0.00014993219246963208
10,30,0.00035148497553032064,0.00011716165851010692
10,31,0.00028358278594880495,9.147831804800161e-05
10,32,-0.00022838800282771256,7.137125088366018e-05
10,33,-0.00028358278594880495,9.147831804800161e-05
10,34,-0.00035148497553032064,0.00011716165851010692
10,35,-0.00043480335816193305,0.00014993219246963208
10,36,-0.0005367476341990115,0.00019169558364250412
10,37,-0.0006610927065851146,0.0002448491505870795
10,38,-0.0008122395441903217,0.00031239982468858526
10,39,-0.0009952661018089242,0.0003981064407235698
10,40,-0.0012159587693619657,0.0005066494872341524
10,41,-0.0014808108689982318,0.0006438308126079267
10,42,-0.0017969696551969085,0.0008168043887258675
10,43,-0.002172106981398999,0.001034336657809047
10,44,-0.002614181277058916,0.001307090638529458
10,45,-0.003131049969090762,0.0016479210363635585
10,46,-0.0037298826497902983,0.002072157027661277
10,47,-0.004416317534979923,0.0025978338441058364
10,48,-0.005193299628877066,0.003245812268048167
10,49,-0.006059542832304107,0.00403969522153607
10,50,-0.0070075768130404455,0.0050054120093146045
10,51,-0.008021382862931583,0.0061702945099473714
10,52,-0.009073704871661016,0.00756142072638418
10,53,-0.010123258339699076,0.00920296212699916
10,54,-0.011112267225054517,0.011112267225054517
10,55,-0.011965039559110378,0.013294488399011529
10,56,-0.012588621879276096,0.01573577734909512
10,57,-0.012876861302745176,0.018395516146778822
10,58,-0.012719264533020743,0.021198774221701237
10,59,-0.012015571647920891,0.024031143295841783
10,60,-0.010695610281770263,0.026739025704425663
10,61,-0.008741614061265985,0.029138713537553297
10,62,-0.0062072640657475486,0.03103632032873775
10,63,-0.00322572351077588,0.0322572351077588
11,0,0.0,0.02770531629110453
11,1,0.0024890877576350776,0.027379965333985852
11,2,0.004806228659168355,0.026434257625425957
11,3,0.006805409643038971,0.024953168691142894
11,4,0.008385531709215433,0.02306021220034244
11,5,0.00949840353930287,0.020896487786466314
11,6,0.010145805487798292,0.018600643394296873
11,7,0.01036883433874073,0.016293882532306864
11,8,0.010233885367836471,0.01407159238077515
11,9,0.009819013956774909,0.012001017058280446
11,10,0.00920296212699916,0.010123258339699076
11,11,0.008457681244116323,0.008457681244116323
11,12,0.007644166684502704,0.007007152794127477
11,13,0.006810909765669308,0.005763077494027876
11,14,0.005994142712678617,0.004709683559961769
11,15,0.005219139650790423,0.0038273690772463106
11,16,0.004502010433588213,0.0030951321730918967
11,17,0.0038516056608483723,0.00249221542760777
11,18,0.003271303520449131,0.001999129929163358
11,19,0.002760561405000769,0.0015982197607899195
11,20,0.002316190267324829,0.001273904647028656
11,21,0.001933355133669273,0.0010127098319220001
11,22,0.0016063295150863875,0.0008031647575431937
11,23,0.0013290418513836125,0.0006356287115312929
11,24,0.0010954540413993343,0.0005020831023080281
11,25,0.0008998093599223038,0.0003959161183658137
11,26,0.0007367821144324622,0.00031171550995219555
11,27,0.0006015557670515596,0.00024507827546545023
11,28,0.000489850791128281,0.00019244138222896754
11,29,0.0003979186728288346,0.00015093466900404067
11,30,0.0003225143694115947,0.0001182552687842514
11,31,0.00026085621106251096,9.256188134476198e-05
11,32,-0.00021057961775101873,7.238674360191268e-05
11,33,-0.00026085621106251096,9.256188134476198e-05
11,34,-0.0003225143694115947,0.0001182552687842514
11,35,-0.0003979186728288346,0.00015093466900404067
11,36,-0.000489850791128281,0.00019244138222896754
11,37,-0.0006015557670515596,0.00024507827546545023
11,38,-0.0007367821144324622,0.00031171550995219555
11,39,-0.0008998093599223038,0.0003959161183658137
11,40,-0.0010954540413993343,0.0005020831023080281
11,41,-0.0013290418513836125,0.0006356287115312929
11,42,-0.0016063295150863875,0.0008031647575431937
11,43,-0.001933355133669273,0.0010127098319220001
11,44,-0.002316190267324829,0.001273904647028656
11,45,-0.002760561405000769,0.0015982197607899195
11,46,-0.003271303520449131,0.001999129929163358
11,47,-0.0038516056608483723,0.00249221542760777
11,48,-0.004502010433588213,0.0030951321730918967
11,49,-0.005219139650790423,0.0038273690772463106
11,50,-0.005994142712678617,0.004709683559961769
11,51,-0.006810909765669308,0.005763077494027876
11,52,-0.007644166684502704,0.007007152794127477
11,53,-0.008457681244116323,0.008457681244116323
11,54,-0.00920296212699916,0.010123258339699076
11,55,-0.009819013956774909,0.012001017058280446
11,56,-0.010233885367836471,0.01407159238077515
11,57,-0.01036883433874073,0.016293882532306864
11,58,-0.010145805487798292,0.018600643394296873
11,59,-0.00949840353930287,0.020896487786466314
11,60,-0.008385531709215433,0.02306021220034244
11,61,-0.006805409643038971,0.024953168691142894
11,62,-0.004806228659168355,0.026434257625425957
11,63,-0.0024890877576350776,0.027379965333985852
12,0,0.0,0.02329454071329724
12,1,0.0019202981445789844,0.023043577734947807
12,2,0.003718625367801625,0.022311752206809747
12,3,0.005289630516793127,0.02115852206717251
12,4,0.00655722510355044,0.019671675310651317
12,5,0.007480754268574189,0.017953810244578053
12,6,0.008054376703532153,0.016108753407064306
12,7,0.0083011874650636,0.014230607082966175
12,8,0.008264517428824565,0.012396776143236848
12,9,0.007998763414270959,0.01066501788569461
12,10,0.00756142072638418,0.009073704871661016
12,11,0.007007152794127477,0.007644166684502704
12,12,0.006384043324552613,0.006384043324552613
12,13,0.005731748241579116,0.0052908445306884145
12,14,0.005081078983116537,0.0043552105569570326
12,15,0.00445453095268656,0.003563624762149248
12,16,0.0038673432325997477,0.00290050742444981
12,17,0.003328780162825382,0.002349727173759093
12,18,0.0028434277231260234,0.0018956184820840157
12,19,0.0024123819622521945,0.0015236096603698072
12,20,0.002034268772841314,0.0012205612637047885
12,21,0.0017060759220595483,0.0009749005268911705
12,22,0.0014238035841624174,0.0007766201368158641
12,23,0.0011829531789840917,0.0006171929629482217
12,24,0.000978879997905703,0.0004894399989528515
12,25,0.000807035904093146,0.0003873772339647102
12,26,0.0006631264697245271,0.0003060583706420894
12,27,0.0005432036884864207,0.0002414238615495203
12,28,0.0004437117691554433,0.0001901621867809043
12,29,0.00036149999075539677,0.00014958620307119866
12,30,0.00029381344604606974,0.0001175253784184279
12,31,0.00023826982471653795,9.223348053543406e-05
12,32,-0.00019282820434796843,7.231057663048815e-05
12,33,-0.00023826982471653795,9.223348053543406e-05
12,34,-0.00029381344604606974,0.0001175253784184279
12,35,-0.00036149999075539677,0.00014958620307119866
12,36,-0.0004437117691554433,0.0001901621867809043
12,37,-0.0005432036884864207,0.0002414238615495203
12,38,-0.0006631264697245271,0.0003060583706420894
12,39,-0.000807035904093146,0.0003873772339647102
12,40,-0.000978879997905703,0.0004894399989528515
12,41,-0.0011829531789840917,0.0006171929629482217
12,42,-0.0014238035841624174,0.0007766201368158641
12,43,-0.0017060759220595483,0.0009749005268911705
12,44,-0.002034268772841314,0.0012205612637047885
12,45,-0.0024123819622521945,0.0015236096603698072
12,46,-0.0028434277231260234,0.0018956184820840157
12,47,-0.003328780162825382,0.002349727173759093
12,48,-0.0038673432325997477,0.00290050742444981
12,49,-0.00445453095268656,0.003563624762149248
12,50,-0.005081078983116537,0.0043552105569570326
12,51,-0.005731748241579116,0.0052908445306884145
12,52,-0.006384043324552613,0.006384043324552613
12,53,-0.007007152794127477,0.007644166684502704
12,54,-0.00756142072638418,0.009073704871661016
12,55,-0.007998763414270959,0.01066501788569461
12,56,-0.008264517428824565,0.012396776143236848
12,57,-0.0083011874650636,0.014230607082966175
12,58,-0.008054376703532153,0.016108753407064306
12,59,-0.007480754268574189,0.017953810244578053
12,60,-0.00655722510355044,0.019671675310651317
12,61,-0.005289630516793127,0.02115852206717251
12,62,-0.003718625367801625,0.022311752206809747
12,63,-0.0019202981445789844,0.023043577734947807
13,0,0.0,0.01944996109829289
13,1,0.001481262048391533,0.01925640662908993
13,2,0.0028754612366458823,0.01869049803819824
13,3,0.004106343546494968,0.017794155368144864
13,4,0.005116942683918236,0.016630063722734265
13,5,0.0058741762911017036,0.015272858356864427
13,6,0.006369191975956453,0.01379991594790565
13,7,0.006614184588775796,0.012283485664869335
13,8,0.00663703962445731,0.010785189389743126
13,9,0.0064752545518407196,0.009353145463769927
13,10,0.0061702945099473714,0.008021382862931583
13,11,0.005763077494027876,0.006810909765669308
13,12,0.0052908445306884145,0.005731748241579116
13,13,0.004785351937502199,0.004785351937502199
13,14,0.004272146003506087,0.0039669927175413665
13,15,0.0037706196085857914,0.003267870327441019
13,16,0.0032945644850596732,0.002676833644110984
13,17,0.002852984621201445,0.002181694122095223
13,18,0.002450999191770566,0.0017701660829454095
13,19,0.002090722010823636,0.0014304940074056456
13,20,0.0017720519565226716,0.0011518337717397365
13,21,0.001493343567624202,0.0009244507799578394
13,22,0.0012519502964242542,0.0007397888115234231
13,23,0.0010446470613280291,0.0005904526868375816
13,24,0.0008679462497855069,0.00047013755196714964
13,25,0.0007183243367071304,0.0003735286550877079
13,26,0.000592376491050193,0.0002961882455250965
13,27,0.0004869151644590458,0.00023444063473954054
13,28,0.0003990265182436454,0.0001852623120416925
13,29,0.00032609617449703114,0.00014618104374004842
13,30,0.0002658134829548281,0.00011518584261375887
13,31,0.00021616143925030955,9.06483454920653e-05
13,32,-0.0001753976398256925,7.125529117918758e-05
13,33,-0.00021616143925030955,9.06483454920653e-05
13,34,-0.0002658134829548281,0.00011518584261375887
13,35,-0.00032609617449703114,0.00014618104374004842
13,36,-0.0003990265182436454,0.0001852623120416925
13,37,-0.0004869151644590458,0.00023444063473954054
13,38,-0.000592376491050193,0.0002961882455250965
13,39,-0.0007183243367071304,0.0003735286550877079
13,40,-0.0008679462497855069,0.00047013755196714964
13,41,-0.0010446470613280291,0.0005904526868375816
13,42,-0.0012519502964242542,0.0007397888115234231
13,43,-0.001493343567624202,0.0009244507799578394
13,44,-0.0017720519565226716,0.0011518337717397365
13,45,-0.002090722010823636,0.0014304940074056456
13,46,-0.002450999191770566,0.0017701660829454095
13,47,-0.002852984621201445,0.002181694122095223
13,48,-0.0032945644850596732,0.002676833644110984
13,49,-0.0037706196085857914,0.003267870327441019
13,50,-0.004272146003506087,0.0039669927175413665
13,51,-0.004785351937502199,0.004785351937502199
13,52,-0.0052908445306884145,0.005731748241579116
13,53,-0.005763077494027876,0.006810909765669308
13,54,-0.0061702945099473714,0.008021382862931583
13,55,-0.0064752545518407196,0.009353145463769927
13,56,-0.00663703962445731,0.010785189389743126
13,57,-0.006614184588775796,0.012283485664869335
13,58,-0.006369191975956453,0.01379991594790565
13,59,-0.0058741762911017036,0.015272858356864427
13,60,-0.005116942683918236,0.016630063722734265
13,61,-0.004106343546494968,0.017794155368144864
13,62,-0.0028754612366458823,0.01869049803819824
13,63,-0.001481262048391533,0.01925640662908993
14,0,0.0,0.016143804850093785
14,1,0.001142467370277153,0.01599454318388014
14,2,0.0022224534450109037,0.015557174115076329
14,3,0.0031845959879782267,0.014861447943898393
14,4,0.003986377164561845,0.01395232007596646
14,5,0.00460148106349958,0.012884146977798825
14,6,0.005020469000682405,0.011714427668258946
14,7,0.005249101632022033,0.010498203264044065
14,8,0.0053050613874538,0.009283857428044148
14,9,0.005213960955385418,0.008110605930599538
14,10,0.0050054120093146045,0.0070075768130404455
14,11,0.004709683559961769,0.005994142712678617
14,12,0.0043552105569570326,0.005081078983116537
14,13,0.0039669927175413665,0.004272146003506087
14,14,0.0035657797820591508,0.0035657797820591508
14,15,0.0031678696193723375,0.0029566783114141817
14,16,0.002785331297053264,0.002437164884921606
14,17,0.002426484616169375,0.0019982814486100733
14,18,0.002096502467699266,0.001630613030432763
14,19,0.0017980402771531653,0.0013248717831654902
14,20,0.0015318307716882542,0.0010722815401817774
14,21,0.0012972093514027662,0.0008648062342685109
14,22,0.00109255500416866,0.0006952622753800564
14,23,0.0009156448136642104,0.0005573490170129975
14,24,0.0007639280255535818,0.0004456246815729227
14,25,0.0006347297551040763,0.0003554486628582827
14,26,0.0005253959588456262,0.00028290551630149105
14,27,0.0004333912123572338,0.0002247213693704175
14,28,0.0003563598376840192,0.0001781799188420096
14,29,0.0002921594890429918,0.00014104251195178914
14,30,0.00023887474449090195,0.00011147488076242092
14,31,0.00019481674879885373,8.798175752206296e-05
14,32,-0.0001585136069260674,6.93497030301545e-05
14,33,-0.00019481674879885373,8.798175752206296e-05
14,34,-0.00023887474449090195,0.00011147488076242092
14,35,-0.0002921594890429918,0.00014104251195178914
14,36,-0.0003563598376840192,0.0001781799188420096
14,37,-0.0004333912123572338,0.0002247213693704175
14,38,-0.0005253959588456262,0.00028290551630149105
14,39,-0.0006347297551040763,0.0003554486628582827
14,40,-0.0007639280255535818,0.0004456246815729227
14,41,-0.0009156448136642104,0.0005573490170129975
14,42,-0.00109255500416866,0.0006952622753800564
14,43,-0.0012972093514027662,0.0008648062342685109
14,44,-0.0015318307716882542,0.0010722815401817774
14,45,-0.0017980402771531653,0.0013248717831654902
14,46,-0.002096502467699266,0.001630613030432763
14,47,-0.002426484616169375,0.0019982814486100733
14,48,-0.002785331297053264,0.002437164884921606
14,49,-0.0031678696193723375,0.0029566783114141817
14,50,-0.0035657797820591508,0.0035657797820591508
14,51,-0.0039669927175413665,0.004272146003506087
14,52,-0.0043552105569570326,0.005081078983116537
14,53,-0.004709683559961769,0.005994142712678617
14,54,-0.0050054120093146045,0.0070075768130404455
14,55,-0.005213960955385418,0.008110605930599538
14,56,-0.0053050613874538,0.009283857428044148
14,57,-0.005249101632022033,0.010498203264044065
14,58,-0.005020469000682405,0.011714427668258946
14,59,-0.00460148106349958,0.012884146977798825
14,60,-0.003986377164561845,0.01395232007596646
14,61,-0.0031845959879782267,0.014861447943898393
14,62,-0.0022224534450109037,0.015557174115076329
14,63,-0.001142467370277153,0.01599454318388014
15,0,0.0,0.013331272357118265
15,1,0.0008810785009124246,0.013216177513686369
15,2,0.0017171059763423698,0.012878294822567775
15,3,0.0024677718854309604,0.012338859427154805
15,4,0.0031013978001800772,0.01163024175067529
15,5,0.0035973636399115106,0.01079209091973453
15,6,0.003946826517979821,0.009867066294949552
15,7,0.0041518734860110035,0.008896871755737867
15,8,0.00422352711217333,0.007919113335324995
15,9,0.004179141274328578,0.006965235457214299
15,10,0.00403969522153607,0.006059542832304107
15,11,0.0038273690772463106,0.005219139650790423
15,12,0.003563624762149248,0.00445453095268656
15,13,0.003267870327441019,0.0037706196085857914
15,14,0.0029566783114141817,0.0031678696193723375
15,15,0.002643465781617476,0.002643465781617476
15,16,0.0023385187500732517,0.002192361328193673
15,17,0.002049245201943563,0.0018081575311266734
15,18,0.001780557607296946,0.0014837980060807884
15,19,0.0015353085016543667,0.0012120856592008158
15,20,0.0013147256150054638,0.000986044211254098
15,21,0.0011188128882927998,0.0007991520630662856
15,22,0.0009466992763692584,0.0006454767793426761
15,23,0.0007969284381054743,0.0005197359378948745
15,24,0.000667689823145627,0.00041730613946601696
15,25,0.0005569960806032959,0.0003341976483619776
15,26,0.00046281394347136203,0.0002670080443104011
15,27,0.0003831564826094511,0.00021286471256080612
15,28,0.0003161444283482651,0.00016936308661514202
15,29,0.00026004353311229184,0.00013450527574773713
15,30,0.00021328397691677532,0.00010664198845838766
15,31,0.00017446678223435457,8.441941075855866e-05
15,32,-0.0001423612155179856,6.673181977405575e-05
15,33,-0.00017446678223435457,8.441941075855866e-05
15,34,-0.00021328397691677532,0.00010664198845838766
15,35,-0.00026004353311229184,0.00013450527574773713
15,36,-0.0003161444283482651,0.00016936308661514202
15,37,-0.0003831564826094511,0.00021286471256080612
15,38,-0.00046281394347136203,0.0002670080443104011
15,39,-0.0005569960806032959,0.0003341976483619776
15,40,-0.000667689823145627,0.00041730613946601696
15,41,-0.0007969284381054743,0.0005197359378948745
15,42,-0.0009466992763692584,0.0006454767793426761
15,43,-0.0011188128882927998,0.0007991520630662856
15,44,-0.0013147256150054638,0.000986044211254098
15,45,-0.0015353085016543667,0.0012120856592008158
15,46,-0.001780557607296946,0.0014837980060807884
15,47,-0.002049245201943563,0.0018081575311266734
15,48,-0.0023385187500732517,0.002192361328193673
15,49,-0.002643465781617476,0.002643465781617476
15,50,-0.0029566783114141817,0.0031678696193723375
15,51,-0.003267870327441019,0.0037706196085857914
15,52,-0.003563624762149248,0.00445453095268656
15,53,-0.0038273690772463106,0.005219139650790423
15,54,-0.00403969522153607,0.006059542832304107
15,55,-0.004179141274328578,0.006965235457214299
15,56,-0.00422352711217333,0.007919113335324995
15,57,-0.0041518734860110035,0.008896871755737867
15,58,-0.003946826517979821,0.009867066294949552
15,59,-0.0035973636399115106,0.01079209091973453
15,60,-0.0031013978001800772,0.01163024175067529
15,61,-0.0024677718854309604,0.012338859427154805
15,62,-0.0017171059763423698,0.012878294822567775
15,63,-0.0008810785009124246,0.013216177513686369
16,0,0.0,0.010959804401179761
16,1,0.000679441340530952,0.010871061448495232
16,2,0.00132626534686345,0.0106101227749076
16,3,0.001911041671125676,0.010192222246003602
16,4,0.0024101887090512567,0.009640754836205027
16,5,0.002807716405363253,0.008984692497162407
16,6,0.0030958728870234906,0.008255661032062642
16,7,0.0032747481541286114,0.007485138638008254
16,8,0.0033510675534226034,0.006702135106845207
16,9,0.0033365002827575314,0.005931556058235613
16,10,0.003245812268048167,0.005193299628877066
16,11,0.0030951321730918967,0.004502010433588213
16,12,0.00290050742444981,0.0038673432325997477
16,13,0.002676833644110984,0.0032945644850596732
16,14,0.002437164884921606,0.002785331297053264
16,15,0.002192361328193673,0.0023385187500732517
16,16,0.0019510049358230515,0.0019510049358230515
16,17,0.001719506663948844,0.0016183592131283238
16,18,0.0015023345936632168,0.0013354085277006368
16,19,0.0013023047142171036,0.0010966776540775607
16,20,0.0011208906271066535,0.0008967125016853229
16,21,0.0009585222862244177,0.0007303026942662229
16,22,0.000814855574406745,0.0005926222359321781
16,23,0.0006890035281866899,0.0004793068022168278
16,24,0.0005797264366314942,0.00038648429108766285
16,25,0.0004855822322845716,0.0003107726286621258
16,26,0.00040504104320888143,0.0002492560265900809
16,27,0.00033656895691019706,0.00019944827076159827
16,28,0.00027868636615435553,0.00015924935208820314
16,29,0.00023000604505842264,0.00012689988692878487
16,30,0.00018925557933118932,0.00010093630897663431
16,31,0.00015528811287678098,8.014870342027406e-05
16,32,-0.000127084682388414,6.3542341194207e-05
16,33,-0.00015528811287678098,8.014870342027406e-05
16,34,-0.00018925557933118932,0.00010093630897663431
16,35,-0.00023000604505842264,0.00012689988692878487
16,36,-0.00027868636615435553,0.00015924935208820314
16,37,-0.00033656895691019706,0.00019944827076159827
16,38,-0.00040504104320888143,0.0002492560265900809
16,39,-0.0004855822322845716,0.0003107726286621258
16,40,-0.0005797264366314942,0.00038648429108766285
16,41,-0.0006890035281866899,0.0004793068022168278
16,42,-0.000814855574406745,0.0005926222359321781
16,43,-0.0009585222862244177,0.0007303026942662229
16,44,-0.0011208906271066535,0.0008967125016853229
16,45,-0.0013023047142171036,0.0010966776540775607
16,46,-0.0015023345936632168,0.0013354085277006368
16,47,-0.001719506663948844,0.0016183592131283238
16,48,-0.0019510049358230515,0.0019510049358230515
16,49,-0.002192361328193673,0.0023385187500732517
16,50,-0.002437164884921606,0.002785331297053264
16,51,-0.002676833644110984,0.0032945644850596732
16,52,-0.00290050742444981,0.0038673432325997477
16,53,-0.0030951321730918967,0.004502010433588213
16,54,-0.003245812268048167,0.005193299628877066
16,55,-0.0033365002827575314,0.005931556058235613
16,56,-0.0033510675534226034,0.006702135106845207
16,57,-0.0032747481541286114,0.007485138638008254
16,58,-0.0030958728870234906,0.008255661032062642
16,59,-0.002807716405363253,0.008984692497162407
16,60,-0.0024101887090512567,0.009640754836205027
16,61,-0.001911041671125676,0.010192222246003602
16,62,-0.00132626534686345,0.0106101227749076
16,63,-0.000679441340530952,0.010871061448495232
17,0,0.0,0.008974995113368328
17,1,0.0005239161358207159,0.00890657430895217
17,2,0.001024130802637854,0.008705111822421759
17,3,0.0014791032552848417,0.008381585113280767
17,4,0.0018712846595020636,0.007952959802883769
17,5,0.0021883661197333766,0.0074404448070934815
17,6,0.0024238171329216424,0.00686748187661132
17,7,0.0025767279663473385,0.0062577679182721085
17,8,0.0026510849349730475,0.005633555486817726
17,9,0.0026546753198020143,0.005014386715181584
17,10,0.0025978338441058364,0.004416317534979923
17,11,0.00249221542760777,0.0038516056608483723
17,12,0.002349727173759093,0.003328780162825382
17,13,0.002181694122095223,0.002852984621201445
17,14,0.0019982814486100733,0.002426484616169375
17,15,0.0018081575311266734,0.002049245201943563
17,16,0.0016183592131283238,0.001719506663948844
17,17,0.001434310766128724,0.001434310766128724
17,18,0.001259947918317697,0.0011899508117444915
17,19,0.001097904138099506,0.0009823352814574526
17,20,0.0009497249901064104,0.0008072662415904488
17,21,0.0008160855724831842,0.0006606407015340063
17,22,0.0006969944280158153,0.0005385866034667664
17,23,0.0005919742279651087,0.00043754616849594997
17,24,0.0005002147698409152,0.0003543187953039816
17,25,0.00042069751254009255,0.0002860743085272629
17,26,0.0003522932413721817,0.00023034558089719573
17,27,0.0002938358039264329,0.00018500772839812448
17,28,0.00024417546557193583,0.00014824938981153246
17,29,0.00020221553994383796,0.00011854014410500846
17,30,0.00016693574407234839,9.459692164099742e-05
17,31,0.00013740534993240074,7.535132093067137e-05
17,32,-0.00011278875193629664,5.991902446615758e-05
17,33,-0.00013740534993240074,7.535132093067137e-05
17,34,-0.00016693574407234839,9.459692164099742e-05
17,35,-0.00020221553994383796,0.00011854014410500846
17,36,-0.00024417546557193583,0.00014824938981153246
17,37,-0.0002938358039264329,0.00018500772839812448
17,38,-0.0003522932413721817,0.00023034558089719573
17,39,-0.00042069751254009255,0.0002860743085272629
17,40,-0.0005002147698409152,0.0003543187953039816
17,41,-0.0005919742279651087,0.00043754616849594997
17,42,-0.0006969944280158153,0.0005385866034667664
17,43,-0.0008160855724831842,0.0006606407015340063
17,44,-0.0009497249901064104,0.0008072662415904488
17,45,-0.001097904138099506,0.0009823352814574526
17,46,-0.001259947918317697,0.0011899508117444915
17,47,-0.001434310766128724,0.001434310766128724
17,48,-0.0016183592131283238,0.001719506663948844
17,49,-0.0018081575311266734,0.002049245201943563
17,50,-0.0019982814486100733,0.002426484616169375
17,51,-0.002181694122095223,0.002852984621201445
17,52,-0.002349727173759093,0.003328780162825382
17,53,-0.00249221542760777,0.0038516056608483723
17,54,-0.0025978338441058364,0.004416317534979923
17,55,-0.0026546753198020143,0.005014386715181584
17,56,-0.0026510849349730475,0.005633555486817726
17,57,-0.0025767279663473385,0.0062577679182721085
17,58,-0.0024238171329216424,0.00686748187661132
17,59,-0.0021883661197333766,0.0074404448070934815
17,60,-0.0018712846595020636,0.007952959802883769
17,61,-0.0014791032552848417,0.008381585113280767
17,62,-0.001024130802637854,0.008705111822421759
17,63,-0.0005239161358207159,0.00890657430895217
18,0,0.0,0.007324201487942938
18,1,0.00040396952215360714,0.007271451398764928
18,2,0.0007906602948355127,0.007115942653519614
18,3,0.0011442694987592057,0.0068656169925552365
18,4,0.0014517368523190106,0.006532815835435549
18,5,0.0017036371675942285,0.0061330938033392225
18,6,0.0018946099844460718,0.005683829953338214
18,7,0.0020233231838162604,0.005202831044098955
18,8,0.002092041706991126,0.004707093840730032
18,9,0.0021059204379583014,0.004211840875916603
18,10,0.002072157027661277,0.0037298826497902983
18,11,0.001999129929163358,0.003271303520449131
18,12,0.0018956184820840157,0.0028434277231260234
18,13,0.0017701660829454095,0.002450999191770566
18,14,0.001630613030432763,0.002096502467699266
18,15,0.0014837980060807884,0.001780557607296946
18,16,0.0013354085277006368,0.0015023345936632168
18,17,0.0011899508117444915,0.001259947918317697
18,18,0.0010508066039024416,0.0010508066039024416
18,19,0.0009203464878211745,0.0008719071989884811
18,20,0.0008000738803689341,0.0007200664923320407
18,21,0.0006907797200349908,0.0005920969028871349
18,22,0.0005926936231018251,0.00048493114617422065
18,23,0.0005056223610510442,0.0003957044564747302
18,24,0.00042907060616028097,0.0003218029546202107
18,25,0.00036234194972972945,0.0002608862038054052
18,26,0.0003046203121262779,0.00021089098531819244
18,27,0.0002550331973311985,0.00017002213155413234
18,28,0.00021269897632590946,0.0001367350562095132
18,29,0.0001767606813802626,0.00010971352637395611
18,30,0.00014640879928523064,8.784527957113839e-05
18,31,0.00012089537772342735,7.019731609747394e-05
18,32,-9.954148820536982e-05,5.599208711552051e-05
18,33,-0.00012089537772342735,7.019731609747394e-05
18,34,-0.00014640879928523064,8.784527957113839e-05
18,35,-0.0001767606813802626,0.00010971352637395611
18,36,-0.00021269897632590946,0.0001367350562095132
18,37,-0.0002550331973311985,0.00017002213155413234
18,38,-0.0003046203121262779,0.00021089098531819244
18,39,-0.00036234194972972945,0.0002608862038054052
18,40,-0.00042907060616028097,0.0003218029546202107
18,41,-0.0005056223610510442,0.0003957044564747302
18,42,-0.0005926936231018251,0.00048493114617422065
18,43,-0.0006907797200349908,0.0005920969028871349
18,44,-0.0008000738803689341,0.0007200664923320407
18,45,-0.0009203464878211745,0.0008719071989884811
18,46,-0.0010508066039024416,0.0010508066039024416
18,47,-0.0011899508117444915,0.001259947918317697
18,48,-0.0013354085277006368,0.0015023345936632168
18,49,-0.0014837980060807884,0.001780557607296946
18,50,-0.001630613030432763,0.002096502467699266
18,51,-0.0017701660829454095,0.002450999191770566
18,52,-0.0018956184820840157,0.0028434277231260234
18,53,-0.001999129929163358,0.003271303520449131
18,54,-0.002072157027661277,0.0037298826497902983
18,55,-0.0021059204379583014,0.004211840875916603
18,56,-0.002092041706991126,0.004707093840730032
18,57,-0.0020233231838162604,0.005202831044098955
18,58,-0.0018946099844460718,0.005683829953338214
18,59,-0.0017036371675942285,0.0061330938033392225
18,60,-0.0014517368523190106,0.006532815835435549
18,61,-0.0011442694987592057,0.0068656169925552365
18,62,-0.0007906602948355127,0.007115942653519614
18,63,-0.00040396952215360714,0.007271451398764928
19,0,0.0,0.005958594860854864
19,1,0.0003114698863907274,0.005917927841423823
19,2,0.000610306571929441,0.005797912433329689
19,3,0.0008848917732673384,0.005604314564026475
19,4,0.0011255026083970532,0.005346137389886003
19,5,0.001324949820428166,0.005034809317627032
19,6,0.0014789117661070759,0.004683220592672405
19,7,0.0015859552721140355,0.004304735738595238
19,8,0.0016472822425298366,0.0039122953260083615
19,9,0.0016662741244161748,0.0035176898182119245
19,10,0.0016479210363635585,0.003131049969090762
19,11,0.0015982197607899195,0.002760561405000769
19,12,0.0015236096603698072,0.0024123819622521945
19,13,0.0014304940074056456,0.002090722010823636
19,14,0.0013248717831654902,0.0017980402771531653
19,15,0.0012120856592008158,0.0015353085016543667
19,16,0.0010966776540775607,0.0013023047142171036
19,17,0.0009823352814574526,0.001097904138099506
19,18,0.0008719071989884811,0.0009203464878211745
19,19,0.0007674672302725391,0.0007674672302725391
19,20,0.0006704078599129442,0.0006368874669172971
19,21,0.0005815477514189597,0.0005261622512838207
19,22,0.0005012416462732401,0.0004328905126905256
19,23,0.0004294846019279138,0.00035479162767958086
19,24,0.0003660056030443231,0.00028975443574342244
19,25,0.0003103480100518401,0.00023586448763939852
19,26,0.0002619360936247513,0.00019141483764885674
19,27,0.0002201281160396305,0.00015490497054640662
19,28,0.00018425716553214141,0.00012503164803966734
19,29,0.0001536613384933878,0.00010067467004739202
19,30,0.00012770499814702485,8.087983215978242e-05
19,31,0.00010579280233416333,6.4840749817713e-05
19,32,-8.737805390310954e-05,5.188071950497131e-05
19,33,-0.00010579280233416333,6.4840749817713e-05
19,34,-0.00012770499814702485,8.087983215978242e-05
19,35,-0.0001536613384933878,0.00010067467004739202
19,36,-0.00018425716553214141,0.00012503164803966734
19,37,-0.0002201281160396305,0.00015490497054640662
19,38,-0.0002619360936247513,0.00019141483764885674
19,39,-0.0003103480100518401,0.00023586448763939852
19,40,-0.0003660056030443231,0.00028975443574342244
19,41,-0.0004294846019279138,0.00035479162767958086
19,42,-0.0005012416462732401,0.0004328905126905256
19,43,-0.0005815477514189597,0.0005261622512838207
19,44,-0.0006704078599129442,0.0006368874669172971
19,45,-0.0007674672302725391,0.0007674672302725391
19,46,-0.0008719071989884811,0.0009203464878211745
19,47,-0.0009823352814574526,0.001097904138099506
19,48,-0.0010966776540775607,0.0013023047142171036
19,49,-0.0012120856592008158,0.0015353085016543667
19,50,-0.0013248717831654902,0.0017980402771531653
19,51,-0.0014304940074056456,0.002090722010823636
19,52,-0.0015236096603698072,0.0024123819622521945
19,53,-0.0015982197607899195,0.002760561405000769
19,54,-0.0016479210363635585,0.003131049969090762
19,55,-0.0016662741244161748,0.0035176898182119245
19,56,-0.0016472822425298366,0.0039122953260083615
19,57,-0.0015859552721140355,0.004304735738595238
19,58,-0.0014789117661070759,0.004683220592672405
19,59,-0.001324949820428166,0.005034809317627032
19,60,-0.0011255026083970532,0.005346137389886003
19,61,-0.0008848917732673384,0.005604314564026475
19,62,-0.000610306571929441,0.005797912433329689
19,63,-0.0003114698863907274,0.005917927841423823
20,0,0.0,0.004834179040749684
20,1,0.00024014141334608024,0.004802828266921605
20,2,0.0004710219139598368,0.0047102191395983675
20,3,0.0006840826863474568,0.004560551242316379
20,4,0.0008720819154990128,0.004360409577495064
20,5,0.0010295514015811478,0.004118205606324591
20,6,0.0011530518481897877,0.0038435061606326257
20,7,0.0012412169302813418,0.0035463340865181203
20,8,0.0012946070939509429,0.0032365177348773577
20,9,0.0013154167969162043,0.0029231484375915645
20,10,0.001307090638529458,0.002614181277058916
20,11,0.001273904647028656,0.002316190267324829
20,12,0.0012205612637047885,0.002034268772841314
20,13,0.0011518337717397365,0.0017720519565226716
20,14,0.0010722815401817774,0.0015318307716882542
20,15,0.000986044211254098,0.0013147256150054638
20,16,0.0008967125016853229,0.0011208906271066535
20,17,0.0008072662415904488,0.0009497249901064104
20,18,0.0007200664923320407,0.0008000738803689341
20,19,0.0006368874669172971,0.0006704078599129442
20,20,0.0005589747456218302,0.0005589747456218302
20,21,0.00048711817975858067,0.00046392207596055314
20,22,0.0004217302840135091,0.00038339116728500824
20,23,0.0003629233814979036,0.00031558554912861184
20,24,0.0003105810018186373,0.0002588175015155311
20,25,0.0002644208948316304,0.00021153671586530436
20,26,0.0002240484651051919,0.0001723449731578399
20,27,0.0001890004726062444,0.00014000035007869955
20,28,0.00015877953724231122,0.00011341395517307949
20,29,0.00013288039656785526,9.164165280541743e-05
20,30,0.00011080906591498222,7.387271060998812e-05
20,31,9.209610020036349e-05,5.941683883894418e-05
20,32,-7.630510795587252e-05,4.769069247242033e-05
20,33,-9.209610020036349e-05,5.941683883894418e-05
20,34,-0.00011080906591498222,7.387271060998812e-05
20,35,-0.00013288039656785526,9.164165280541743e-05
20,36,-0.00015877953724231122,0.00011341395517307949
20,37,-0.0001890004726062444,0.00014000035007869955
20,38,-0.0002240484651051919,0.0001723449731578399
20,39,-0.0002644208948316304,0.00021153671586530436
20,40,-0.0003105810018186373,0.0002588175015155311
20,41,-0.0003629233814979036,0.00031558554912861184
20,42,-0.0004217302840135091,0.00038339116728500824
20,43,-0.00048711817975858067,0.00046392207596055314
20,44,-0.0005589747456218302,0.0005589747456218302
20,45,-0.0006368874669172971,0.0006704078599129442
20,46,-0.0007200664923320407,0.0008000738803689341
20,47,-0.0008072662415904488,0.0009497249901064104
20,48,-0.0008967125016853229,0.0011208906271066535
20,49,-0.000986044211254098,0.0013147256150054638
20,50,-0.0010722815401817774,0.0015318307716882542
20,51,-0.0011518337717397365,0.0017720519565226716
20,52,-0.0012205612637047885,0.002034268772841314
20,53,-0.001273904647028656,0.002316190267324829
20,54,-0.001307090638529458,0.002614181277058916
20,55,-0.0013154167969162043,0.0029231484375915645
20,56,-0.0012946070939509429,0.0032365177348773577
20,57,-0.0012412169302813418,0.0035463340865181203
20,58,-0.0011530518481897877,0.0038435061606326257
20,59,-0.0010295514015811478,0.004118205606324591
20,60,-0.0008720819154990128,0.004360409577495064
20,61,-0.0006840826863474568,0.004560551242316379
20,62,-0.0004710219139598368,0.0047102191395983675
20,63,-0.00024014141334608024,0.004802828266921605
21,0,0.0,0.003912141087770504
21,1,0.00018514156937957495,0.003887972956971074
21,2,0.0003634781689387923,0.0038165207738573193
21,3,0.0005286931563234952,0.0037008520942644666
21,4,0.0006753894844339448,0.003545794793278211
21,5,0.000799416715225182,0.0033575502039457643
21,6,0.0008980639471392381,0.0031432238149873334
21,7,0.0009701096980425434,0.0029103290941276303
21,8,0.0010157397735798715,0.0026663169056471625
21,9,0.0010363596307821658,0.0024181724718250535
21,10,0.001034336657809047,0.002172106981398999
21,11,0.0010127098319220001,0.001933355133669273
21,12,0.0009749005268911705,0.0017060759220595483
21,13,0.0009244507799578394,0.001493343567624202
21,14,0.0008648062342685109,0.0012972093514027662
21,15,0.0007991520630662856,0.0011188128882927998
21,16,0.0007303026942662229,0.0009585222862244177
21,17,0.0006606407015340063,0.0008160855724831842
21,18,0.0005920969028871349,0.0006907797200349908
21,19,0.0005261622512838207,0.0005815477514189597
21,20,0.00046392207596055314,0.00048711817975858067
21,21,0.000406104159283392,0.000406104159283392
21,22,0.0003531335804392275,0.00033708205405562624
21,23,0.00030518888599302034,0.00027865072199362734
21,24,0.00026225572367776943,0.00022947375821804825
21,25,0.00022417545957956192,0.00018830738604683203
21,26,0.00019068742468323618,0.00015401676609030617
21,27,0.0001614642919241805,0.00012558333816325146
21,28,0.00013614068982095202,0.00010210551736571403
21,29,0.00011433555112144359,8.279470943276948e-05
21,30,9.566891848948959e-05,6.696824294264269e-05
21,31,7.977402687051085e-05,5.4040469815507364e-05
21,32,-6.630549157441932e-05,4.351297884571269e-05
21,33,-7.977402687051085e-05,5.4040469815507364e-05
21,34,-9.566891848948959e-05,6.696824294264269e-05
21,35,-0.00011433555112144359,8.279470943276948e-05
21,36,-0.00013614068982095202,0.00010210551736571403
21,37,-0.0001614642919241805,0.00012558333816325146
21,38,-0.00019068742468323618,0.00015401676609030617
21,39,-0.00022417545957956192,0.00018830738604683203
21,40,-0.00026225572367776943,0.00022947375821804825
21,41,-0.00030518888599302034,0.00027865072199362734
21,42,-0.0003531335804392275,0.00033708205405562624
21,43,-0.000406104159283392,0.000406104159283392
21,44,-0.00046392207596055314,0.00048711817975858067
21,45,-0.0005261622512838207,0.0005815477514189597
21,46,-0.0005920969028871349,0.0006907797200349908
21,47,-0.0006606407015340063,0.0008160855724831842
21,48,-0.0007303026942662229,0.0009585222862244177
21,49,-0.0007991520630662856,0.0011188128882927998
21,50,-0.0008648062342685109,0.0012972093514027662
21,51,-0.0009244507799578394,0.001493343567624202
21,52,-0.0009749005268911705,0.0017060759220595483
21,53,-0.0010127098319220001,0.001933355133669273
21,54,-0.001034336657809047,0.002172106981398999
21,55,-0.0010363596307821658,0.0024181724718250535
21,56,-0.0010157397735798715,0.0026663169056471625
21,57,-0.0009701096980425434,0.0029103290941276303
21,58,-0.0008980639471392381,0.0031432238149873334
21,59,-0.000799416715225182,0.0033575502039457643
21,60,-0.0006753894844339448,0.003545794793278211
21,61,-0.0005286931563234952,0.0037008520942644666
21,62,-0.0003634781689387923,0.0038165207738573193
21,63,-0.00018514156937957495,0.003887972956971074
22,0,0.0,0.003158787229724495
22,1,0.0001427343891864338,0.0031401565621015444
22,2,0.000280457624505922,0.003085033869565142
22,3,0.00040849986529509447,0.0029956656788306933
22,4,0.0005228362554117832,0.0028755994047648076
22,5,0.0006203214257472323,0.002729414273287822
22,6,0.0006988341558997553,0.0025623919049657697
22,7,0.0007573247763788131,0.002380163582904841
22,8,0.0007957708994650068,0.002188369973528769
22,9,0.0008150575574721256,0.0019923629182651953
22,10,0.0008168043887258675,0.0017969696551969085
22,11,0.0008031647575431937,0.0016063295150863875
22,12,0.0007766201368158641,0.0014238035841624174
22,13,0.0007397888115234231,0.0012519502964242542
22,14,0.0006952622753800564,0.00109255500416866
22,15,0.0006454767793426761,0.0009466992763692584
22,16,0.0005926222359321781,0.000814855574406745
22,17,0.0005385866034667664,0.0006969944280158153
22,18,0.00048493114617422065,0.0005926936231018251
22,19,0.0004328905126905256,0.0005012416462732401
22,20,0.00038339116728500824,0.0004217302840135091
22,21,0.00033708205405562624,0.0003531335804392275
22,22,0.0002943721874527526,0.0002943721874527526
22,23,0.00025547089979469957,0.00024436346936884305
22,24,0.00022042755556382464,0.00020205859260017254
22,25,0.00018916854233748523,0.00016646831725698698
22,26,0.00016153020137490854,0.00013667940116338415
22,27,0.0001372870399640508,0.00011186351404478215
22,28,0.00011617507336563012,9.128041478728078e-05
22,29,9.791049416428712e-05,7.427692660739021e-05
22,30,8.220408692996088e-05,6.0282997081971326e-05
22,31,6.877192448149483e-05,4.8805881890093095e-05
22,32,-5.7342925430760175e-05,3.9423261233647614e-05
22,33,-6.877192448149483e-05,4.8805881890093095e-05
22,34,-8.220408692996088e-05,6.0282997081971326e-05
22,35,-9.791049416428712e-05,7.427692660739021e-05
22,36,-0.00011617507336563012,9.128041478728078e-05
22,37,-0.0001372870399640508,0.00011186351404478215
22,38,-0.00016153020137490854,0.00013667940116338415
22,39,-0.00018916854233748523,0.00016646831725698698
22,40,-0.00022042755556382464,0.00020205859260017254
22,41,-0.00025547089979469957,0.00024436346936884305
22,42,-0.0002943721874527526,0.0002943721874527526
22,43,-0.00033708205405562624,0.0003531335804392275
22,44,-0.00038339116728500824,0.0004217302840135091
22,45,-0.0004328905126905256,0.0005012416462732401
22,46,-0.00048493114617422065,0.0005926936231018251
22,47,-0.0005385866034667664,0.0006969944280158153
22,48,-0.0005926222359321781,0.000814855574406745
22,49,-0.0006454767793426761,0.0009466992763692584
22,50,-0.0006952622753800564,0.00109255500416866
22,51,-0.0007397888115234231,0.0012519502964242542
22,52,-0.0007766201368158641,0.0014238035841624174
22,53,-0.0008031647575431937,0.0016063295150863875
22,54,-0.0008168043887258675,0.0017969696551969085
22,55,-0.0008150575574721256,0.0019923629182651953
22,56,-0.0007957708994650068,0.002188369973528769
22,57,-0.0007573247763788131,0.002380163582904841
22,58,-0.0006988341558997553,0.0025623919049657697
22,59,-0.0006203214257472323,0.002729414273287822
22,60,-0.0005228362554117832,0.0028755994047648076
22,61,-0.00040849986529509447,0.0029956656788306933
22,62,-0.000280457624505922,0.003085033869565142
22,63,-0.0001427343891864338,0.0031401565621015444
23,0,0.0,0.0025452357078771513
23,1,0.00011003800056966505,0.002530874013102296
23,2,0.00021637850753680372,0.0024883528366732425
23,3,0.0003155636525911416,0.0024193213365320855
23,4,0.00040458980328208095,0.0023263913688719652
23,5,0.0004810759741878555,0.0022129494812641354
23,6,0.0005433717049814171,0.002082924869095432
23,7,0.0005905985507588864,0.001940538095350627
23,8,0.0006226278316319413,0.0017900550159418319
23,9,0.000640004386124658,0.0016355667645407928
23,10,0.0006438308126079267,0.0014808108689982318
23,11,0.0006356287115312929,0.0013290418513836125
23,12,0.0006171929629482217,0.0011829531789840917
23,13,0.0005904526868375816,0.0010446470613280291
23,14,0.0005573490170129975,0.0009156448136642104
23,15,0.0005197359378948745,0.0007969284381054743
23,16,0.0004793068022168278,0.0006890035281866899
23,17,0.00043754616849594997,0.0005919742279651087
23,18,0.0003957044564747302,0.0005056223610510442
23,19,0.00035479162767958086,0.0004294846019279138
23,20,0.00031558554912861184,0.0003629233814979036
23,21,0.00027865072199362734,0.00030518888599302034
23,22,0.00024436346936884305,0.00025547089979469957
23,23,0.00021294030987920005,0.00021294030987920005
23,24,0.00018446696107086812,0.00017678083769291525
23,25,0.000158926120899968,0.00014621203122797057
23,26,0.00013622280569271713,0.00012050478965124978
23,27,0.00011620654697406339,9.899076223716511e-05
23,28,9.869015794425955e-05,8.10669154542132e-05
23,29,8.346507824382796e-05,6.61964413657946e-05
23,30,7.031350663394797e-05,5.3907021752693455e-05
23,31,5.9017652808832525e-05,4.3787290793649935e-05
23,32,-4.936649982832762e-05,3.5482171751610476e-05
23,33,-5.9017652808832525e-05,4.3787290793649935e-05
23,34,-7.031350663394797e-05,5.3907021752693455e-05
23,35,-8.346507824382796e-05,6.61964413657946e-05
23,36,-9.869015794425955e-05,8.10669154542132e-05
23,37,-0.00011620654697406339,9.899076223716511e-05
23,38,-0.00013622280569271713,0.00012050478965124978
23,39,-0.000158926120899968,0.00014621203122797057
23,40,-0.00018446696107086812,0.00017678083769291525
23,41,-0.00021294030987920005,0.00021294030987920005
23,42,-0.00024436346936884305,0.00025547089979469957
23,43,-0.00027865072199362734,0.00030518888599302034
23,44,-0.00031558554912861184,0.0003629233814979036
23,45,-0.00035479162767958086,0.0004294846019279138
23,46,-0.0003957044564747302,0.0005056223610510442
23,47,-0.00043754616849594997,0.0005919742279651087
23,48,-0.0004793068022168278,0.0006890035281866899
23,49,-0.0005197359378948745,0.0007969284381054743
23,50,-0.0005573490170129975,0.0009156448136642104
23,51,-0.0005904526868375816,0.0010446470613280291
23,52,-0.0006171929629482217,0.0011829531789840917
23,53,-0.0006356287115312929,0.0013290418513836125
23,54,-0.0006438308126079267,0.0014808108689982318
23,55,-0.000640004386124658,0.0016355667645407928
23,56,-0.0006226278316319413,0.0017900550159418319
23,57,-0.0005905985507588864,0.001940538095350627
23,58,-0.0005433717049814171,0.002082924869095432
23,59,-0.0004810759741878555,0.0022129494812641354
23,60,-0.00040458980328208095,0.0023263913688719652
23,61,-0.0003155636525911416,0.0024193213365320855
23,62,-0.00021637850753680372,0.0024883528366732425
23,63,-0.00011003800056966505,0.002530874013102296
24,0,0.0,0.002046981378215805
24,1,8.482961061674252e-05,0.0020359106548018206
24,2,0.0001669260659625796,0.002003112791550956
24,3,0.00024372513172279261,0.001949801053782341
24,4,0.00031298368050562263,0.0018779020830337358
24,5,0.00037290082970699507,0.001789923982593576
24,6,0.00042219807981689396,0.0016887923192675759
24,7,0.0004601539652519124,0.0015776707380065567
24,8,0.00048659431207253467,0.0014597829362176036
24,9,0.0005018439975129547,0.0013382506600345457
24,10,0.0005066494872341524,0.0012159587693619657
24,11,0.0005020831023080281,0.0010954540413993343
24,12,0.0004894399989528515,0.000978879997905703
24,13,0.00047013755196714964,0.0008679462497855069
24,14,0.0004456246815729227,0.0007639280255535818
24,15,0.00041730613946601696,0.000667689823145627
24,16,0.00038648429108766285,0.0005797264366314942
24,17,0.0003543187953039816,0.0005002147698409152
24,18,0.0003218029546202107,0.00042907060616028097
24,19,0.00028975443574342244,0.0003660056030443231
24,20,0.0002588175015155311,0.0003105810018186373
24,21,0.00022947375821804825,0.00026225572367776943
24,22,0.00020205859260017254,0.00022042755556382464
24,23,0.00017678083769291525,0.00018446696107086812
24,24,0.00015374366824281318,0.00015374366824281318
24,25,0.00013296521050870826,0.00012764660208835994
24,26,0.00011439780569452487,0.00010559797448725373
24,27,9.794526081313549e-05,8.706245405612042e-05
24,28,8.347774132177442e-05,7.155234970437808e-05
24,29,7.084420446881062e-05,5.862968645694673e-05
24,30,5.988244670390218e-05,4.7905957363121745e-05
24,31,5.042695273008293e-05,3.90402214684513e-05
24,32,-4.2314799477008245e-05,3.173609960775618e-05
24,33,-5.042695273008293e-05,3.90402214684513e-05
24,34,-5.988244670390218e-05,4.7905957363121745e-05
24,35,-7.084420446881062e-05,5.862968645694673e-05
24,36,-8.347774132177442e-05,7.155234970437808e-05
24,37,-9.794526081313549e-05,8.706245405612042e-05
24,38,-0.00011439780569452487,0.00010559797448725373
24,39,-0.00013296521050870826,0.00012764660208835994
24,40,-0.00015374366824281318,0.00015374366824281318
24,41,-0.00017678083769291525,0.00018446696107086812
24,42,-0.00020205859260017254,0.00022042755556382464
24,43,-0.00022947375821804825,0.00026225572367776943
24,44,-0.0002588175015155311,0.0003105810018186373
24,45,-0.00028975443574342244,0.0003660056030443231
24,46,-0.0003218029546202107,0.00042907060616028097
24,47,-0.0003543187953039816,0.0005002147698409152
24,48,-0.00038648429108766285,0.0005797264366314942
24,49,-0.00041730613946601696,0.000667689823145627
24,50,-0.0004456246815729227,0.0007639280255535818
24,51,-0.00047013755196714964,0.0008679462497855069
24,52,-0.0004894399989528515,0.000978879997905703
24,53,-0.0005020831023080281,0.0010954540413993343
24,54,-0.0005066494872341524,0.0012159587693619657
24,55,-0.0005018439975129547,0.0013382506600345457
24,56,-0.00048659431207253467,0.0014597829362176036
24,57,-0.0004601539652519124,0.0015776707380065567
24,58,-0.00042219807981689396,0.0016887923192675759
24,59,-0.00037290082970699507,0.001789923982593576
24,60,-0.00031298368050562263,0.0018779020830337358
24,61,-0.00024372513172279261,0.001949801053782341
24,62,-0.0001669260659625796,0.002003112791550956
24,63,-8.482961061674252e-05,0.0020359106548018206
25,0,0.0,0.0016434070187568298
25,1,6.539493047790412e-05,0.0016348732619476032
25,2,0.00012876616252158532,0.0016095770315198172
25,3,0.00018820952294224764,0.0015684126911853973
25,4,0.00024204862440204368,0.0015128039025127731
25,5,0.00028892214160513316,0.0014446107080256657
25,6,0.00032784318248544025,0.001366013260356001
25,7,0.0003582273779787412,0.0012793834927812186
25,8,0.0003798899960425642,0.0011871562376330126
25,9,0.00039301563470680554,0.001091710096407793
25,10,0.0003981064407235698,0.0009952661018089242
25,11,0.0003959161183658137,0.0008998093599223038
25,12,0.0003873772339647102,0.000807035904093146
25,13,0.0003735286550877079,0.0007183243367071304
25,14,0.0003554486628582827,0.0006347297551040763
25,15,0.0003341976483619776,0.0005569960806032959
25,16,0.0003107726286621258,0.0004855822322845716
25,17,0.0002860743085272629,0.00042069751254009255
25,18,0.0002608862038054052,0.00036234194972972945
25,19,0.00023586448763939852,0.0003103480100518401
25,20,0.00021153671586530436,0.0002644208948316304
25,21,0.00018830738604683203,0.00022417545957956192
25,22,0.00016646831725698698,0.00018916854233748523
25,23,0.00014621203122797057,0.000158926120899968
25,24,0.00012764660208835994,0.00013296521050870826
25,25,0.00011081076607451676,0.00011081076607451676
25,26,9.568840339585225e-05,9.200808018831949e-05
25,27,8.222179502793255e-05,7.613129169253014e-05
25,28,7.032330283216937e-05,6.278866324300836e-05
25,29,5.988531657669343e-05,5.1625272910942605e-05
25,30,5.078845716751944e-05,4.23237143062662e-05
25,31,4.290812671669615e-05,3.460332799733561e-05
25,32,-3.6119560053287286e-05,2.8218406291630696e-05
25,33,-4.290812671669615e-05,3.460332799733561e-05
25,34,-5.078845716751944e-05,4.23237143062662e-05
25,35,-5.988531657669343e-05,5.1625272910942605e-05
25,36,-7.032330283216937e-05,6.278866324300836e-05
25,37,-8.222179502793255e-05,7.613129169253014e-05
25,38,-9.568840339585225e-05,9.200808018831949e-05
25,39,-0.00011081076607451676,0.00011081076607451676
25,40,-0.00012764660208835994,0.00013296521050870826
25,41,-0.00014621203122797057,0.000158926120899968
25,42,-0.00016646831725698698,0.00018916854233748523
25,43,-0.00018830738604683203,0.00022417545957956192
25,44,-0.00021153671586530436,0.0002644208948316304
25,45,-0.00023586448763939852,0.0003103480100518401
25,46,-0.0002608862038054052,0.00036234194972972945
25,47,-0.0002860743085272629,0.00042069751254009255
25,48,-0.0003107726286621258,0.0004855822322845716
25,49,-0.0003341976483619776,0.0005569960806032959
25,50,-0.0003554486628582827,0.0006347297551040763
25,51,-0.0003735286550877079,0.0007183243367071304
25,52,-0.0003873772339647102,0.000807035904093146
25,53,-0.0003959161183658137,0.0008998093599223038
25,54,-0.0003981064407235698,0.0009952661018089242
25,55,-0.00039301563470680554,0.001091710096407793
25,56,-0.0003798899960425642,0.0011871562376330126
25,57,-0.0003582273779787412,0.0012793834927812186
25,58,-0.00032784318248544025,0.001366013260356001
25,59,-0.00028892214160513316,0.0014446107080256657
25,60,-0.00024204862440204368,0.0015128039025127731
25,61,-0.00018820952294224764,0.0015684126911853973
25,62,-0.00012876616252158532,0.0016095770315198172
25,63,-6.539493047790412e-05,0.0016348732619476032
26,0,0.0,0.0013172886668087961
26,1,5.041194559237406e-05,0.001310710585401725
26,2,9.932318219715093e-05,0.001291201368562962
26,3,0.00014531786649808016,0.001259421509650028
26,4,0.00018714226122506505,0.001216424697962923
26,5,0.00022376771831415576,0.0011635921352336097
26,6,0.0002544345827366852,0.0011025498585256358
26,7,0.00027867450850649876,0.0010350767458812812
26,8,0.00029631111796608905,0.0009630111333897896
26,9,0.000307441137393395,0.0008881632858031412
26,10,0.00031239982468858526,0.0008122395441903217
26,11,0.00031171550995219555,0.0007367821144324622
26,12,0.0003060583706420894,0.0006631264697245271
26,13,0.0002961882455250965,0.000592376491050193
26,14,0.00028290551630149105,0.0005253959588456262
26,15,0.0002670080443104011,0.00046281394347136203
26,16,0.0002492560265900809,0.00040504104320888143
26,17,0.00023034558089719573,0.0003522932413721817
26,18,0.00021089098531819244,0.0003046203121262779
26,19,0.00019141483764885674,0.0002619360936247513
26,20,0.0001723449731578399,0.0002240484651051919
26,21,0.00015401676609030617,0.00019068742468323618
26,22,0.00013667940116338415,0.00016153020137490854
26,23,0.00012050478965124978,0.00013622280569271713
26,24,0.00010559797448725373,0.00011439780569452487
26,25,9.200808018831949e-05,9.568840339585225e-05
26,26,7.973908504156864e-05,7.973908504156864e-05
26,27,6.875990279849115e-05,6.621323973188037e-05
26,28,5.901344543053125e-05,5.479819932835045e-05
26,29,5.042449055567856e-05,4.520816394647042e-05
26,30,4.290629535291466e-05,3.7185455972526023e-05
26,31,3.6365985027815806e-05,3.050050357171649e-05
26,32,-3.070880212237363e-05,2.495090172442857e-05
26,33,-3.6365985027815806e-05,3.050050357171649e-05
26,34,-4.290629535291466e-05,3.7185455972526023e-05
26,35,-5.042449055567856e-05,4.520816394647042e-05
26,36,-5.901344543053125e-05,5.479819932835045e-05
26,37,-6.875990279849115e-05,6.621323973188037e-05
26,38,-7.973908504156864e-05,7.973908504156864e-05
26,39,-9.200808018831949e-05,9.568840339585225e-05
26,40,-0.00010559797448725373,0.00011439780569452487
26,41,-0.00012050478965124978,0.00013622280569271713
26,42,-0.00013667940116338415,0.00016153020137490854
26,43,-0.00015401676609030617,0.00019068742468323618
26,44,-0.0001723449731578399,0.0002240484651051919
26,45,-0.00019141483764885674,0.0002619360936247513
26,46,-0.00021089098531819244,0.0003046203121262779
26,47,-0.00023034558089719573,0.0003522932413721817
26,48,-0.0002492560265900809,0.00040504104320888143
26,49,-0.0002670080443104011,0.00046281394347136203
26,50,-0.00028290551630149105,0.0005253959588456262
26,51,-0.0002961882455250965,0.000592376491050193
26,52,-0.0003060583706420894,0.0006631264697245271
26,53,-0.00031171550995219555,0.0007367821144324622
26,54,-0.00031239982468858526,0.0008122395441903217
26,55,-0.000307441137393395,0.0008881632858031412
26,56,-0.00029631111796608905,0.0009630111333897896
26,57,-0.00027867450850649876,0.0010350767458812812
26,58,-0.0002544345827366852,0.0011025498585256358
26,59,-0.00022376771831415576,0.0011635921352336097
26,60,-0.00018714226122506505,0.001216424697962923
26,61,-0.00014531786649808016,0.001259421509650028
26,62,-9.932318219715093e-05,0.001291201368562962
26,63,-5.041194559237406e-05,0.001310710585401725
27,0,0.0,0.0010543234116064887
27,1,3.886121773729448e-05,0.001049252878906951
27,2,7.660796890150683e-05,0.0010342075801703424
27,3,0.00011218623553930124,0.0010096761198537109
27,4,0.00014465770829758448,0.0009764395310086954
27,5,0.00017324531263162484,0.0009355246882107743
27,6,0.00019736563429571165,0.0008881453543307023
27,7,0.0002166463964587929,0.0008356361006267724
27,8,0.00023092876422947005,0.0007793845792744613
27,9,0.00024025574723989993,0.0007207672417196997
27,10,0.0002448491505870795,0.0006610927065851146
27,11,0.00024507827546545023,0.0006015557670515596
27,12,0.0002414238615495203,0.0005432036884864207
27,13,0.00023444063473954054,0.0004869151644590458
27,14,0.0002247213693704175,0.0004333912123572338
27,15,0.00021286471256080612,0.0003831564826094511
27,16,0.00019944827076159827,0.00033656895691019706
27,17,0.00018500772839812448,0.0002938358039264329
27,18,0.00017002213155413234,0.0002550331973311985
27,19,0.00015490497054640662,0.0002201281160396305
27,20,0.00014000035007869955,0.0001890004726062444
27,21,0.00012558333816325146,0.0001614642919241805
27,22,0.00011186351404478215,0.0001372870399640508
27,23,9.899076223716511e-05,0.00011620654697406339
27,24,8.706245405612042e-05,9.794526081313549e-05
27,25,7.613129169253014e-05,8.222179502793255e-05
27,26,6.621323973188037e-05,6.875990279849115e-05
27,27,5.729511767557389e-05,5.729511767557389e-05
27,28,4.934156274374676e-05,4.7579364074327225e-05
27,29,4.2301188291232636e-05,3.938386496080279e-05
27,30,3.611185674299045e-05,3.2500671068691403e-05
27,31,3.070505709612453e-05,2.6743114245011693e-05
27,32,-2.600942763760482e-05,2.1945454569229064e-05
27,33,-3.070505709612453e-05,2.6743114245011693e-05
27,34,-3.611185674299045e-05,3.2500671068691403e-05
27,35,-4.2301188291232636e-05,3.938386496080279e-05
27,36,-4.934156274374676e-05,4.7579364074327225e-05
27,37,-5.729511767557389e-05,5.729511767557389e-05
27,38,-6.621323973188037e-05,6.875990279849115e-05
27,39,-7.613129169253014e-05,8.222179502793255e-05
27,40,-8.706245405612042e-05,9.794526081313549e-05
27,41,-9.899076223716511e-05,0.00011620654697406339
27,42,-0.00011186351404478215,0.0001372870399640508
27,43,-0.00012558333816325146,0.0001614642919241805
27,44,-0.00014000035007869955,0.0001890004726062444
27,45,-0.00015490497054640662,0.0002201281160396305
27,46,-0.00017002213155413234,0.0002550331973311985
27,47,-0.00018500772839812448,0.0002938358039264329
27,48,-0.00019944827076159827,0.00033656895691019706
27,49,-0.00021286471256080612,0.0003831564826094511
27,50,-0.0002247213693704175,0.0004333912123572338
27,51,-0.00023444063473954054,0.0004869151644590458
27,52,-0.0002414238615495203,0.0005432036884864207
27,53,-0.00024507827546545023,0.0006015557670515596
27,54,-0.0002448491505870795,0.0006610927065851146
27,55,-0.00024025574723989993,0.0007207672417196997
27,56,-0.00023092876422947005,0.0007793845792744613
27,57,-0.0002166463964587929,0.0008356361006267724
27,58,-0.00019736563429571165,0.0008881453543307023
27,59,-0.00017324531263162484,0.0009355246882107743
27,60,-0.00014465770829758448,0.0009764395310086954
27,61,-0.00011218623553930124,0.0010096761198537109
27,62,-7.660796890150683e-05,0.0010342075801703424
27,63,-3.886121773729448e-05,0.001049252878906951
28,0,0.0,0.0008426953473752866
28,1,2.9956675138551736e-05,0.0008387869038794487
28,2,5.9084619621631644e-05,0.000827184674702843
28,3,8.659828658605126e-05,0.0008082506748031452
28,4,0.00011179494912436608,0.0007825646438705625
28,5,0.00013408766091370876,0.0007508909011167694
28,6,0.0001530291853210447,0.0007141361981648753
28,7,0.0001683255402265548,0.0006733021609062192
28,8,0.00017983889071479888,0.0006294361175017961
28,9,0.00018758053869034322,0.0005835838981477344
28,10,0.00019169558364250412,0.0005367476341990115
28,11,0.00019244138222896754,0.000489850791128281
28,12,0.0001901621867809043,0.0004437117691554433
28,13,0.0001852623120416925,0.0003990265182436454
28,14,0.0001781799188420096,0.0003563598376840192
28,15,0.00016936308661514202,0.0003161444283482651
28,16,0.00015924935208820314,0.00027868636615435553
28,17,0.00014824938981153246,0.00024417546557193583
28,18,0.0001367350562095132,0.00021269897632590946
28,19,0.00012503164803966734,0.00018425716553214141
28,20,0.00011341395517307949,0.00015877953724231122
28,21,0.00010210551736571403,0.00013614068982095202
28,22,9.128041478728078e-05,0.00011617507336563012
28,23,8.10669154542132e-05,9.869015794425955e-05
28,24,7.155234970437808e-05,8.347774132177442e-05
28,25,6.278866324300836e-05,7.032330283216937e-05
28,26,5.479819932835045e-05,5.901344543053125e-05
28,27,4.7579364074327225e-05,4.934156274374676e-05
28,28,4.1111927081494926e-05,4.1111927081494926e-05
28,29,3.536179659112805e-05,3.4142424294882255e-05
28,30,3.0285180924201614e-05,2.826616886258817e-05
28,31,2.5832105182757187e-05,2.333222403603875e-05
28,32,-2.194929468119543e-05,1.9205632846046e-05
28,33,-2.5832105182757187e-05,2.333222403603875e-05
28,34,-3.0285180924201614e-05,2.826616886258817e-05
28,35,-3.536179659112805e-05,3.4142424294882255e-05
28,36,-4.1111927081494926e-05,4.1111927081494926e-05
28,37,-4.7579364074327225e-05,4.934156274374676e-05
28,38,-5.479819932835045e-05,5.901344543053125e-05
28,39,-6.278866324300836e-05,7.032330283216937e-05
28,40,-7.155234970437808e-05,8.347774132177442e-05
28,41,-8.10669154542132e-05,9.869015794425955e-05
28,42,-9.128041478728078e-05,0.00011617507336563012
28,43,-0.00010210551736571403,0.00013614068982095202
28,44,-0.00011341395517307949,0.00015877953724231122
28,45,-0.00012503164803966734,0.00018425716553214141
28,46,-0.0001367350562095132,0.00021269897632590946
28,47,-0.00014824938981153246,0.00024417546557193583
28,48,-0.00015924935208820314,0.00027868636615435553
28,49,-0.00016936308661514202,0.0003161444283482651
28,50,-0.0001781799188420096,0.0003563598376840192
28,51,-0.0001852623120416925,0.0003990265182436454
28,52,-0.0001901621867809043,0.0004437117691554433
28,53,-0.00019244138222896754,0.000489850791128281
28,54,-0.00019169558364250412,0.0005367476341990115
28,55,-0.00018758053869034322,0.0005835838981477344
28,56,-0.00017983889071479888,0.0006294361175017961
28,57,-0.0001683255402265548,0.0006733021609062192
28,58,-0.0001530291853210447,0.0007141361981648753
28,59,-0.00013408766091370876,0.0007508909011167694
28,60,-0.00011179494912436608,0.0007825646438705625
28,61,-8.659828658605126e-05,0.0008082506748031452
28,62,-5.9084619621631644e-05,0.000827184674702843
28,63,-2.9956675138551736e-05,0.0008387869038794487
29,0,0.0,0.0006726870101428018
29,1,2.3092218890376783e-05,0.0006696743478209267
29,2,4.556742238847638e-05,0.0006607276246329074
29,3,6.683952967239552e-05,0.0006461154534998233
29,4,8.638189259997326e-05,0.0006262687213498062
29,5,0.00010375119640053702,0.0006017569391231145
29,6,0.0001186051107463121,0.0005732580352738418
29,7,0.00013071270493458242,0.000541524063300413
29,8,0.00013995736889379454,0.0005073454622400053
29,9,0.00014633267503342775,0.0004715163973299339
29,10,0.00014993219246963208,0.00043480335816193305
29,11,0.00015093466900404067,0.0003979186728288346
29,12,0.00014958620307119866,0.00036149999075539677
29,13,0.00014618104374004842,0.00032609617449703114
29,14,0.00014104251195178914,0.0002921594890429918
29,15,0.00013450527574773713,0.00026004353311229184
29,16,0.00012689988692878487,0.00023000604505842264
29,17,0.00011854014410500846,0.00020221553994383796
29,18,0.00010971352637395611,0.0001767606813802626
29,19,0.00010067467004739202,0.0001536613384933878
29,20,9.164165280541743e-05,0.00013288039656785526
29,21,8.279470943276948e-05,0.00011433555112144359
29,22,7.427692660739021e-05,9.791049416428712e-05
29,23,6.61964413657946e-05,8.346507824382796e-05
29,24,5.862968645694673e-05,7.084420446881062e-05
29,25,5.1625272910942605e-05,5.988531657669343e-05
29,26,4.520816394647042e-05,5.042449055567856e-05
29,27,3.938386496080279e-05,4.2301188291232636e-05
29,28,3.4142424294882255e-05,3.536179659112805e-05
29,29,2.9462103605776095e-05,2.9462103605776095e-05
29,30,2.531263195879723e-05,2.446887756017066e-05
29,31,2.1658002810750888e-05,2.026071230683147e-05
29,32,-1.84588077872264e-05,1.6728294557173923e-05
29,33,-2.1658002810750888e-05,2.026071230683147e-05
29,34,-2.531263195879723e-05,2.446887756017066e-05
29,35,-2.9462103605776095e-05,2.9462103605776095e-05
29,36,-3.4142424294882255e-05,3.536179659112805e-05
29,37,-3.938386496080279e-05,4.2301188291232636e-05
29,38,-4.520816394647042e-05,5.042449055567856e-05
29,39,-5.1625272910942605e-05,5.988531657669343e-05
29,40,-5.862968645694673e-05,7.084420446881062e-05
29,41,-6.61964413657946e-05,8.346507824382796e-05
29,42,-7.427692660739021e-05,9.791049416428712e-05
29,43,-8.279470943276948e-05,0.00011433555112144359
29,44,-9.164165280541743e-05,0.00013288039656785526
29,45,-0.00010067467004739202,0.0001536613384933878
29,46,-0.00010971352637395611,0.0001767606813802626
29,47,-0.00011854014410500846,0.00020221553994383796
29,48,-0.00012689988692878487,0.00023000604505842264
29,49,-0.00013450527574773713,0.00026004353311229184
29,50,-0.00014104251195178914,0.0002921594890429918
29,51,-0.00014618104374004842,0.00032609617449703114
29,52,-0.00014958620307119866,0.00036149999075539677
29,53,-0.00015093466900404067,0.0003979186728288346
29,54,-0.00014993219246963208,0.00043480335816193305
29,55,-0.00014633267503342775,0.0004715163973299339
29,56,-0.00013995736889379454,0.0005073454622400053
29,57,-0.00013071270493458242,0.000541524063300413
29,58,-0.0001186051107463121,0.0005732580352738418
29,59,-0.00010375119640053702,0.0006017569391231145
29,60,-8.638189259997326e-05,0.0006262687213498062
29,61,-6.683952967239552e-05,0.0006461154534998233
29,62,-4.556742238847638e-05,0.0006607276246329074
29,63,-2.3092218890376783e-05,0.0006696743478209267
30,0,0.0,0.0005363382577003512
30,1,1.7800536287360076e-05,0.0005340160886208022
30,2,3.5141155851867945e-05,0.0005271173377780192
30,3,5.15841584118807e-05,0.0005158415841188069
30,4,6.673459628858393e-05,0.0005005094721643794
30,5,8.025763191800624e-05,0.00048154579150803744
30,6,9.189155551683894e-05,0.00045945777758419476
30,7,0.00010145574592432424,0.00043481033967567533
30,8,0.0001088533480444562,0.0004082000551667107
30,9,0.00011406891410120268,0.0003802297136706756
30,10,0.00011716165851010692,0.00035148497553032064
30,11,0.0001182552687842514,0.0003225143694115947
30,12,0.0001175253784184279,0.00029381344604606974
30,13,0.00011518584261375887,0.0002658134829548281
30,14,0.00011147488076242092,0.00023887474449090195
30,15,0.00010664198845838766,0.00021328397691677532
30,16,0.00010093630897663431,0.00018925557933118932
30,17,9.459692164099742e-05,0.00016693574407234839
30,18,8.784527957113839e-05,0.00014640879928523064
30,19,8.087983215978242e-05,0.00012770499814702485
30,20,7.387271060998812e-05,0.00011080906591498222
30,21,6.696824294264269e-05,9.566891848948959e-05
30,22,6.0282997081971326e-05,8.220408692996088e-05
30,23,5.3907021752693455e-05,7.031350663394797e-05
30,24,4.7905957363121745e-05,5.988244670390218e-05
30,25,4.23237143062662e-05,5.078845716751944e-05
30,26,3.7185455972526023e-05,4.290629535291466e-05
30,27,3.2500671068691403e-05,3.611185674299045e-05
30,28,2.826616886258817e-05,3.0285180924201614e-05
30,29,2.446887756017066e-05,2.531263195879723e-05
30,30,2.1088367471390887e-05,2.1088367471390887e-05
30,31,1.809905547499158e-05,1.7515214975798303e-05
30,32,-1.5472075065653194e-05,1.450507037404987e-05
30,33,-1.809905547499158e-05,1.7515214975798303e-05
30,34,-2.1088367471390887e-05,2.1088367471390887e-05
30,35,-2.446887756017066e-05,2.531263195879723e-05
30,36,-2.826616886258817e-05,3.0285180924201614e-05
30,37,-3.2500671068691403e-05,3.611185674299045e-05
30,38,-3.7185455972526023e-05,4.290629535291466e-05
30,39,-4.23237143062662e-05,5.078845716751944e-05
30,40,-4.7905957363121745e-05,5.988244670390218e-05
30,41,-5.3907021752693455e-05,7.031350663394797e-05
30,42,-6.0282997081971326e-05,8.220408692996088e-05
30,43,-6.696824294264269e-05,9.566891848948959e-05
30,44,-7.387271060998812e-05,0.00011080906591498222
30,45,-8.087983215978242e-05,0.00012770499814702485
30,46,-8.784527957113839e-05,0.00014640879928523064
30,47,-9.459692164099742e-05,0.00016693574407234839
30,48,-0.00010093630897663431,0.00018925557933118932
30,49,-0.00010664198845838766,0.00021328397691677532
30,50,-0.00011147488076242092,0.00023887474449090195
30,51,-0.00011518584261375887,0.0002658134829548281
30,52,-0.0001175253784184279,0.00029381344604606974
30,53,-0.0001182552687842514,0.0003225143694115947
30,54,-0.00011716165851010692,0.00035148497553032064
30,55,-0.00011406891410120268,0.0003802297136706756
30,56,-0.0001088533480444562,0.0004082000551667107
30,57,-0.00010145574592432424,0.00043481033967567533
30,58,-9.189155551683894e-05,0.00045945777758419476
30,59,-8.025763191800624e-05,0.00048154579150803744
30,60,-6.673459628858393e-05,0.0005005094721643794
30,61,-5.15841584118807e-05,0.0005158415841188069
30,62,-3.5141155851867945e-05,0.0005271173377780192
30,63,-1.7800536287360076e-05,0.0005340160886208022
31,0,0.0,0.00042715126282078203
31,1,1.372133354582188e-05,0.0004253613399204783
31,2,2.7099480105552444e-05,0.00042004194163606286
31,3,3.9807245999089616e-05,0.00041134154199059267
31,4,5.15482608838843e-05,0.00039949902185010326
31,5,6.206960201036803e-05,0.00038483153246428184
31,6,7.11713948205425e-05,0.00036771887323946956
31,7,7.871286970617993e-05,0.00034858556584165397
31,8,8.461468634612173e-05,0.00032788190959122165
31,9,8.885766159529509e-05,0.0003060652788282386
31,10,9.147831804800161e-05,0.00028358278594880495
31,11,9.256188134476198e-05,0.00026085621106251096
31,12,9.223348053543406e-05,0.00023826982471653795
31,13,9.06483454920653e-05,0.00021616143925030955
31,14,8.798175752206296e-05,0.00019481674879885373
31,15,8.441941075855866e-05,0.00017446678223435457
31,16,8.014870342027406e-05,0.00015528811287678098
31,17,7.535132093067137e-05,0.00013740534993240074
31,18,7.019731609747394e-05,0.00012089537772342735
31,19,6.4840749817713e-05,0.00010579280233416333
31,20,5.941683883894418e-05,9.209610020036349e-05
31,21,5.4040469815507364e-05,7.977402687051085e-05
31,22,4.8805881890093095e-05,6.877192448149483e-05
31,23,4.3787290793649935e-05,5.9017652808832525e-05
31,24,3.90402214684513e-05,5.042695273008293e-05
31,25,3.460332799733561e-05,4.290812671669615e-05
31,26,3.050050357171649e-05,3.6365985027815806e-05
31,27,2.6743114245011693e-05,3.070505709612453e-05
31,28,2.333222403603875e-05,2.5832105182757187e-05
31,29,2.026071230683147e-05,2.1658002810750888e-05
31,30,1.7515214975798303e-05,1.809905547499158e-05
31,31,1.5077847666978476e-05,1.5077847666978476e-05
31,32,-1.2927690699184296e-05,1.2523700364834788e-05
31,33,-1.5077847666978476e-05,1.5077847666978476e-05
31,34,-1.7515214975798303e-05,1.809905547499158e-05
31,35,-2.026071230683147e-05,2.1658002810750888e-05
31,36,-2.333222403603875e-05,2.5832105182757187e-05
31,37,-2.6743114245011693e-05,3.070505709612453e-05
31,38,-3.050050357171649e-05,3.6365985027815806e-05
31,39,-3.460332799733561e-05,4.290812671669615e-05
31,40,-3.90402214684513e-05,5.042695273008293e-05
31,41,-4.3787290793649935e-05,5.9017652808832525e-05
31,42,-4.8805881890093095e-05,6.877192448149483e-05
31,43,-5.4040469815507364e-05,7.977402687051085e-05
31,44,-5.941683883894418e-05,9.209610020036349e-05
31,45,-6.4840749817713e-05,0.00010579280233416333
31,46,-7.019731609747394e-05,0.00012089537772342735
31,47,-7.535132093067137e-05,0.00013740534993240074
31,48,-8.014870342027406e-05,0.00015528811287678098
31,49,-8.441941075855866e-05,0.00017446678223435457
31,50,-8.798175752206296e-05,0.00019481674879885373
31,51,-9.06483454920653e-05,0.00021616143925030955
31,52,-9.223348053543406e-05,0.00023826982471653795
31,53,-9.256188134476198e-05,0.00026085621106251096
31,54,-9.147831804800161e-05,0.00028358278594880495
31,55,-8.885766159529509e-05,0.0003060652788282386
31,56,-8.461468634612173e-05,0.00032788190959122165
31,57,-7.871286970617993e-05,0.00034858556584165397
31,58,-7.11713948205425e-05,0.00036771887323946956
31,59,-6.206960201036803e-05,0.00038483153246428184
31,60,-5.15482608838843e-05,0.00039949902185010326
31,61,-3.9807245999089616e-05,0.00041134154199059267
31,62,-2.7099480105552444e-05,0.00042004194163606286
31,63,-1.372133354582188e-05,0.0004253613399204783
32,0,0.0,-0.0003398384058193382
32,1,1.0576835793265216e-05,-0.0003384587453844869
32,2,2.0897328489366022e-05,-0.00033435725582985635
32,3,3.0716674004525594e-05,-0.0003276445227149396
32,4,3.9812338022050784e-05,-0.00031849870417640627
32,5,4.7993250822028904e-05,-0.00030715680526098495
32,6,5.510688889095616e-05,-0.0002939034074184328
32,7,6.104386639298396e-05,-0.0002790576749393552
32,8,6.573988461997561e-05,-0.00026295953847990243
32,9,6.917511040157554e-05,-0.0002459559480944908
32,10,7.137125088366018e-05,-0.00022838800282771256
32,11,7.238674360191268e-05,-0.00021057961775101873
32,12,7.231057663048815e-05,-0.00019282820434796843
32,13,7.125529117918758e-05,-0.0001753976398256925
32,14,6.93497030301545e-05,-0.0001585136069260674
32,15,6.673181977405575e-05,-0.0001423612155179856
32,16,6.3542341194207e-05,-0.000127084682388414
32,17,5.991902446615758e-05,-0.00011278875193629664
32,18,5.599208711552051e-05,-9.954148820536982e-05
32,19,5.188071950497131e-05,-8.737805390310954e-05
32,20,4.769069247242033e-05,-7.630510795587252e-05
32,21,4.351297884571269e-05,-6.630549157441932e-05
32,22,3.9423261233647614e-05,-5.7342925430760175e-05
32,23,3.5482171751610476e-05,-4.936649982832762e-05
32,24,3.173609960775618e-05,-4.2314799477008245e-05
32,25,2.8218406291630696e-05,-3.6119560053287286e-05
32,26,2.495090172442857e-05,-3.070880212237363e-05
32,27,2.1945454569229064e-05,-2.600942763760482e-05
32,28,1.9205632846046e-05,-2.194929468119543e-05
32,29,1.6728294557173923e-05,-1.84588077872264e-05
32,30,1.450507037404987e-05,-1.5472075065653194e-05
32,31,1.2523700364834788e-05,-1.2927690699184296e-05
32,32,-1.0769203588137129e-05,-1.0769203588137129e-05
32,33,-1.2523700364834788e-05,-1.2927690699184296e-05
32,34,-1.450507037404987e-05,-1.5472075065653194e-05
32,35,-1.6728294557173923e-05,-1.84588077872264e-05
32,36,-1.9205632846046e-05,-2.194929468119543e-05
32,37,-2.1945454569229064e-05,-2.600942763760482e-05
32,38,-2.495090172442857e-05,-3.070880212237363e-05
32,39,-2.8218406291630696e-05,-3.6119560053287286e-05
32,40,-3.173609960775618e-05,-4.2314799477008245e-05
32,41,-3.5482171751610476e-05,-4.936649982832762e-05
32,42,-3.9423261233647614e-05,-5.7342925430760175e-05
32,43,-4.351297884571269e-05,-6.630549157441932e-05
32,44,-4.769069247242033e-05,-7.630510795587252e-05
32,45,-5.188071950497131e-05,-8.737805390310954e-05
32,46,-5.599208711552051e-05,-9.954148820536982e-05
32,47,-5.991902446615758e-05,-0.00011278875193629664
32,48,-6.3542341194207e-05,-0.000127084682388414
32,49,-6.673181977405575e-05,-0.0001423612155179856
32,50,-6.93497030301545e-05,-0.0001585136069260674
32,51,-7.125529117918758e-05,-0.0001753976398256925
32,52,-7.231057663048815e-05,-0.00019282820434796843
32,53,-7.238674360191268e-05,-0.00021057961775101873
32,54,-7.137125088366018e-05,-0.00022838800282771256
32,55,-6.917511040157554e-05,-0.0002459559480944908
32,56,-6.573988461997561e-05,-0.00026295953847990243
32,57,-6.104386639298396e-05,-0.0002790576749393552
32,58,-5.510688889095616e-05,-0.0002939034074184328
32,59,-4.7993250822028904e-05,-0.00030715680526098495
32,60,-3.9812338022050784e-05,-0.00031849870417640627
32,61,-3.0716674004525594e-05,-0.0003276445227149396
32,62,-2.0897328489366022e-05,-0.00033435725582985635
32,63,-1.0576835793265216e-05,-0.0003384587453844869
33,0,0.0,-0.00042715126282078203
33,1,1.372133354582188e-05,-0.0004253613399204783
33,2,2.7099480105552444e-05,-0.00042004194163606286
33,3,3.9807245999089616e-05,-0.00041134154199059267
33,4,5.15482608838843e-05,-0.00039949902185010326
33,5,6.206960201036803e-05,-0.00038483153246428184
33,6,7.11713948205425e-05,-0.00036771887323946956
33,7,7.871286970617993e-05,-0.00034858556584165397
33,8,8.461468634612173e-05,-0.00032788190959122165
33,9,8.885766159529509e-05,-0.0003060652788282386
33,10,9.147831804800161e-05,-0.00028358278594880495
33,11,9.256188134476198e-05,-0.00026085621106251096
33,12,9.223348053543406e-05,-0.00023826982471653795
33,13,9.06483454920653e-05,-0.00021616143925030955
33,14,8.798175752206296e-05,-0.00019481674879885373
33,15,8.441941075855866e-05,-0.00017446678223435457
33,16,8.014870342027406e-05,-0.00015528811287678098
33,17,7.535132093067137e-05,-0.00013740534993240074
33,18,7.019731609747394e-05,-0.00012089537772342735
33,19,6.4840749817713e-05,-0.00010579280233416333
33,20,5.941683883894418e-05,-9.209610020036349e-05
33,21,5.4040469815507364e-05,-7.977402687051085e-05
33,22,4.8805881890093095e-05,-6.877192448149483e-05
33,23,4.3787290793649935e-05,-5.9017652808832525e-05
33,24,3.90402214684513e-05,-5.042695273008293e-05
33,25,3.460332799733561e-05,-4.290812671669615e-05
33,26,3.050050357171649e-05,-3.6365985027815806e-05
33,27,2.6743114245011693e-05,-3.070505709612453e-05
33,28,2.333222403603875e-05,-2.5832105182757187e-05
33,29,2.026071230683147e-05,-2.1658002810750888e-05
33,30,1.7515214975798303e-05,-1.809905547499158e-05
33,31,1.5077847666978476e-05,-1.5077847666978476e-05
33,32,-1.2927690699184296e-05,-1.2523700364834788e-05
33,33,-1.5077847666978476e-05,-1.5077847666978476e-05
33,34,-1.7515214975798303e-05,-1.809905547499158e-05
33,35,-2.026071230683147e-05,-2.1658002810750888e-05
33,36,-2.333222403603875e-05,-2.5832105182757187e-05
33,37,-2.6743114245011693e-05,-3.070505709612453e-05
33,38,-3.050050357171649e-05,-3.6365985027815806e-05
33,39,-3.460332799733561e-05,-4.290812671669615e-05
33,40,-3.90402214684513e-05,-5.042695273008293e-05
33,41,-4.3787290793649935e-05,-5.9017652808832525e-05
33,42,-4.8805881890093095e-05,-6.877192448149483e-05
33,43,-5.4040469815507364e-05,-7.977402687051085e-05
33,44,-5.941683883894418e-05,-9.209610020036349e-05
33,45,-6.4840749817713e-05,-0.00010579280233416333
33,46,-7.019731609747394e-05,-0.00012089537772342735
33,47,-7.535132093067137e-05,-0.00013740534993240074
33,48,-8.014870342027406e-05,-0.00015528811287678098
33,49,-8.441941075855866e-05,-0.00017446678223435457
33,50,-8.798175752206296e-05,-0.00019481674879885373
33,51,-9.06483454920653e-05,-0.00021616143925030955
33,52,-9.223348053543406e-05,-0.00023826982471653795
33,53,-9.256188134476198e-05,-0.00026085621106251096
33,54,-9.147831804800161e-05,-0.00028358278594880495
33,55,-8.885766159529509e-05,-0.0003060652788282386
33,56,-8.461468634612173e-05,-0.00032788190959122165
33,57,-7.871286970617993e-05,-0.00034858556584165397
33,58,-7.11713948205425e-05,-0.00036771887323946956
33,59,-6.206960201036803e-05,-0.00038483153246428184
33,60,-5.15482608838843e-05,-0.00039949902185010326
33,61,-3.9807245999089616e-05,-0.00041134154199059267
33,62,-2.7099480105552444e-05,-0.00042004194163606286
33,63,-1.372133354582188e-05,-0.0004253613399204783
34,0,0.0,-0.0005363382577003512
34,1,1.7800536287360076e-05,-0.0005340160886208022
34,2,3.5141155851867945e-05,-0.0005271173377780192
34,3,5.15841584118807e-05,-0.0005158415841188069
34,4,6.673459628858393e-05,-0.0005005094721643794
34,5,8.025763191800624e-05,-0.00048154579150803744
34,6,9.189155551683894e-05,-0.00045945777758419476
34,7,0.00010145574592432424,-0.00043481033967567533
34,8,0.0001088533480444562,-0.0004082000551667107
34,9,0.00011406891410120268,-0.0003802297136706756
34,10,0.00011716165851010692,-0.00035148497553032064
34,11,0.0001182552687842514,-0.0003225143694115947
34,12,0.0001175253784184279,-0.00029381344604606974
34,13,0.00011518584261375887,-0.0002658134829548281
34,14,0.00011147488076242092,-0.00023887474449090195
34,15,0.00010664198845838766,-0.00021328397691677532
34,16,0.00010093630897663431,-0.00018925557933118932
34,17,9.459692164099742e-05,-0.00016693574407234839
34,18,8.784527957113839e-05,-0.00014640879928523064
34,19,8.087983215978242e-05,-0.00012770499814702485
34,20,7.387271060998812e-05,-0.00011080906591498222
34,21,6.696824294264269e-05,-9.566891848948959e-05
34,22,6.0282997081971326e-05,-8.220408692996088e-05
34,23,5.3907021752693455e-05,-7.031350663394797e-05
34,24,4.7905957363121745e-05,-5.988244670390218e-05
34,25,4.23237143062662e-05,-5.078845716751944e-05
34,26,3.7185455972526023e-05,-4.290629535291466e-05
34,27,3.2500671068691403e-05,-3.611185674299045e-05
34,28,2.826616886258817e-05,-3.0285180924201614e-05
34,29,2.446887756017066e-05,-2.531263195879723e-05
34,30,2.1088367471390887e-05,-2.1088367471390887e-05
34,31,1.809905547499158e-05,-1.7515214975798303e-05
34,32,-1.5472075065653194e-05,-1.450507037404987e-05
34,33,-1.809905547499158e-05,-1.7515214975798303e-05
34,34,-2.1088367471390887e-05,-2.1088367471390887e-05
34,35,-2.446887756017066e-05,-2.531263195879723e-05
34,36,-2.826616886258817e-05,-3.0285180924201614e-05
34,37,-3.2500671068691403e-05,-3.611185674299045e-05
34,38,-3.7185455972526023e-05,-4.290629535291466e-05
34,39,-4.23237143062662e-05,-5.078845716751944e-05
34,40,-4.7905957363121745e-05,-5.988244670390218e-05
34,41,-5.3907021752693455e-05,-7.031350663394797e-05
34,42,-6.0282997081971326e-05,-8.220408692996088e-05
34,43,-6.696824294264269e-05,-9.566891848948959e-05
34,44,-7.387271060998812e-05,-0.00011080906591498222
34,45,-8.087983215978242e-05,-0.00012770499814702485
34,46,-8.784527957113839e-05,-0.00014640879928523064
34,47,-9.459692164099742e-05,-0.00016693574407234839
34,48,-0.00010093630897663431,-0.00018925557933118932
34,49,-0.00010664198845838766,-0.00021328397691677532
34,50,-0.00011147488076242092,-0.00023887474449090195
34,51,-0.00011518584261375887,-0.0002658134829548281
34,52,-0.0001175253784184279,-0.00029381344604606974
34,53,-0.0001182552687842514,-0.0003225143694115947
34,54,-0.00011716165851010692,-0.00035148497553032064
34,55,-0.00011406891410120268,-0.0003802297136706756
34,56,-0.0001088533480444562,-0.0004082000551667107
34,57,-0.00010145574592432424,-0.00043481033967567533
34,58,-9.189155551683894e-05,-0.00045945777758419476
34,59,-8.025763191800624e-05,-0.00048154579150803744
34,60,-6.673459628858393e-05,-0.0005005094721643794
34,61,-5.15841584118807e-05,-0.0005158415841188069
34,62,-3.5141155851867945e-05,-0.0005271173377780192
34,63,-1.7800536287360076e-05,-0.0005340160886208022
35,0,0.0,-0.0006726870101428018
35,1,2.3092218890376783e-05,-0.0006696743478209267
35,2,4.556742238847638e-05,-0.0006607276246329074
35,3,6.683952967239552e-05,-0.0006461154534998233
35,4,8.638189259997326e-05,-0.0006262687213498062
35,5,0.00010375119640053702,-0.0006017569391231145
35,6,0.0001186051107463121,-0.0005732580352738418
35,7,0.00013071270493458242,-0.000541524063300413
35,8,0.00013995736889379454,-0.0005073454622400053
35,9,0.00014633267503342775,-0.0004715163973299339
35,10,0.00014993219246963208,-0.00043480335816193305
35,11,0.00015093466900404067,-0.0003979186728288346
35,12,0.00014958620307119866,-0.00036149999075539677
35,13,0.00014618104374004842,-0.00032609617449703114
35,14,0.00014104251195178914,-0.0002921594890429918
35,15,0.00013450527574773713,-0.00026004353311229184
35,16,0.00012689988692878487,-0.00023000604505842264
35,17,0.00011854014410500846,-0.00020221553994383796
35,18,0.00010971352637395611,-0.0001767606813802626
35,19,0.00010067467004739202,-0.0001536613384933878
35,20,9.164165280541743e-05,-0.00013288039656785526
35,21,8.279470943276948e-05,-0.00011433555112144359
35,22,7.427692660739021e-05,-9.791049416428712e-05
35,23,6.61964413657946e-05,-8.346507824382796e-05
35,24,5.862968645694673e-05,-7.084420446881062e-05
35,25,5.1625272910942605e-05,-5.988531657669343e-05
35,26,4.520816394647042e-05,-5.042449055567856e-05
35,27,3.938386496080279e-05,-4.2301188291232636e-05
35,28,3.4142424294882255e-05,-3.536179659112805e-05
35,29,2.9462103605776095e-05,-2.9462103605776095e-05
35,30,2.531263195879723e-05,-2.446887756017066e-05
35,31,2.1658002810750888e-05,-2.026071230683147e-05
35,32,-1.84588077872264e-05,-1.6728294557173923e-05
35,33,-2.1658002810750888e-05,-2.026071230683147e-05
35,34,-2.531263195879723e-05,-2.446887756017066e-05
35,35,-2.9462103605776095e-05,-2.9462103605776095e-05
35,36,-3.4142424294882255e-05,-3.536179659112805e-05
35,37,-3.938386496080279e-05,-4.2301188291232636e-05
35,38,-4.520816394647042e-05,-5.042449055567856e-05
35,39,-5.1625272910942605e-05,-5.988531657669343e-05
35,40,-5.862968645694673e-05,-7.084420446881062e-05
35,41,-6.61964413657946e-05,-8.346507824382796e-05
35,42,-7.427692660739021e-05,-9.791049416428712e-05
35,43,-8.279470943276948e-05,-0.00011433555112144359
35,44,-9.164165280541743e-05,-0.00013288039656785526
35,45,-0.00010067467004739202,-0.0001536613384933878
35,46,-0.00010971352637395611,-0.0001767606813802626
35,47,-0.00011854014410500846,-0.00020221553994383796
35,48,-0.00012689988692878487,-0.00023000604505842264
35,49,-0.00013450527574773713,-0.00026004353311229184
35,50,-0.00014104251195178914,-0.0002921594890429918
35,51,-0.00014618104374004842,-0.00032609617449703114
35,52,-0.00014958620307119866,-0.00036149999075539677
35,53,-0.00015093466900404067,-0.0003979186728288346
35,54,-0.00014993219246963208,-0.00043480335816193305
35,55,-0.00014633267503342775,-0.0004715163973299339
35,56,-0.00013995736889379454,-0.0005073454622400053
35,57,-0.00013071270493458242,-0.000541524063300413
35,58,-0.0001186051107463121,-0.0005732580352738418
35,59,-0.00010375119640053702,-0.0006017569391231145
35,60,-8.638189259997326e-05,-0.0006262687213498062
35,61,-6.683952967239552e-05,-0.0006461154534998233
35,62,-4.556742238847638e-05,-0.0006607276246329074
35,63,-2.3092218890376783e-05,-0.0006696743478209267
36,0,0.0,-0.0008426953473752866
36,1,2.9956675138551736e-05,-0.0008387869038794487
36,2,5.9084619621631644e-05,-0.000827184674702843
36,3,8.659828658605126e-05,-0.0008082506748031452
36,4,0.00011179494912436608,-0.0007825646438705625
36,5,0.00013408766091370876,-0.0007508909011167694
36,6,0.0001530291853210447,-0.0007141361981648753
36,7,0.0001683255402265548,-0.0006733021609062192
36,8,0.00017983889071479888,-0.0006294361175017961
36,9,0.00018758053869034322,-0.0005835838981477344
36,10,0.00019169558364250412,-0.0005367476341990115
36,11,0.00019244138222896754,-0.000489850791128281
36,12,0.0001901621867809043,-0.0004437117691554433
36,13,0.0001852623120416925,-0.0003990265182436454
36,14,0.0001781799188420096,-0.0003563598376840192
36,15,0.00016936308661514202,-0.0003161444283482651
36,16,0.00015924935208820314,-0.00027868636615435553
36,17,0.00014824938981153246,-0.00024417546557193583
36,18,0.0001367350562095132,-0.00021269897632590946
36,19,0.00012503164803966734,-0.00018425716553214141
36,20,0.00011341395517307949,-0.00015877953724231122
36,21,0.00010210551736571403,-0.00013614068982095202
36,22,9.128041478728078e-05,-0.00011617507336563012
36,23,8.10669154542132e-05,-9.869015794425955e-05
36,24,7.155234970437808e-05,-8.347774132177442e-05
36,25,6.278866324300836e-05,-7.032330283216937e-05
36,26,5.479819932835045e-05,-5.901344543053125e-05
36,27,4.7579364074327225e-05,-4.934156274374676e-05
36,28,4.1111927081494926e-05,-4.1111927081494926e-05
36,29,3.536179659112805e-05,-3.4142424294882255e-05
36,30,3.0285180924201614e-05,-2.826616886258817e-05
36,31,2.5832105182757187e-05,-2.333222403603875e-05
36,32,-2.194929468119543e-05,-1.9205632846046e-05
36,33,-2.5832105182757187e-05,-2.333222403603875e-05
36,34,-3.0285180924201614e-05,-2.826616886258817e-05
36,35,-3.536179659112805e-05,-3.4142424294882255e-05
36,36,-4.1111927081494926e-05,-4.1111927081494926e-05
36,37,-4.7579364074327225e-05,-4.934156274374676e-05
36,38,-5.479819932835045e-05,-5.901344543053125e-05
36,39,-6.278866324300836e-05,-7.032330283216937e-05
36,40,-7.155234970437808e-05,-8.347774132177442e-05
36,41,-8.10669154542132e-05,-9.869015794425955e-05
36,42,-9.128041478728078e-05,-0.00011617507336563012
36,43,-0.00010210551736571403,-0.00013614068982095202
36,44,-0.00011341395517307949,-0.00015877953724231122
36,45,-0.00012503164803966734,-0.00018425716553214141
36,46,-0.0001367350562095132,-0.00021269897632590946
36,47,-0.00014824938981153246,-0.00024417546557193583
36,48,-0.00015924935208820314,-0.00027868636615435553
36,49,-0.00016936308661514202,-0.0003161444283482651
36,50,-0.0001781799188420096,-0.0003563598376840192
36,51,-0.0001852623120416925,-0.0003990265182436454
36,52,-0.0001901621867809043,-0.0004437117691554433
36,53,-0.00019244138222896754,-0.000489850791128281
36,54,-0.00019169558364250412,-0.0005367476341990115
36,55,-0.00018758053869034322,-0.0005835838981477344
36,56,-0.00017983889071479888,-0.0006294361175017961
36,57,-0.0001683255402265548,-0.0006733021609062192
36,58,-0.0001530291853210447,-0.0007141361981648753
36,59,-0.00013408766091370876,-0.0007508909011167694
36,60,-0.00011179494912436608,-0.0007825646438705625
36,61,-8.659828658605126e-05,-0.0008082506748031452
36,62,-5.9084619621631644e-05,-0.000827184674702843
36,63,-2.9956675138551736e-05,-0.0008387869038794487
37,0,0.0,-0.0010543234116064887
37,1,3.886121773729448e-05,-0.001049252878906951
37,2,7.660796890150683e-05,-0.0010342075801703424
37,3,0.00011218623553930124,-0.0010096761198537109
37,4,0.00014465770829758448,-0.0009764395310086954
37,5,0.00017324531263162484,-0.0009355246882107743
37,6,0.00019736563429571165,-0.0008881453543307023
37,7,0.0002166463964587929,-0.0008356361006267724
37,8,0.00023092876422947005,-0.0007793845792744613
37,9,0.00024025574723989993,-0.0007207672417196997
37,10,0.0002448491505870795,-0.0006610927065851146
37,11,0.00024507827546545023,-0.0006015557670515596
37,12,0.0002414238615495203,-0.0005432036884864207
37,13,0.00023444063473954054,-0.0004869151644590458
37,14,0.0002247213693704175,-0.0004333912123572338
37,15,0.00021286471256080612,-0.0003831564826094511
37,16,0.00019944827076159827,-0.00033656895691019706
37,17,0.00018500772839812448,-0.0002938358039264329
37,18,0.00017002213155413234,-0.0002550331973311985
37,19,0.00015490497054640662,-0.0002201281160396305
37,20,0.00014000035007869955,-0.0001890004726062444
37,21,0.00012558333816325146,-0.0001614642919241805
37,22,0.00011186351404478215,-0.0001372870399640508
37,23,9.899076223716511e-05,-0.00011620654697406339
37,24,8.706245405612042e-05,-9.794526081313549e-05
37,25,7.613129169253014e-05,-8.222179502793255e-05
37,26,6.621323973188037e-05,-6.875990279849115e-05
37,27,5.729511767557389e-05,-5.729511767557389e-05
37,28,4.934156274374676e-05,-4.7579364074327225e-05
37,29,4.2301188291232636e-05,-3.938386496080279e-05
37,30,3.611185674299045e-05,-3.2500671068691403e-05
37,31,3.070505709612453e-05,-2.6743114245011693e-05
37,32,-2.600942763760482e-05,-2.1945454569229064e-05
37,33,-3.070505709612453e-05,-2.6743114245011693e-05
37,34,-3.611185674299045e-05,-3.2500671068691403e-05
37,35,-4.2301188291232636e-05,-3.938386496080279e-05
37,36,-4.934156274374676e-05,-4.7579364074327225e-05
37,37,-5.729511767557389e-05,-5.729511767557389e-05
37,38,-6.621323973188037e-05,-6.875990279849115e-05
37,39,-7.613129169253014e-05,-8.222179502793255e-05
37,40,-8.706245405612042e-05,-9.794526081313549e-05
37,41,-9.899076223716511e-05,-0.00011620654697406339
37,42,-0.00011186351404478215,-0.0001372870399640508
37,43,-0.00012558333816325146,-0.0001614642919241805
37,44,-0.00014000035007869955,-0.0001890004726062444
37,45,-0.00015490497054640662,-0.0002201281160396305
37,46,-0.00017002213155413234,-0.0002550331973311985
37,47,-0.00018500772839812448,-0.0002938358039264329
37,48,-0.00019944827076159827,-0.00033656895691019706
37,49,-0.00021286471256080612,-0.0003831564826094511
37,50,-0.0002247213693704175,-0.0004333912123572338
37,51,-0.00023444063473954054,-0.0004869151644590458
37,52,-0.0002414238615495203,-0.0005432036884864207
37,53,-0.00024507827546545023,-0.0006015557670515596
37,54,-0.0002448491505870795,-0.0006610927065851146
37,55,-0.00024025574723989993,-0.0007207672417196997
37,56,-0.00023092876422947005,-0.0007793845792744613
37,57,-0.0002166463964587929,-0.0008356361006267724
37,58,-0.00019736563429571165,-0.0008881453543307023
37,59,-0.00017324531263162484,-0.0009355246882107743
37,60,-0.00014465770829758448,-0.0009764395310086954
37,61,-0.00011218623553930124,-0.0010096761198537109
37,62,-7.660796890150683e-05,-0.0010342075801703424
37,63,-3.886121773729448e-05,-0.001049252878906951
38,0,0.0,-0.0013172886668087961
38,1,5.041194559237406e-05,-0.001310710585401725
38,2,9.932318219715093e-05,-0.001291201368562962
38,3,0.00014531786649808016,-0.001259421509650028
38,4,0.00018714226122506505,-0.001216424697962923
38,5,0.00022376771831415576,-0.0011635921352336097
38,6,0.0002544345827366852,-0.0011025498585256358
38,7,0.00027867450850649876,-0.0010350767458812812
38,8,0.00029631111796608905,-0.0009630111333897896
38,9,0.000307441137393395,-0.0008881632858031412
38,10,0.00031239982468858526,-0.0008122395441903217
38,11,0.00031171550995219555,-0.0007367821144324622
38,12,0.0003060583706420894,-0.0006631264697245271
38,13,0.0002961882455250965,-0.000592376491050193
38,14,0.00028290551630149105,-0.0005253959588456262
38,15,0.0002670080443104011,-0.00046281394347136203
38,16,0.0002492560265900809,-0.00040504104320888143
38,17,0.00023034558089719573,-0.0003522932413721817
38,18,0.00021089098531819244,-0.0003046203121262779
38,19,0.00019141483764885674,-0.0002619360936247513
38,20,0.0001723449731578399,-0.0002240484651051919
38,21,0.00015401676609030617,-0.00019068742468323618
38,22,0.00013667940116338415,-0.00016153020137490854
38,23,0.00012050478965124978,-0.00013622280569271713
38,24,0.00010559797448725373,-0.00011439780569452487
38,25,9.200808018831949e-05,-9.568840339585225e-05
38,26,7.973908504156864e-05,-7.973908504156864e-05
38,27,6.875990279849115e-05,-6.621323973188037e-05
38,28,5.901344543053125e-05,-5.479819932835045e-05
38,29,5.042449055567856e-05,-4.520816394647042e-05
38,30,4.290629535291466e-05,-3.7185455972526023e-05
38,31,3.6365985027815806e-05,-3.050050357171649e-05
38,32,-3.070880212237363e-05,-2.495090172442857e-05
38,33,-3.6365985027815806e-05,-3.050050357171649e-05
38,34,-4.290629535291466e-05,-3.7185455972526023e-05
38,35,-5.042449055567856e-05,-4.520816394647042e-05
38,36,-5.901344543053125e-05,-5.479819932835045e-05
38,37,-6.875990279849115e-05,-6.621323973188037e-05
38,38,-7.973908504156864e-05,-7.973908504156864e-05
38,39,-9.200808018831949e-05,-9.568840339585225e-05
38,40,-0.00010559797448725373,-0.00011439780569452487
38,41,-0.00012050478965124978,-0.00013622280569271713
38,42,-0.00013667940116338415,-0.00016153020137490854
38,43,-0.00015401676609030617,-0.00019068742468323618
38,44,-0.0001723449731578399,-0.0002240484651051919
38,45,-0.00019141483764885674,-0.0002619360936247513
38,46,-0.00021089098531819244,-0.0003046203121262779
38,47,-0.00023034558089719573,-0.0003522932413721817
38,48,-0.0002492560265900809,-0.00040504104320888143
38,49,-0.0002670080443104011,-0.00046281394347136203
38,50,-0.00028290551630149105,-0.0005253959588456262
38,51,-0.0002961882455250965,-0.000592376491050193
38,52,-0.0003060583706420894,-0.0006631264697245271
38,53,-0.00031171550995219555,-0.0007367821144324622
38,54,-0.00031239982468858526,-0.0008122395441903217
38,55,-0.000307441137393395,-0.0008881632858031412
38,56,-0.00029631111796608905,-0.0009630111333897896
38,57,-0.00027867450850649876,-0.0010350767458812812
38,58,-0.0002544345827366852,-0.0011025498585256358
38,59,-0.00022376771831415576,-0.0011635921352336097
38,60,-0.00018714226122506505,-0.001216424697962923
38,61,-0.00014531786649808016,-0.001259421509650028
38,62,-9.932318219715093e-05,-0.001291201368562962
38,63,-5.041194559237406e-05,-0.001310710585401725
39,0,0.0,-0.0016434070187568298
39,1,6.539493047790412e-05,-0.0016348732619476032
39,2,0.00012876616252158532,-0.0016095770315198172
39,3,0.00018820952294224764,-0.0015684126911853973
39,4,0.00024204862440204368,-0.0015128039025127731
39,5,0.00028892214160513316,-0.0014446107080256657
39,6,0.00032784318248544025,-0.001366013260356001
39,7,0.0003582273779787412,-0.0012793834927812186
39,8,0.0003798899960425642,-0.0011871562376330126
39,9,0.00039301563470680554,-0.001091710096407793
39,10,0.0003981064407235698,-0.0009952661018089242
39,11,0.0003959161183658137,-0.0008998093599223038
39,12,0.0003873772339647102,-0.000807035904093146
39,13,0.0003735286550877079,-0.0007183243367071304
39,14,0.0003554486628582827,-0.0006347297551040763
39,15,0.0003341976483619776,-0.0005569960806032959
39,16,0.0003107726286621258,-0.0004855822322845716
39,17,0.0002860743085272629,-0.00042069751254009255
39,18,0.0002608862038054052,-0.00036234194972972945
39,19,0.00023586448763939852,-0.0003103480100518401
39,20,0.00021153671586530436,-0.0002644208948316304
39,21,0.00018830738604683203,-0.00022417545957956192
39,22,0.00016646831725698698,-0.00018916854233748523
39,23,0.00014621203122797057,-0.000158926120899968
39,24,0.00012764660208835994,-0.00013296521050870826
39,25,0.00011081076607451676,-0.00011081076607451676
39,26,9.568840339585225e-05,-9.200808018831949e-05
39,27,8.222179502793255e-05,-7.613129169253014e-05
39,28,7.032330283216937e-05,-6.278866324300836e-05
39,29,5.988531657669343e-05,-5.1625272910942605e-05
39,30,5.078845716751944e-05,-4.23237143062662e-05
39,31,4.290812671669615e-05,-3.460332799733561e-05
39,32,-3.6119560053287286e-05,-2.8218406291630696e-05
39,33,-4.290812671669615e-05,-3.460332799733561e-05
39,34,-5.078845716751944e-05,-4.23237143062662e-05
39,35,-5.988531657669343e-05,-5.1625272910942605e-05
39,36,-7.032330283216937e-05,-6.278866324300836e-05
39,37,-8.222179502793255e-05,-7.613129169253014e-05
39,38,-9.568840339585225e-05,-9.200808018831949e-05
39,39,-0.00011081076607451676,-0.00011081076607451676
39,40,-0.00012764660208835994,-0.00013296521050870826
39,41,-0.00014621203122797057,-0.000158926120899968
39,42,-0.00016646831725698698,-0.00018916854233748523
39,43,-0.00018830738604683203,-0.00022417545957956192
39,44,-0.00021153671586530436,-0.0002644208948316304
39,45,-0.00023586448763939852,-0.0003103480100518401
39,46,-0.0002608862038054052,-0.00036234194972972945
39,47,-0.0002860743085272629,-0.00042069751254009255
39,48,-0.0003107726286621258,-0.0004855822322845716
39,49,-0.0003341976483619776,-0.0005569960806032959
39,50,-0.0003554486628582827,-0.0006347297551040763
39,51,-0.0003735286550877079,-0.0007183243367071304
39,52,-0.0003873772339647102,-0.000807035904093146
39,53,-0.0003959161183658137,-0.0008998093599223038
39,54,-0.0003981064407235698,-0.0009952661018089242
39,55,-0.00039301563470680554,-0.001091710096407793
39,56,-0.0003798899960425642,-0.0011871562376330126
39,57,-0.0003582273779787412,-0.0012793834927812186
39,58,-0.00032784318248544025,-0.001366013260356001
39,59,-0.00028892214160513316,-0.0014446107080256657
39,60,-0.00024204862440204368,-0.0015128039025127731
39,61,-0.00018820952294224764,-0.0015684126911853973
39,62,-0.00012876616252158532,-0.0016095770315198172
39,63,-6.539493047790412e-05,-0.0016348732619476032
40,0,0.0,-0.002046981378215805
40,1,8.482961061674252e-05,-0.0020359106548018206
40,2,0.0001669260659625796,-0.002003112791550956
40,3,0.00024372513172279261,-0.001949801053782341
40,4,0.00031298368050562263,-0.0018779020830337358
40,5,0.00037290082970699507,-0.001789923982593576
40,6,0.00042219807981689396,-0.0016887923192675759
40,7,0.0004601539652519124,-0.0015776707380065567
40,8,0.00048659431207253467,-0.0014597829362176036
40,9,0.0005018439975129547,-0.0013382506600345457
40,10,0.0005066494872341524,-0.0012159587693619657
40,11,0.0005020831023080281,-0.0010954540413993343
40,12,0.0004894399989528515,-0.000978879997905703
40,13,0.00047013755196714964,-0.0008679462497855069
40,14,0.0004456246815729227,-0.0007639280255535818
40,15,0.00041730613946601696,-0.000667689823145627
40,16,0.00038648429108766285,-0.0005797264366314942
40,17,0.0003543187953039816,-0.0005002147698409152
40,18,0.0003218029546202107,-0.00042907060616028097
40,19,0.00028975443574342244,-0.0003660056030443231
40,20,0.0002588175015155311,-0.0003105810018186373
40,21,0.00022947375821804825,-0.00026225572367776943
40,22,0.00020205859260017254,-0.00022042755556382464
40,23,0.00017678083769291525,-0.00018446696107086812
40,24,0.00015374366824281318,-0.00015374366824281318
40,25,0.00013296521050870826,-0.00012764660208835994
40,26,0.00011439780569452487,-0.00010559797448725373
40,27,9.794526081313549e-05,-8.706245405612042e-05
40,28,8.347774132177442e-05,-7.155234970437808e-05
40,29,7.084420446881062e-05,-5.862968645694673e-05
40,30,5.988244670390218e-05,-4.7905957363121745e-05
40,31,5.042695273008293e-05,-3.90402214684513e-05
40,32,-4.2314799477008245e-05,-3.173609960775618e-05
40,33,-5.042695273008293e-05,-3.90402214684513e-05
40,34,-5.988244670390218e-05,-4.7905957363121745e-05
40,35,-7.084420446881062e-05,-5.862968645694673e-05
40,36,-8.347774132177442e-05,-7.155234970437808e-05
40,37,-9.794526081313549e-05,-8.706245405612042e-05
40,38,-0.00011439780569452487,-0.00010559797448725373
40,39,-0.00013296521050870826,-0.00012764660208835994
40,40,-0.00015374366824281318,-0.00015374366824281318
40,41,-0.00017678083769291525,-0.00018446696107086812
40,42,-0.00020205859260017254,-0.00022042755556382464
40,43,-0.00022947375821804825,-0.00026225572367776943
40,44,-0.0002588175015155311,-0.0003105810018186373
40,45,-0.00028975443574342244,-0.0003660056030443231
40,46,-0.0003218029546202107,-0.00042907060616028097
40,47,-0.0003543187953039816,-0.0005002147698409152
40,48,-0.00038648429108766285,-0.0005797264366314942
40,49,-0.00041730613946601696,-0.000667689823145627
40,50,-0.0004456246815729227,-0.0007639280255535818
40,51,-0.00047013755196714964,-0.0008679462497855069
40,52,-0.0004894399989528515,-0.000978879997905703
40,53,-0.0005020831023080281,-0.0010954540413993343
40,54,-0.0005066494872341524,-0.0012159587693619657
40,55,-0.0005018439975129547,-0.0013382506600345457
40,56,-0.00048659431207253467,-0.0014597829362176036
40,57,-0.0004601539652519124,-0.0015776707380065567
40,58,-0.00042219807981689396,-0.0016887923192675759
40,59,-0.00037290082970699507,-0.001789923982593576
40,60,-0.00031298368050562263,-0.0018779020830337358
40,61,-0.00024372513172279261,-0.001949801053782341
40,62,-0.0001669260659625796,-0.002003112791550956
40,63,-8.482961061674252e-05,-0.0020359106548018206
41,0,0.0,-0.0025452357078771513
41,1,0.00011003800056966505,-0.002530874013102296
41,2,0.00021637850753680372,-0.0024883528366732425
41,3,0.0003155636525911416,-0.0024193213365320855
41,4,0.00040458980328208095,-0.0023263913688719652
41,5,0.0004810759741878555,-0.0022129494812641354
41,6,0.0005433717049814171,-0.002082924869095432
41,7,0.0005905985507588864,-0.001940538095350627
41,8,0.0006226278316319413,-0.0017900550159418319
41,9,0.000640004386124658,-0.0016355667645407928
41,10,0.0006438308126079267,-0.0014808108689982318
41,11,0.0006356287115312929,-0.0013290418513836125
41,12,0.0006171929629482217,-0.0011829531789840917
41,13,0.0005904526868375816,-0.0010446470613280291
41,14,0.0005573490170129975,-0.0009156448136642104
41,15,0.0005197359378948745,-0.0007969284381054743
41,16,0.0004793068022168278,-0.0006890035281866899
41,17,0.00043754616849594997,-0.0005919742279651087
41,18,0.0003957044564747302,-0.0005056223610510442
41,19,0.00035479162767958086,-0.0004294846019279138
41,20,0.00031558554912861184,-0.0003629233814979036
41,21,0.00027865072199362734,-0.00030518888599302034
41,22,0.00024436346936884305,-0.00025547089979469957
41,23,0.00021294030987920005,-0.00021294030987920005
41,24,0.00018446696107086812,-0.00017678083769291525
41,25,0.000158926120899968,-0.00014621203122797057
41,26,0.00013622280569271713,-0.00012050478965124978
41,27,0.00011620654697406339,-9.899076223716511e-05
41,28,9.869015794425955e-05,-8.10669154542132e-05
41,29,8.346507824382796e-05,-6.61964413657946e-05
41,30,7.031350663394797e-05,-5.3907021752693455e-05
41,31,5.9017652808832525e-05,-4.3787290793649935e-05
41,32,-4.936649982832762e-05,-3.5482171751610476e-05
41,33,-5.9017652808832525e-05,-4.3787290793649935e-05
41,34,-7.031350663394797e-05,-5.3907021752693455e-05
41,35,-8.346507824382796e-05,-6.61964413657946e-05
41,36,-9.869015794425955e-05,-8.10669154542132e-05
41,37,-0.00011620654697406339,-9.899076223716511e-05
41,38,-0.00013622280569271713,-0.00012050478965124978
41,39,-0.000158926120899968,-0.00014621203122797057
41,40,-0.00018446696107086812,-0.00017678083769291525
41,41,-0.00021294030987920005,-0.00021294030987920005
41,42,-0.00024436346936884305,-0.00025547089979469957
41,43,-0.00027865072199362734,-0.00030518888599302034
41,44,-0.00031558554912861184,-0.0003629233814979036
41,45,-0.00035479162767958086,-0.0004294846019279138
41,46,-0.0003957044564747302,-0.0005056223610510442
41,47,-0.00043754616849594997,-0.0005919742279651087
41,48,-0.0004793068022168278,-0.0006890035281866899
41,49,-0.0005197359378948745,-0.0007969284381054743
41,50,-0.0005573490170129975,-0.0009156448136642104
41,51,-0.0005904526868375816,-0.0010446470613280291
41,52,-0.0006171929629482217,-0.0011829531789840917
41,53,-0.0006356287115312929,-0.0013290418513836125
41,54,-0.0006438308126079267,-0.0014808108689982318
41,55,-0.000640004386124658,-0.0016355667645407928
41,56,-0.0006226278316319413,-0.0017900550159418319
41,57,-0.0005905985507588864,-0.001940538095350627
41,58,-0.0005433717049814171,-0.002082924869095432
41,59,-0.0004810759741878555,-0.0022129494812641354
41,60,-0.00040458980328208095,-0.0023263913688719652
41,61,-0.0003155636525911416,-0.0024193213365320855
41,62,-0.00021637850753680372,-0.0024883528366732425
41,63,-0.00011003800056966505,-0.002530874013102296
42,0,0.0,-0.003158787229724495
42,1,0.0001427343891864338,-0.0031401565621015444
42,2,0.000280457624505922,-0.003085033869565142
42,3,0.00040849986529509447,-0.0029956656788306933
42,4,0.0005228362554117832,-0.0028755994047648076
42,5,0.0006203214257472323,-0.002729414273287822
42,6,0.0006988341558997553,-0.0025623919049657697
42,7,0.0007573247763788131,-0.002380163582904841
42,8,0.0007957708994650068,-0.002188369973528769
42,9,0.0008150575574721256,-0.0019923629182651953
42,10,0.0008168043887258675,-0.0017969696551969085
42,11,0.0008031647575431937,-0.0016063295150863875
42,12,0.0007766201368158641,-0.0014238035841624174
42,13,0.0007397888115234231,-0.0012519502964242542
42,14,0.0006952622753800564,-0.00109255500416866
42,15,0.0006454767793426761,-0.0009466992763692584
42,16,0.0005926222359321781,-0.000814855574406745
42,17,0.0005385866034667664,-0.0006969944280158153
42,18,0.00048493114617422065,-0.0005926936231018251
42,19,0.0004328905126905256,-0.0005012416462732401
42,20,0.00038339116728500824,-0.0004217302840135091
42,21,0.00033708205405562624,-0.0003531335804392275
42,22,0.0002943721874527526,-0.0002943721874527526
42,23,0.00025547089979469957,-0.00024436346936884305
42,24,0.00022042755556382464,-0.00020205859260017254
42,25,0.00018916854233748523,-0.00016646831725698698
42,26,0.00016153020137490854,-0.00013667940116338415
42,27,0.0001372870399640508,-0.00011186351404478215
42,28,0.00011617507336563012,-9.128041478728078e-05
42,29,9.791049416428712e-05,-7.427692660739021e-05
42,30,8.220408692996088e-05,-6.0282997081971326e-05
42,31,6.877192448149483e-05,-4.8805881890093095e-05
42,32,-5.7342925430760175e-05,-3.9423261233647614e-05
42,33,-6.877192448149483e-05,-4.8805881890093095e-05
42,34,-8.220408692996088e-05,-6.0282997081971326e-05
42,35,-9.791049416428712e-05,-7.427692660739021e-05
42,36,-0.00011617507336563012,-9.128041478728078e-05
42,37,-0.0001372870399640508,-0.00011186351404478215
42,38,-0.00016153020137490854,-0.00013667940116338415
42,39,-0.00018916854233748523,-0.00016646831725698698
42,40,-0.00022042755556382464,-0.00020205859260017254
42,41,-0.00025547089979469957,-0.00024436346936884305
42,42,-0.0002943721874527526,-0.0002943721874527526
42,43,-0.00033708205405562624,-0.0003531335804392275
42,44,-0.00038339116728500824,-0.0004217302840135091
42,45,-0.0004328905126905256,-0.0005012416462732401
42,46,-0.00048493114617422065,-0.0005926936231018251
42,47,-0.0005385866034667664,-0.0006969944280158153
42,48,-0.0005926222359321781,-0.000814855574406745
42,49,-0.0006454767793426761,-0.0009466992763692584
42,50,-0.0006952622753800564,-0.00109255500416866
42,51,-0.0007397888115234231,-0.0012519502964242542
42,52,-0.0007766201368158641,-0.0014238035841624174
42,53,-0.0008031647575431937,-0.0016063295150863875
42,54,-0.0008168043887258675,-0.0017969696551969085
42,55,-0.0008150575574721256,-0.0019923629182651953
42,56,-0.0007957708994650068,-0.002188369973528769
42,57,-0.0007573247763788131,-0.002380163582904841
42,58,-0.0006988341558997553,-0.0025623919049657697
42,59,-0.0006203214257472323,-0.002729414273287822
42,60,-0.0005228362554117832,-0.0028755994047648076
42,61,-0.00040849986529509447,-0.0029956656788306933
42,62,-0.000280457624505922,-0.003085033869565142
42,63,-0.0001427343891864338,-0.0031401565621015444
43,0,0.0,-0.003912141087770504
43,1,0.00018514156937957495,-0.003887972956971074
43,2,0.0003634781689387923,-0.0038165207738573193
43,3,0.0005286931563234952,-0.0037008520942644666
43,4,0.0006753894844339448,-0.003545794793278211
43,5,0.000799416715225182,-0.0033575502039457643
43,6,0.0008980639471392381,-0.0031432238149873334
43,7,0.0009701096980425434,-0.0029103290941276303
43,8,0.0010157397735798715,-0.0026663169056471625
43,9,0.0010363596307821658,-0.0024181724718250535
43,10,0.001034336657809047,-0.002172106981398999
43,11,0.0010127098319220001,-0.001933355133669273
43,12,0.0009749005268911705,-0.0017060759220595483
43,13,0.0009244507799578394,-0.001493343567624202
43,14,0.0008648062342685109,-0.0012972093514027662
43,15,0.0007991520630662856,-0.0011188128882927998
43,16,0.0007303026942662229,-0.0009585222862244177
43,17,0.0006606407015340063,-0.0008160855724831842
43,18,0.0005920969028871349,-0.0006907797200349908
43,19,0.0005261622512838207,-0.0005815477514189597
43,20,0.00046392207596055314,-0.00048711817975858067
43,21,0.000406104159283392,-0.000406104159283392
43,22,0.0003531335804392275,-0.00033708205405562624
43,23,0.00030518888599302034,-0.00027865072199362734
43,24,0.00026225572367776943,-0.00022947375821804825
43,25,0.00022417545957956192,-0.00018830738604683203
43,26,0.00019068742468323618,-0.00015401676609030617
43,27,0.0001614642919241805,-0.00012558333816325146
43,28,0.00013614068982095202,-0.00010210551736571403
43,29,0.00011433555112144359,-8.279470943276948e-05
43,30,9.566891848948959e-05,-6.696824294264269e-05
43,31,7.977402687051085e-05,-5.4040469815507364e-05
43,32,-6.630549157441932e-05,-4.351297884571269e-05
43,33,-7.977402687051085e-05,-5.4040469815507364e-05
43,34,-9.566891848948959e-05,-6.696824294264269e-05
43,35,-0.00011433555112144359,-8.279470943276948e-05
43,36,-0.00013614068982095202,-0.00010210551736571403
43,37,-0.0001614642919241805,-0.00012558333816325146
43,38,-0.00019068742468323618,-0.00015401676609030617
43,39,-0.00022417545957956192,-0.00018830738604683203
43,40,-0.00026225572367776943,-0.00022947375821804825
43,41,-0.00030518888599302034,-0.00027865072199362734
43,42,-0.0003531335804392275,-0.00033708205405562624
43,43,-0.000406104159283392,-0.000406104159283392
43,44,-0.00046392207596055314,-0.00048711817975858067
43,45,-0.0005261622512838207,-0.0005815477514189597
43,46,-0.0005920969028871349,-0.0006907797200349908
43,47,-0.0006606407015340063,-0.0008160855724831842
43,48,-0.0007303026942662229,-0.0009585222862244177
43,49,-0.0007991520630662856,-0.0011188128882927998
43,50,-0.0008648062342685109,-0.0012972093514027662
43,51,-0.0009244507799578394,-0.001493343567624202
43,52,-0.0009749005268911705,-0.0017060759220595483
43,53,-0.0010127098319220001,-0.001933355133669273
43,54,-0.001034336657809047,-0.002172106981398999
43,55,-0.0010363596307821658,-0.0024181724718250535
43,56,-0.0010157397735798715,-0.0026663169056471625
43,57,-0.0009701096980425434,-0.0029103290941276303
43,58,-0.0008980639471392381,-0.0031432238149873334
43,59,-0.000799416715225182,-0.0033575502039457643
43,60,-0.0006753894844339448,-0.003545794793278211
43,61,-0.0005286931563234952,-0.0037008520942644666
43,62,-0.0003634781689387923,-0.0038165207738573193
43,63,-0.00018514156937957495,-0.003887972956971074
44,0,0.0,-0.004834179040749684
44,1,0.00024014141334608024,-0.004802828266921605
44,2,0.0004710219139598368,-0.0047102191395983675
44,3,0.0006840826863474568,-0.004560551242316379
44,4,0.0008720819154990128,-0.004360409577495064
44,5,0.0010295514015811478,-0.004118205606324591
44,6,0.0011530518481897877,-0.0038435061606326257
44,7,0.0012412169302813418,-0.0035463340865181203
44,8,0.0012946070939509429,-0.0032365177348773577
44,9,0.0013154167969162043,-0.0029231484375915645
44,10,0.001307090638529458,-0.002614181277058916
44,11,0.001273904647028656,-0.002316190267324829
44,12,0.0012205612637047885,-0.002034268772841314
44,13,0.0011518337717397365,-0.0017720519565226716
44,14,0.0010722815401817774,-0.0015318307716882542
44,15,0.000986044211254098,-0.0013147256150054638
44,16,0.0008967125016853229,-0.0011208906271066535
44,17,0.0008072662415904488,-0.0009497249901064104
44,18,0.0007200664923320407,-0.0008000738803689341
44,19,0.0006368874669172971,-0.0006704078599129442
44,20,0.0005589747456218302,-0.0005589747456218302
44,21,0.00048711817975858067,-0.00046392207596055314
44,22,0.0004217302840135091,-0.00038339116728500824
44,23,0.0003629233814979036,-0.00031558554912861184
44,24,0.0003105810018186373,-0.0002588175015155311
44,25,0.0002644208948316304,-0.00021153671586530436
44,26,0.0002240484651051919,-0.0001723449731578399
44,27,0.0001890004726062444,-0.00014000035007869955
44,28,0.00015877953724231122,-0.00011341395517307949
44,29,0.00013288039656785526,-9.164165280541743e-05
44,30,0.00011080906591498222,-7.387271060998812e-05
44,31,9.209610020036349e-05,-5.941683883894418e-05
44,32,-7.630510795587252e-05,-4.769069247242033e-05
44,33,-9.209610020036349e-05,-5.941683883894418e-05
44,34,-0.00011080906591498222,-7.387271060998812e-05
44,35,-0.00013288039656785526,-9.164165280541743e-05
44,36,-0.00015877953724231122,-0.00011341395517307949
44,37,-0.0001890004726062444,-0.00014000035007869955
44,38,-0.0002240484651051919,-0.0001723449731578399
44,39,-0.0002644208948316304,-0.00021153671586530436
44,40,-0.0003105810018186373,-0.0002588175015155311
44,41,-0.0003629233814979036,-0.00031558554912861184
44,42,-0.0004217302840135091,-0.00038339116728500824
44,43,-0.00048711817975858067,-0.00046392207596055314
44,44,-0.0005589747456218302,-0.0005589747456218302
44,45,-0.0006368874669172971,-0.0006704078599129442
44,46,-0.0007200664923320407,-0.0008000738803689341
44,47,-0.0008072662415904488,-0.0009497249901064104
44,48,-0.0008967125016853229,-0.0011208906271066535
44,49,-0.000986044211254098,-0.0013147256150054638
44,50,-0.0010722815401817774,-0.0015318307716882542
44,51,-0.0011518337717397365,-0.0017720519565226716
44,52,-0.0012205612637047885,-0.002034268772841314
44,53,-0.001273904647028656,-0.002316190267324829
44,54,-0.001307090638529458,-0.002614181277058916
44,55,-0.0013154167969162043,-0.0029231484375915645
44,56,-0.0012946070939509429,-0.0032365177348773577
44,57,-0.0012412169302813418,-0.0035463340865181203
44,58,-0.0011530518481897877,-0.0038435061606326257
44,59,-0.0010295514015811478,-0.004118205606324591
44,60,-0.0008720819154990128,-0.004360409577495064
44,61,-0.0006840826863474568,-0.004560551242316379
44,62,-0.0004710219139598368,-0.0047102191395983675
44,63,-0.00024014141334608024,-0.004802828266921605
45,0,0.0,-0.005958594860854864
45,1,0.0003114698863907274,-0.005917927841423823
45,2,0.000610306571929441,-0.005797912433329689
45,3,0.0008848917732673384,-0.005604314564026475
45,4,0.0011255026083970532,-0.005346137389886003
45,5,0.001324949820428166,-0.005034809317627032
45,6,0.0014789117661070759,-0.004683220592672405
45,7,0.0015859552721140355,-0.004304735738595238
45,8,0.0016472822425298366,-0.0039122953260083615
45,9,0.0016662741244161748,-0.0035176898182119245
45,10,0.0016479210363635585,-0.003131049969090762
45,11,0.0015982197607899195,-0.002760561405000769
45,12,0.0015236096603698072,-0.0024123819622521945
45,13,0.0014304940074056456,-0.002090722010823636
45,14,0.0013248717831654902,-0.0017980402771531653
45,15,0.0012120856592008158,-0.0015353085016543667
45,16,0.0010966776540775607,-0.0013023047142171036
45,17,0.0009823352814574526,-0.001097904138099506
45,18,0.0008719071989884811,-0.0009203464878211745
45,19,0.0007674672302725391,-0.0007674672302725391
45,20,0.0006704078599129442,-0.0006368874669172971
45,21,0.0005815477514189597,-0.0005261622512838207
45,22,0.0005012416462732401,-0.0004328905126905256
45,23,0.0004294846019279138,-0.00035479162767958086
45,24,0.0003660056030443231,-0.00028975443574342244
45,25,0.0003103480100518401,-0.00023586448763939852
45,26,0.0002619360936247513,-0.00019141483764885674
45,27,0.0002201281160396305,-0.00015490497054640662
45,28,0.00018425716553214141,-0.00012503164803966734
45,29,0.0001536613384933878,-0.00010067467004739202
45,30,0.00012770499814702485,-8.087983215978242e-05
45,31,0.00010579280233416333,-6.4840749817713e-05
45,32,-8.737805390310954e-05,-5.188071950497131e-05
45,33,-0.00010579280233416333,-6.4840749817713e-05
45,34,-0.00012770499814702485,-8.087983215978242e-05
45,35,-0.0001536613384933878,-0.00010067467004739202
45,36,-0.00018425716553214141,-0.00012503164803966734
45,37,-0.0002201281160396305,-0.00015490497054640662
45,38,-0.0002619360936247513,-0.00019141483764885674
45,39,-0.0003103480100518401,-0.00023586448763939852
45,40,-0.0003660056030443231,-0.00028975443574342244
45,41,-0.0004294846019279138,-0.00035479162767958086
45,42,-0.0005012416462732401,-0.0004328905126905256
45,43,-0.0005815477514189597,-0.0005261622512838207
45,44,-0.0006704078599129442,-0.0006368874669172971
45,45,-0.0007674672302725391,-0.0007674672302725391
45,46,-0.0008719071989884811,-0.0009203464878211745
45,47,-0.0009823352814574526,-0.001097904138099506
45,48,-0.0010966776540775607,-0.0013023047142171036
45,49,-0.0012120856592008158,-0.0015353085016543667
45,50,-0.0013248717831654902,-0.0017980402771531653
45,51,-0.0014304940074056456,-0.002090722010823636
45,52,-0.0015236096603698072,-0.0024123819622521945
45,53,-0.0015982197607899195,-0.002760561405000769
45,54,-0.0016479210363635585,-0.003131049969090762
45,55,-0.0016662741244161748,-0.0035176898182119245
45,56,-0.0016472822425298366,-0.0039122953260083615
45,57,-0.0015859552721140355,-0.004304735738595238
45,58,-0.0014789117661070759,-0.004683220592672405
45,59,-0.001324949820428166,-0.005034809317627032
45,60,-0.0011255026083970532,-0.005346137389886003
45,61,-0.0008848917732673384,-0.005604314564026475
45,62,-0.000610306571929441,-0.005797912433329689
45,63,-0.0003114698863907274,-0.005917927841423823
46,0,0.0,-0.007324201487942938
46,1,0.00040396952215360714,-0.007271451398764928
46,2,0.0007906602948355127,-0.007115942653519614
46,3,0.0011442694987592057,-0.0068656169925552365
46,4,0.0014517368523190106,-0.006532815835435549
46,5,0.0017036371675942285,-0.0061330938033392225
46,6,0.0018946099844460718,-0.005683829953338214
46,7,0.0020233231838162604,-0.005202831044098955
46,8,0.002092041706991126,-0.004707093840730032
46,9,0.0021059204379583014,-0.004211840875916603
46,10,0.002072157027661277,-0.0037298826497902983
46,11,0.001999129929163358,-0.003271303520449131
46,12,0.0018956184820840157,-0.0028434277231260234
46,13,0.0017701660829454095,-0.002450999191770566
46,14,0.001630613030432763,-0.002096502467699266
46,15,0.0014837980060807884,-0.001780557607296946
46,16,0.0013354085277006368,-0.0015023345936632168
46,17,0.0011899508117444915,-0.001259947918317697
46,18,0.0010508066039024416,-0.0010508066039024416
46,19,0.0009203464878211745,-0.0008719071989884811
46,20,0.0008000738803689341,-0.0007200664923320407
46,21,0.0006907797200349908,-0.0005920969028871349
46,22,0.0005926936231018251,-0.00048493114617422065
46,23,0.0005056223610510442,-0.0003957044564747302
46,24,0.00042907060616028097,-0.0003218029546202107
46,25,0.00036234194972972945,-0.0002608862038054052
46,26,0.0003046203121262779,-0.00021089098531819244
46,27,0.0002550331973311985,-0.00017002213155413234
46,28,0.00021269897632590946,-0.0001367350562095132
46,29,0.0001767606813802626,-0.00010971352637395611
46,30,0.00014640879928523064,-8.784527957113839e-05
46,31,0.00012089537772342735,-7.019731609747394e-05
46,32,-9.954148820536982e-05,-5.599208711552051e-05
46,33,-0.00012089537772342735,-7.019731609747394e-05
46,34,-0.00014640879928523064,-8.784527957113839e-05
46,35,-0.0001767606813802626,-0.00010971352637395611
46,36,-0.00021269897632590946,-0.0001367350562095132
46,37,-0.0002550331973311985,-0.00017002213155413234
46,38,-0.0003046203121262779,-0.00021089098531819244
46,39,-0.00036234194972972945,-0.0002608862038054052
46,40,-0.00042907060616028097,-0.0003218029546202107
46,41,-0.0005056223610510442,-0.0003957044564747302
46,42,-0.0005926936231018251,-0.00048493114617422065
46,43,-0.0006907797200349908,-0.0005920969028871349
46,44,-0.0008000738803689341,-0.0007200664923320407
46,45,-0.0009203464878211745,-0.0008719071989884811
46,46,-0.0010508066039024416,-0.0010508066039024416
46,47,-0.0011899508117444915,-0.001259947918317697
46,48,-0.0013354085277006368,-0.0015023345936632168
46,49,-0.0014837980060807884,-0.001780557607296946
46,50,-0.001630613030432763,-0.002096502467699266
46,51,-0.0017701660829454095,-0.002450999191770566
46,52,-0.0018956184820840157,-0.0028434277231260234
46,53,-0.001999129929163358,-0.003271303520449131
46,54,-0.002072157027661277,-0.0037298826497902983
46,55,-0.0021059204379583014,-0.004211840875916603
46,56,-0.002092041706991126,-0.004707093840730032
46,57,-0.0020233231838162604,-0.005202831044098955
46,58,-0.0018946099844460718,-0.005683829953338214
46,59,-0.0017036371675942285,-0.0061330938033392225
46,60,-0.0014517368523190106,-0.006532815835435549
46,61,-0.0011442694987592057,-0.0068656169925552365
46,62,-0.0007906602948355127,-0.007115942653519614
46,63,-0.00040396952215360714,-0.007271451398764928
47,0,0.0,-0.008974995113368328
47,1,0.0005239161358207159,-0.00890657430895217
47,2,0.001024130802637854,-0.008705111822421759
47,3,0.0014791032552848417,-0.008381585113280767
47,4,0.0018712846595020636,-0.007952959802883769
47,5,0.0021883661197333766,-0.0074404448070934815
47,6,0.0024238171329216424,-0.00686748187661132
47,7,0.0025767279663473385,-0.0062577679182721085
47,8,0.0026510849349730475,-0.005633555486817726
47,9,0.0026546753198020143,-0.005014386715181584
47,10,0.0025978338441058364,-0.004416317534979923
47,11,0.00249221542760777,-0.0038516056608483723
47,12,0.002349727173759093,-0.003328780162825382
47,13,0.002181694122095223,-0.002852984621201445
47,14,0.0019982814486100733,-0.002426484616169375
47,15,0.0018081575311266734,-0.002049245201943563
47,16,0.0016183592131283238,-0.001719506663948844
47,17,0.001434310766128724,-0.001434310766128724
47,18,0.001259947918317697,-0.0011899508117444915
47,19,0.001097904138099506,-0.0009823352814574526
47,20,0.0009497249901064104,-0.0008072662415904488
47,21,0.0008160855724831842,-0.0006606407015340063
47,22,0.0006969944280158153,-0.0005385866034667664
47,23,0.0005919742279651087,-0.00043754616849594997
47,24,0.0005002147698409152,-0.0003543187953039816
47,25,0.00042069751254009255,-0.0002860743085272629
47,26,0.0003522932413721817,-0.00023034558089719573
47,27,0.0002938358039264329,-0.00018500772839812448
47,28,0.00024417546557193583,-0.00014824938981153246
47,29,0.00020221553994383796,-0.00011854014410500846
47,30,0.00016693574407234839,-9.459692164099742e-05
47,31,0.00013740534993240074,-7.535132093067137e-05
47,32,-0.00011278875193629664,-5.991902446615758e-05
47,33,-0.00013740534993240074,-7.535132093067137e-05
47,34,-0.00016693574407234839,-9.459692164099742e-05
47,35,-0.00020221553994383796,-0.00011854014410500846
47,36,-0.00024417546557193583,-0.00014824938981153246
47,37,-0.0002938358039264329,-0.00018500772839812448
47,38,-0.0003522932413721817,-0.00023034558089719573
47,39,-0.00042069751254009255,-0.0002860743085272629
47,40,-0.0005002147698409152,-0.0003543187953039816
47,41,-0.0005919742279651087,-0.00043754616849594997
47,42,-0.0006969944280158153,-0.0005385866034667664
47,43,-0.0008160855724831842,-0.0006606407015340063
47,44,-0.0009497249901064104,-0.0008072662415904488
47,45,-0.001097904138099506,-0.0009823352814574526
47,46,-0.001259947918317697,-0.0011899508117444915
47,47,-0.001434310766128724,-0.001434310766128724
47,48,-0.0016183592131283238,-0.001719506663948844
47,49,-0.0018081575311266734,-0.002049245201943563
47,50,-0.0019982814486100733,-0.002426484616169375
47,51,-0.002181694122095223,-0.002852984621201445
47,52,-0.002349727173759093,-0.003328780162825382
47,53,-0.00249221542760777,-0.0038516056608483723
47,54,-0.0025978338441058364,-0.004416317534979923
47,55,-0.0026546753198020143,-0.005014386715181584
47,56,-0.0026510849349730475,-0.005633555486817726
47,57,-0.0025767279663473385,-0.0062577679182721085
47,58,-0.0024238171329216424,-0.00686748187661132
47,59,-0.0021883661197333766,-0.0074404448070934815
47,60,-0.0018712846595020636,-0.007952959802883769
47,61,-0.0014791032552848417,-0.008381585113280767
47,62,-0.001024130802637854,-0.008705111822421759
47,63,-0.0005239161358207159,-0.00890657430895217
48,0,0.0,-0.010959804401179761
48,1,0.000679441340530952,-0.010871061448495232
48,2,0.00132626534686345,-0.0106101227749076
48,3,0.001911041671125676,-0.010192222246003602
48,4,0.0024101887090512567,-0.009640754836205027
48,5,0.002807716405363253,-0.008984692497162407
48,6,0.0030958728870234906,-0.008255661032062642
48,7,0.0032747481541286114,-0.007485138638008254
48,8,0.0033510675534226034,-0.006702135106845207
48,9,0.0033365002827575314,-0.005931556058235613
48,10,0.003245812268048167,-0.005193299628877066
48,11,0.0030951321730918967,-0.004502010433588213
48,12,0.00290050742444981,-0.0038673432325997477
48,13,0.002676833644110984,-0.0032945644850596732
48,14,0.002437164884921606,-0.002785331297053264
48,15,0.002192361328193673,-0.0023385187500732517
48,16,0.0019510049358230515,-0.0019510049358230515
48,17,0.001719506663948844,-0.0016183592131283238
48,18,0.0015023345936632168,-0.0013354085277006368
48,19,0.0013023047142171036,-0.0010966776540775607
48,20,0.0011208906271066535,-0.0008967125016853229
48,21,0.0009585222862244177,-0.0007303026942662229
48,22,0.000814855574406745,-0.0005926222359321781
48,23,0.0006890035281866899,-0.0004793068022168278
48,24,0.0005797264366314942,-0.00038648429108766285
48,25,0.0004855822322845716,-0.0003107726286621258
48,26,0.00040504104320888143,-0.0002492560265900809
48,27,0.00033656895691019706,-0.00019944827076159827
48,28,0.00027868636615435553,-0.00015924935208820314
48,29,0.00023000604505842264,-0.00012689988692878487
48,30,0.00018925557933118932,-0.00010093630897663431
48,31,0.00015528811287678098,-8.014870342027406e-05
48,32,-0.000127084682388414,-6.3542341194207e-05
48,33,-0.00015528811287678098,-8.014870342027406e-05
48,34,-0.00018925557933118932,-0.00010093630897663431
48,35,-0.00023000604505842264,-0.00012689988692878487
48,36,-0.00027868636615435553,-0.00015924935208820314
48,37,-0.00033656895691019706,-0.00019944827076159827
48,38,-0.00040504104320888143,-0.0002492560265900809
48,39,-0.0004855822322845716,-0.0003107726286621258
48,40,-0.0005797264366314942,-0.00038648429108766285
48,41,-0.0006890035281866899,-0.0004793068022168278
48,42,-0.000814855574406745,-0.0005926222359321781
48,43,-0.0009585222862244177,-0.0007303026942662229
48,44,-0.0011208906271066535,-0.0008967125016853229
48,45,-0.0013023047142171036,-0.0010966776540775607
48,46,-0.0015023345936632168,-0.0013354085277006368
48,47,-0.001719506663948844,-0.0016183592131283238
48,48,-0.0019510049358230515,-0.0019510049358230515
48,49,-0.002192361328193673,-0.0023385187500732517
48,50,-0.002437164884921606,-0.002785331297053264
48,51,-0.002676833644110984,-0.0032945644850596732
48,52,-0.00290050742444981,-0.0038673432325997477
48,53,-0.0030951321730918967,-0.004502010433588213
48,54,-0.003245812268048167,-0.005193299628877066
48,55,-0.0033365002827575314,-0.005931556058235613
48,56,-0.0033510675534226034,-0.006702135106845207
48,57,-0.0032747481541286114,-0.007485138638008254
48,58,-0.0030958728870234906,-0.008255661032062642
48,59,-0.002807716405363253,-0.008984692497162407
48,60,-0.0024101887090512567,-0.009640754836205027
48,61,-0.001911041671125676,-0.010192222246003602
48,62,-0.00132626534686345,-0.0106101227749076
48,63,-0.000679441340530952,-0.010871061448495232
49,0,0.0,-0.013331272357118265
49,1,0.0008810785009124246,-0.013216177513686369
49,2,0.0017171059763423698,-0.012878294822567775
49,3,0.0024677718854309604,-0.012338859427154805
49,4,0.0031013978001800772,-0.01163024175067529
49,5,0.0035973636399115106,-0.01079209091973453
49,6,0.003946826517979821,-0.009867066294949552
49,7,0.0041518734860110035,-0.008896871755737867
49,8,0.00422352711217333,-0.007919113335324995
49,9,0.004179141274328578,-0.006965235457214299
49,10,0.00403969522153607,-0.006059542832304107
49,11,0.0038273690772463106,-0.005219139650790423
49,12,0.003563624762149248,-0.00445453095268656
49,13,0.003267870327441019,-0.0037706196085857914
49,14,0.0029566783114141817,-0.0031678696193723375
49,15,0.002643465781617476,-0.002643465781617476
49,16,0.0023385187500732517,-0.002192361328193673
49,17,0.002049245201943563,-0.0018081575311266734
49,18,0.001780557607296946,-0.0014837980060807884
49,19,0.0015353085016543667,-0.0012120856592008158
49,20,0.0013147256150054638,-0.000986044211254098
49,21,0.0011188128882927998,-0.0007991520630662856
49,22,0.0009466992763692584,-0.0006454767793426761
49,23,0.0007969284381054743,-0.0005197359378948745
49,24,0.000667689823145627,-0.00041730613946601696
49,25,0.0005569960806032959,-0.0003341976483619776
49,26,0.00046281394347136203,-0.0002670080443104011
49,27,0.0003831564826094511,-0.00021286471256080612
49,28,0.0003161444283482651,-0.00016936308661514202
49,29,0.00026004353311229184,-0.00013450527574773713
49,30,0.00021328397691677532,-0.00010664198845838766
49,31,0.00017446678223435457,-8.441941075855866e-05
49,32,-0.0001423612155179856,-6.673181977405575e-05
49,33,-0.00017446678223435457,-8.441941075855866e-05
49,34,-0.00021328397691677532,-0.00010664198845838766
49,35,-0.00026004353311229184,-0.00013450527574773713
49,36,-0.0003161444283482651,-0.00016936308661514202
49,37,-0.0003831564826094511,-0.00021286471256080612
49,38,-0.00046281394347136203,-0.0002670080443104011
49,39,-0.0005569960806032959,-0.0003341976483619776
49,40,-0.000667689823145627,-0.00041730613946601696
49,41,-0.0007969284381054743,-0.0005197359378948745
49,42,-0.0009466992763692584,-0.0006454767793426761
49,43,-0.0011188128882927998,-0.0007991520630662856
49,44,-0.0013147256150054638,-0.000986044211254098
49,45,-0.0015353085016543667,-0.0012120856592008158
49,46,-0.001780557607296946,-0.0014837980060807884
49,47,-0.002049245201943563,-0.0018081575311266734
49,48,-0.0023385187500732517,-0.002192361328193673
49,49,-0.002643465781617476,-0.002643465781617476
49,50,-0.0029566783114141817,-0.0031678696193723375
49,51,-0.003267870327441019,-0.0037706196085857914
49,52,-0.003563624762149248,-0.00445453095268656
49,53,-0.0038273690772463106,-0.005219139650790423
49,54,-0.00403969522153607,-0.006059542832304107
49,55,-0.004179141274328578,-0.006965235457214299
49,56,-0.00422352711217333,-0.007919113335324995
49,57,-0.0041518734860110035,-0.008896871755737867
49,58,-0.003946826517979821,-0.009867066294949552
49,59,-0.0035973636399115106,-0.01079209091973453
49,60,-0.0031013978001800772,-0.01163024175067529
49,61,-0.0024677718854309604,-0.012338859427154805
49,62,-0.0017171059763423698,-0.012878294822567775
49,63,-0.0008810785009124246,-0.013216177513686369
50,0,0.0,-0.016143804850093785
50,1,0.001142467370277153,-0.01599454318388014
50,2,0.0022224534450109037,-0.015557174115076329
50,3,0.0031845959879782267,-0.014861447943898393
50,4,0.003986377164561845,-0.01395232007596646
50,5,0.00460148106349958,-0.012884146977798825
50,6,0.005020469000682405,-0.011714427668258946
50,7,0.005249101632022033,-0.010498203264044065
50,8,0.0053050613874538,-0.009283857428044148
50,9,0.005213960955385418,-0.008110605930599538
50,10,0.0050054120093146045,-0.0070075768130404455
50,11,0.004709683559961769,-0.005994142712678617
50,12,0.0043552105569570326,-0.005081078983116537
50,13,0.0039669927175413665,-0.004272146003506087
50,14,0.0035657797820591508,-0.0035657797820591508
50,15,0.0031678696193723375,-0.0029566783114141817
50,16,0.002785331297053264,-0.002437164884921606
50,17,0.002426484616169375,-0.0019982814486100733
50,18,0.002096502467699266,-0.001630613030432763
50,19,0.0017980402771531653,-0.0013248717831654902
50,20,0.0015318307716882542,-0.0010722815401817774
50,21,0.0012972093514027662,-0.0008648062342685109
50,22,0.00109255500416866,-0.0006952622753800564
50,23,0.0009156448136642104,-0.0005573490170129975
50,24,0.0007639280255535818,-0.0004456246815729227
50,25,0.0006347297551040763,-0.0003554486628582827
50,26,0.0005253959588456262,-0.00028290551630149105
50,27,0.0004333912123572338,-0.0002247213693704175
50,28,0.0003563598376840192,-0.0001781799188420096
50,29,0.0002921594890429918,-0.00014104251195178914
50,30,0.00023887474449090195,-0.00011147488076242092
50,31,0.00019481674879885373,-8.798175752206296e-05
50,32,-0.0001585136069260674,-6.93497030301545e-05
50,33,-0.00019481674879885373,-8.798175752206296e-05
50,34,-0.00023887474449090195,-0.00011147488076242092
50,35,-0.0002921594890429918,-0.00014104251195178914
50,36,-0.0003563598376840192,-0.0001781799188420096
50,37,-0.0004333912123572338,-0.0002247213693704175
50,38,-0.0005253959588456262,-0.00028290551630149105
50,39,-0.0006347297551040763,-0.0003554486628582827
50,40,-0.0007639280255535818,-0.0004456246815729227
50,41,-0.0009156448136642104,-0.0005573490170129975
50,42,-0.00109255500416866,-0.0006952622753800564
50,43,-0.0012972093514027662,-0.0008648062342685109
50,44,-0.0015318307716882542,-0.0010722815401817774
50,45,-0.0017980402771531653,-0.0013248717831654902
50,46,-0.002096502467699266,-0.001630613030432763
50,47,-0.002426484616169375,-0.0019982814486100733
50,48,-0.002785331297053264,-0.002437164884921606
50,49,-0.0031678696193723375,-0.0029566783114141817
50,50,-0.0035657797820591508,-0.0035657797820591508
50,51,-0.0039669927175413665,-0.004272146003506087
50,52,-0.0043552105569570326,-0.005081078983116537
50,53,-0.004709683559961769,-0.005994142712678617
50,54,-0.0050054120093146045,-0.0070075768130404455
50,55,-0.005213960955385418,-0.008110605930599538
50,56,-0.0053050613874538,-0.009283857428044148
50,57,-0.005249101632022033,-0.010498203264044065
50,58,-0.005020469000682405,-0.011714427668258946
50,59,-0.00460148106349958,-0.012884146977798825
50,60,-0.003986377164561845,-0.01395232007596646
50,61,-0.0031845959879782267,-0.014861447943898393
50,62,-0.0022224534450109037,-0.015557174115076329
50,63,-0.001142467370277153,-0.01599454318388014
51,0,0.0,-0.01944996109829289
51,1,0.001481262048391533,-0.01925640662908993
51,2,0.0028754612366458823,-0.01869049803819824
51,3,0.004106343546494968,-0.017794155368144864
51,4,0.005116942683918236,-0.016630063722734265
51,5,0.0058741762911017036,-0.015272858356864427
51,6,0.006369191975956453,-0.01379991594790565
51,7,0.006614184588775796,-0.012283485664869335
51,8,0.00663703962445731,-0.010785189389743126
51,9,0.0064752545518407196,-0.009353145463769927
51,10,0.0061702945099473714,-0.008021382862931583
51,11,0.005763077494027876,-0.006810909765669308
51,12,0.0052908445306884145,-0.005731748241579116
51,13,0.004785351937502199,-0.004785351937502199
51,14,0.004272146003506087,-0.0039669927175413665
51,15,0.0037706196085857914,-0.003267870327441019
51,16,0.0032945644850596732,-0.002676833644110984
51,17,0.002852984621201445,-0.002181694122095223
51,18,0.002450999191770566,-0.0017701660829454095
51,19,0.002090722010823636,-0.0014304940074056456
51,20,0.0017720519565226716,-0.0011518337717397365
51,21,0.001493343567624202,-0.0009244507799578394
51,22,0.0012519502964242542,-0.0007397888115234231
51,23,0.0010446470613280291,-0.0005904526868375816
51,24,0.0008679462497855069,-0.00047013755196714964
51,25,0.0007183243367071304,-0.0003735286550877079
51,26,0.000592376491050193,-0.0002961882455250965
51,27,0.0004869151644590458,-0.00023444063473954054
51,28,0.0003990265182436454,-0.0001852623120416925
51,29,0.00032609617449703114,-0.00014618104374004842
51,30,0.0002658134829548281,-0.00011518584261375887
51,31,0.00021616143925030955,-9.06483454920653e-05
51,32,-0.0001753976398256925,-7.125529117918758e-05
51,33,-0.00021616143925030955,-9.06483454920653e-05
51,34,-0.0002658134829548281,-0.00011518584261375887
51,35,-0.00032609617449703114,-0.00014618104374004842
51,36,-0.0003990265182436454,-0.0001852623120416925
51,37,-0.0004869151644590458,-0.00023444063473954054
51,38,-0.000592376491050193,-0.0002961882455250965
51,39,-0.0007183243367071304,-0.0003735286550877079
51,40,-0.0008679462497855069,-0.00047013755196714964
51,41,-0.0010446470613280291,-0.0005904526868375816
51,42,-0.0012519502964242542,-0.0007397888115234231
51,43,-0.001493343567624202,-0.0009244507799578394
51,44,-0.0017720519565226716,-0.0011518337717397365
51,45,-0.002090722010823636,-0.0014304940074056456
51,46,-0.002450999191770566,-0.0017701660829454095
51,47,-0.002852984621201445,-0.002181694122095223
51,48,-0.0032945644850596732,-0.002676833644110984
51,49,-0.0037706196085857914,-0.003267870327441019
51,50,-0.004272146003506087,-0.0039669927175413665
51,51,-0.004785351937502199,-0.004785351937502199
51,52,-0.0052908445306884145,-0.005731748241579116
51,53,-0.005763077494027876,-0.006810909765669308
51,54,-0.0061702945099473714,-0.008021382862931583
51,55,-0.0064752545518407196,-0.009353145463769927
51,56,-0.00663703962445731,-0.010785189389743126
51,57,-0.006614184588775796,-0.012283485664869335
51,58,-0.006369191975956453,-0.01379991594790565
51,59,-0.0058741762911017036,-0.015272858356864427
51,60,-0.005116942683918236,-0.016630063722734265
51,61,-0.004106343546494968,-0.017794155368144864
51,62,-0.0028754612366458823,-0.01869049803819824
51,63,-0.001481262048391533,-0.01925640662908993
52,0,0.0,-0.02329454071329724
52,1,0.0019202981445789844,-0.023043577734947807
52,2,0.003718625367801625,-0.022311752206809747
52,3,0.005289630516793127,-0.02115852206717251
52,4,0.00655722510355044,-0.019671675310651317
52,5,0.007480754268574189,-0.017953810244578053
52,6,0.008054376703532153,-0.016108753407064306
52,7,0.0083011874650636,-0.014230607082966175
52,8,0.008264517428824565,-0.012396776143236848
52,9,0.007998763414270959,-0.01066501788569461
52,10,0.00756142072638418,-0.009073704871661016
52,11,0.007007152794127477,-0.007644166684502704
52,12,0.006384043324552613,-0.006384043324552613
52,13,0.005731748241579116,-0.0052908445306884145
52,14,0.005081078983116537,-0.0043552105569570326
52,15,0.00445453095268656,-0.003563624762149248
52,16,0.0038673432325997477,-0.00290050742444981
52,17,0.003328780162825382,-0.002349727173759093
52,18,0.0028434277231260234,-0.0018956184820840157
52,19,0.0024123819622521945,-0.0015236096603698072
52,20,0.002034268772841314,-0.0012205612637047885
52,21,0.0017060759220595483,-0.0009749005268911705
52,22,0.0014238035841624174,-0.0007766201368158641
52,23,0.0011829531789840917,-0.0006171929629482217
52,24,0.000978879997905703,-0.0004894399989528515
52,25,0.000807035904093146,-0.0003873772339647102
52,26,0.0006631264697245271,-0.0003060583706420894
52,27,0.0005432036884864207,-0.0002414238615495203
52,28,0.0004437117691554433,-0.0001901621867809043
52,29,0.00036149999075539677,-0.00014958620307119866
52,30,0.00029381344604606974,-0.0001175253784184279
52,31,0.00023826982471653795,-9.223348053543406e-05
52,32,-0.00019282820434796843,-7.231057663048815e-05
52,33,-0.00023826982471653795,-9.223348053543406e-05
52,34,-0.00029381344604606974,-0.0001175253784184279
52,35,-0.00036149999075539677,-0.00014958620307119866
52,36,-0.0004437117691554433,-0.0001901621867809043
52,37,-0.0005432036884864207,-0.0002414238615495203
52,38,-0.0006631264697245271,-0.0003060583706420894
52,39,-0.000807035904093146,-0.0003873772339647102
52,40,-0.000978879997905703,-0.0004894399989528515
52,41,-0.0011829531789840917,-0.0006171929629482217
52,42,-0.0014238035841624174,-0.0007766201368158641
52,43,-0.0017060759220595483,-0.0009749005268911705
52,44,-0.002034268772841314,-0.0012205612637047885
52,45,-0.0024123819622521945,-0.0015236096603698072
52,46,-0.0028434277231260234,-0.0018956184820840157
52,47,-0.003328780162825382,-0.002349727173759093
52,48,-0.0038673432325997477,-0.00290050742444981
52,49,-0.00445453095268656,-0.003563624762149248
52,50,-0.005081078983116537,-0.0043552105569570326
52,51,-0.005731748241579116,-0.0052908445306884145
52,52,-0.006384043324552613,-0.006384043324552613
52,53,-0.007007152794127477,-0.007644166684502704
52,54,-0.00756142072638418,-0.009073704871661016
52,55,-0.007998763414270959,-0.01066501788569461
52,56,-0.008264517428824565,-0.012396776143236848
52,57,-0.0083011874650636,-0.014230607082966175
52,58,-0.008054376703532153,-0.016108753407064306
52,59,-0.007480754268574189,-0.017953810244578053
52,60,-0.00655722510355044,-0.019671675310651317
52,61,-0.005289630516793127,-0.02115852206717251
52,62,-0.003718625367801625,-0.022311752206809747
52,63,-0.0019202981445789844,-0.023043577734947807
53,0,0.0,-0.02770531629110453
53,1,0.0024890877576350776,-0.027379965333985852
53,2,0.004806228659168355,-0.026434257625425957
53,3,0.006805409643038971,-0.024953168691142894
53,4,0.008385531709215433,-0.02306021220034244
53,5,0.00949840353930287,-0.020896487786466314
53,6,0.010145805487798292,-0.018600643394296873
53,7,0.01036883433874073,-0.016293882532306864
53,8,0.010233885367836471,-0.01407159238077515
53,9,0.009819013956774909,-0.012001017058280446
53,10,0.00920296212699916,-0.010123258339699076
53,11,0.008457681244116323,-0.008457681244116323
53,12,0.007644166684502704,-0.007007152794127477
53,13,0.006810909765669308,-0.005763077494027876
53,14,0.005994142712678617,-0.004709683559961769
53,15,0.005219139650790423,-0.0038273690772463106
53,16,0.004502010433588213,-0.0030951321730918967
53,17,0.0038516056608483723,-0.00249221542760777
53,18,0.003271303520449131,-0.001999129929163358
53,19,0.002760561405000769,-0.0015982197607899195
53,20,0.002316190267324829,-0.001273904647028656
53,21,0.001933355133669273,-0.0010127098319220001
53,22,0.0016063295150863875,-0.0008031647575431937
53,23,0.0013290418513836125,-0.0006356287115312929
53,24,0.0010954540413993343,-0.0005020831023080281
53,25,0.0008998093599223038,-0.0003959161183658137
53,26,0.0007367821144324622,-0.00031171550995219555
53,27,0.0006015557670515596,-0.00024507827546545023
53,28,0.000489850791128281,-0.00019244138222896754
53,29,0.0003979186728288346,-0.00015093466900404067
53,30,0.0003225143694115947,-0.0001182552687842514
53,31,0.00026085621106251096,-9.256188134476198e-05
53,32,-0.00021057961775101873,-7.238674360191268e-05
53,33,-0.00026085621106251096,-9.256188134476198e-05
53,34,-0.0003225143694115947,-0.0001182552687842514
53,35,-0.0003979186728288346,-0.00015093466900404067
53,36,-0.000489850791128281,-0.00019244138222896754
53,37,-0.0006015557670515596,-0.00024507827546545023
53,38,-0.0007367821144324622,-0.00031171550995219555
53,39,-0.0008998093599223038,-0.0003959161183658137
53,40,-0.0010954540413993343,-0.0005020831023080281
53,41,-0.0013290418513836125,-0.0006356287115312929
53,42,-0.0016063295150863875,-0.0008031647575431937
53,43,-0.001933355133669273,-0.0010127098319220001
53,44,-0.002316190267324829,-0.001273904647028656
53,45,-0.002760561405000769,-0.0015982197607899195
53,46,-0.003271303520449131,-0.001999129929163358
53,47,-0.0038516056608483723,-0.00249221542760777
53,48,-0.004502010433588213,-0.0030951321730918967
53,49,-0.005219139650790423,-0.0038273690772463106
53,50,-0.005994142712678617,-0.004709683559961769
53,51,-0.006810909765669308,-0.005763077494027876
53,52,-0.007644166684502704,-0.007007152794127477
53,53,-0.008457681244116323,-0.008457681244116323
53,54,-0.00920296212699916,-0.010123258339699076
53,55,-0.009819013956774909,-0.012001017058280446
53,56,-0.010233885367836471,-0.01407159238077515
53,57,-0.01036883433874073,-0.016293882532306864
53,58,-0.010145805487798292,-0.018600643394296873
53,59,-0.00949840353930287,-0.020896487786466314
53,60,-0.008385531709215433,-0.02306021220034244
53,61,-0.006805409643038971,-0.024953168691142894
53,62,-0.004806228659168355,-0.026434257625425957
53,63,-0.0024890877576350776,-0.027379965333985852
54,0,0.0,-0.03267893907786427
54,1,0.00322572351077588,-0.0322572351077588
54,2,0.0062072640657475486,-0.03103632032873775
54,3,0.008741614061265985,-0.029138713537553297
54,4,0.010695610281770263,-0.026739025704425663
54,5,0.012015571647920891,-0.024031143295841783
54,6,0.012719264533020743,-0.021198774221701237
54,7,0.012876861302745176,-0.018395516146778822
54,8,0.012588621879276096,-0.01573577734909512
54,9,0.011965039559110378,-0.013294488399011529
54,10,0.011112267225054517,-0.011112267225054517
54,11,0.010123258339699076,-0.00920296212699916
54,12,0.009073704871661016,-0.00756142072638418
54,13,0.008021382862931583,-0.0061702945099473714
54,14,0.0070075768130404455,-0.0050054120093146045
54,15,0.006059542832304107,-0.00403969522153607
54,16,0.005193299628877066,-0.003245812268048167
54,17,0.004416317534979923,-0.0025978338441058364
54,18,0.0037298826497902983,-0.002072157027661277
54,19,0.003131049969090762,-0.0016479210363635585
54,20,0.002614181277058916,-0.001307090638529458
54,21,0.002172106981398999,-0.001034336657809047
54,22,0.0017969696551969085,-0.0008168043887258675
54,23,0.0014808108689982318,-0.0006438308126079267
54,24,0.0012159587693619657,-0.0005066494872341524
54,25,0.0009952661018089242,-0.0003981064407235698
54,26,0.0008122395441903217,-0.00031239982468858526
54,27,0.0006610927065851146,-0.0002448491505870795
54,28,0.0005367476341990115,-0.00019169558364250412
54,29,0.00043480335816193305,-0.00014993219246963208
54,30,0.00035148497553032064,-0.00011716165851010692
54,31,0.00028358278594880495,-9.147831804800161e-05
54,32,-0.00022838800282771256,-7.137125088366018e-05
54,33,-0.00028358278594880495,-9.147831804800161e-05
54,34,-0.00035148497553032064,-0.00011716165851010692
54,35,-0.00043480335816193305,-0.00014993219246963208
54,36,-0.0005367476341990115,-0.00019169558364250412
54,37,-0.0006610927065851146,-0.0002448491505870795
54,38,-0.0008122395441903217,-0.00031239982468858526
54,39,-0.0009952661018089242,-0.0003981064407235698
54,40,-0.0012159587693619657,-0.0005066494872341524
54,41,-0.0014808108689982318,-0.0006438308126079267
54,42,-0.0017969696551969085,-0.0008168043887258675
54,43,-0.002172106981398999,-0.001034336657809047
54,44,-0.002614181277058916,-0.001307090638529458
54,45,-0.003131049969090762,-0.0016479210363635585
54,46,-0.0037298826497902983,-0.002072157027661277
54,47,-0.004416317534979923,-0.0025978338441058364
54,48,-0.005193299628877066,-0.003245812268048167
54,49,-0.006059542832304107,-0.00403969522153607
54,50,-0.0070075768130404455,-0.0050054120093146045
54,51,-0.008021382862931583,-0.0061702945099473714
54,52,-0.009073704871661016,-0.00756142072638418
54,53,-0.010123258339699076,-0.00920296212699916
54,54,-0.011112267225054517,-0.011112267225054517
54,55,-0.011965039559110378,-0.013294488399011529
54,56,-0.012588621879276096,-0.01573577734909512
54,57,-0.012876861302745176,-0.018395516146778822
54,58,-0.012719264533020743,-0.021198774221701237
54,59,-0.012015571647920891,-0.024031143295841783
54,60,-0.010695610281770263,-0.026739025704425663
54,61,-0.008741614061265985,-0.029138713537553297
54,62,-0.0062072640657475486,-0.03103632032873775
54,63,-0.00322572351077588,-0.0322572351077588
55,0,0.0,-0.038159966035170946
55,1,0.004179280765756542,-0.03761352689180887
55,2,0.008008764656148531,-0.03603944095266839
55,3,0.011205393734801618,-0.033616181204404856
55,4,0.013596331600260915,-0.030591746100587056
55,5,0.015128745491550598,-0.027231741884791074
55,6,0.01585103684784606,-0.023776555271769098
55,7,0.015879289167090933,-0.02041622892911691
55,8,0.015362385156631875,-0.017282683301210855
55,9,0.014454039413846858,-0.014454039413846858
55,10,0.013294488399011529,-0.011965039559110378
55,11,0.012001017058280446,-0.009819013956774909
55,12,0.01066501788569461,-0.007998763414270959
55,13,0.009353145463769927,-0.0064752545518407196
55,14,0.008110605930599538,-0.005213960955385418
55,15,0.006965235457214299,-0.004179141274328578
55,16,0.005931556058235613,-0.0033365002827575314
55,17,0.005014386715181584,-0.0026546753198020143
55,18,0.004211840875916603,-0.0021059204379583014
55,19,0.0035176898182119245,-0.0016662741244161748
55,20,0.0029231484375915645,-0.0013154167969162043
55,21,0.0024181724718250535,-0.0010363596307821658
55,22,0.0019923629182651953,-0.0008150575574721256
55,23,0.0016355667645407928,-0.000640004386124658
55,24,0.0013382506600345457,-0.0005018439975129547
55,25,0.001091710096407793,-0.00039301563470680554
55,26,0.0008881632858031412,-0.000307441137393395
55,27,0.0007207672417196997,-0.00024025574723989993
55,28,0.0005835838981477344,-0.00018758053869034322
55,29,0.0004715163973299339,-0.00014633267503342775
55,30,0.0003802297136706756,-0.00011406891410120268
55,31,0.0003060652788282386,-8.885766159529509e-05
55,32,-0.0002459559480944908,-6.917511040157554e-05
55,33,-0.0003060652788282386,-8.885766159529509e-05
55,34,-0.0003802297136706756,-0.00011406891410120268
55,35,-0.0004715163973299339,-0.00014633267503342775
55,36,-0.0005835838981477344,-0.00018758053869034322
55,37,-0.0007207672417196997,-0.00024025574723989993
55,38,-0.0008881632858031412,-0.000307441137393395
55,39,-0.001091710096407793,-0.00039301563470680554
55,40,-0.0013382506600345457,-0.0005018439975129547
55,41,-0.0016355667645407928,-0.000640004386124658
55,42,-0.0019923629182651953,-0.0008150575574721256
55,43,-0.0024181724718250535,-0.0010363596307821658
55,44,-0.0029231484375915645,-0.0013154167969162043
55,45,-0.0035176898182119245,-0.0016662741244161748
55,46,-0.004211840875916603,-0.0021059204379583014
55,47,-0.005014386715181584,-0.0026546753198020143
55,48,-0.005931556058235613,-0.0033365002827575314
55,49,-0.006965235457214299,-0.004179141274328578
55,50,-0.008110605930599538,-0.005213960955385418
55,51,-0.009353145463769927,-0.0064752545518407196
55,52,-0.01066501788569461,-0.007998763414270959
55,53,-0.012001017058280446,-0.009819013956774909
55,54,-0.013294488399011529,-0.011965039559110378
55,55,-0.014454039413846858,-0.014454039413846858
55,56,-0.015362385156631875,-0.017282683301210855
55,57,-0.015879289167090933,-0.02041622892911691
55,58,-0.01585103684784606,-0.023776555271769098
55,59,-0.015128745491550598,-0.027231741884791074
55,60,-0.013596331600260915,-0.030591746100587056
55,61,-0.011205393734801618,-0.033616181204404856
55,62,-0.008008764656148531,-0.03603944095266839
55,63,-0.004179280765756542,-0.03761352689180887
56,0,0.0,-0.04401016313231539
56,1,0.005412797680702817,-0.04330238144562253
56,2,0.010319225544128804,-0.041276902176515216
56,3,0.014323817232206318,-0.038196845952550185
56,4,0.017207911753678796,-0.03441582350735759
56,5,0.01893447570570054,-0.030295161129120868
56,6,0.019607363446718564,-0.02614315126229142
56,7,0.019413241591607972,-0.022186561818980544
56,8,0.01856866840327833,-0.01856866840327833
56,9,0.017282683301210855,-0.015362385156631875
56,10,0.01573577734909512,-0.012588621879276096
56,11,0.01407159238077515,-0.010233885367836471
56,12,0.012396776143236848,-0.008264517428824565
56,13,0.010785189389743126,-0.00663703962445731
56,14,0.009283857428044148,-0.0053050613874538
56,15,0.007919113335324995,-0.00422352711217333
56,16,0.006702135106845207,-0.0033510675534226034
56,17,0.005633555486817726,-0.0026510849349730475
56,18,0.004707093840730032,-0.002092041706991126
56,19,0.0039122953260083615,-0.0016472822425298366
56,20,0.0032365177348773577,-0.0012946070939509429
56,21,0.0026663169056471625,-0.0010157397735798715
56,22,0.002188369973528769,-0.0007957708994650068
56,23,0.0017900550159418319,-0.0006226278316319413
56,24,0.0014597829362176036,-0.00048659431207253467
56,25,0.0011871562376330126,-0.0003798899960425642
56,26,0.0009630111333897896,-0.00029631111796608905
56,27,0.0007793845792744613,-0.00023092876422947005
56,28,0.0006294361175017961,-0.00017983889071479888
56,29,0.0005073454622400053,-0.00013995736889379454
56,30,0.0004082000551667107,-0.0001088533480444562
56,31,0.00032788190959122165,-8.461468634612173e-05
56,32,-0.00026295953847990243,-6.573988461997561e-05
56,33,-0.00032788190959122165,-8.461468634612173e-05
56,34,-0.0004082000551667107,-0.0001088533480444562
56,35,-0.0005073454622400053,-0.00013995736889379454
56,36,-0.0006294361175017961,-0.00017983889071479888
56,37,-0.0007793845792744613,-0.00023092876422947005
56,38,-0.0009630111333897896,-0.00029631111796608905
56,39,-0.0011871562376330126,-0.0003798899960425642
56,40,-0.0014597829362176036,-0.00048659431207253467
56,41,-0.0017900550159418319,-0.0006226278316319413
56,42,-0.002188369973528769,-0.0007957708994650068
56,43,-0.0026663169056471625,-0.0010157397735798715
56,44,-0.0032365177348773577,-0.0012946070939509429
56,45,-0.0039122953260083615,-0.0016472822425298366
56,46,-0.004707093840730032,-0.002092041706991126
56,47,-0.005633555486817726,-0.0026510849349730475
56,48,-0.006702135106845207,-0.0033510675534226034
56,49,-0.007919113335324995,-0.00422352711217333
56,50,-0.009283857428044148,-0.0053050613874538
56,51,-0.010785189389743126,-0.00663703962445731
56,52,-0.012396776143236848,-0.008264517428824565
56,53,-0.01407159238077515,-0.010233885367836471
56,54,-0.01573577734909512,-0.012588621879276096
56,55,-0.017282683301210855,-0.015362385156631875
56,56,-0.01856866840327833,-0.01856866840327833
56,57,-0.019413241591607972,-0.022186561818980544
56,58,-0.019607363446718564,-0.02614315126229142
56,59,-0.01893447570570054,-0.030295161129120868
56,60,-0.017207911753678796,-0.03441582350735759
56,61,-0.014323817232206318,-0.038196845952550185
56,62,-0.010319225544128804,-0.041276902176515216
56,63,-0.005412797680702817,-0.04330238144562253
57,0,0.0,-0.04996415566132575
57,1,0.0070068515964748865,-0.0490479611753242
57,2,0.01327121772516411,-0.046449262038074375
57,3,0.018240609898942686,-0.04256142309753292
57,4,0.021651190722811266,-0.037889583764919715
57,5,0.023513187171343843,-0.03291846203988138
57,6,0.0240262939684456,-0.028030676296519865
57,7,0.023481879888730194,-0.023481879888730194
57,8,0.022186561818980544,-0.019413241591607972
57,9,0.02041622892911691,-0.015879289167090933
57,10,0.018395516146778822,-0.012876861302745176
57,11,0.016293882532306864,-0.01036883433874073
57,12,0.014230607082966175,-0.0083011874650636
57,13,0.012283485664869335,-0.006614184588775796
57,14,0.010498203264044065,-0.005249101632022033
57,15,0.008896871755737867,-0.0041518734860110035
57,16,0.007485138638008254,-0.0032747481541286114
57,17,0.0062577679182721085,-0.0025767279663473385
57,18,0.005202831044098955,-0.0020233231838162604
57,19,0.004304735738595238,-0.0015859552721140355
57,20,0.0035463340865181203,-0.0012412169302813418
57,21,0.0029103290941276303,-0.0009701096980425434
57,22,0.002380163582904841,-0.0007573247763788131
57,23,0.001940538095350627,-0.0005905985507588864
57,24,0.0015776707380065567,-0.0004601539652519124
57,25,0.0012793834927812186,-0.0003582273779787412
57,26,0.0010350767458812812,-0.00027867450850649876
57,27,0.0008356361006267724,-0.0002166463964587929
57,28,0.0006733021609062192,-0.0001683255402265548
57,29,0.000541524063300413,-0.00013071270493458242
57,30,0.00043481033967567533,-0.00010145574592432424
57,31,0.00034858556584165397,-7.871286970617993e-05
57,32,-0.0002790576749393552,-6.104386639298396e-05
57,33,-0.00034858556584165397,-7.871286970617993e-05
57,34,-0.00043481033967567533,-0.00010145574592432424
57,35,-0.000541524063300413,-0.00013071270493458242
57,36,-0.0006733021609062192,-0.0001683255402265548
57,37,-0.0008356361006267724,-0.0002166463964587929
57,38,-0.0010350767458812812,-0.00027867450850649876
57,39,-0.0012793834927812186,-0.0003582273779787412
57,40,-0.0015776707380065567,-0.0004601539652519124
57,41,-0.001940538095350627,-0.0005905985507588864
57,42,-0.002380163582904841,-0.0007573247763788131
57,43,-0.0029103290941276303,-0.0009701096980425434
57,44,-0.0035463340865181203,-0.0012412169302813418
57,45,-0.004304735738595238,-0.0015859552721140355
57,46,-0.005202831044098955,-0.0020233231838162604
57,47,-0.0062577679182721085,-0.0025767279663473385
57,48,-0.007485138638008254,-0.0032747481541286114
57,49,-0.008896871755737867,-0.0041518734860110035
57,50,-0.010498203264044065,-0.005249101632022033
57,51,-0.012283485664869335,-0.006614184588775796
57,52,-0.014230607082966175,-0.0083011874650636
57,53,-0.016293882532306864,-0.01036883433874073
57,54,-0.018395516146778822,-0.012876861302745176
57,55,-0.02041622892911691,-0.015879289167090933
57,56,-0.022186561818980544,-0.019413241591607972
57,57,-0.023481879888730194,-0.023481879888730194
57,58,-0.0240262939684456,-0.028030676296519865
57,59,-0.023513187171343843,-0.03291846203988138
57,60,-0.021651190722811266,-0.037889583764919715
57,61,-0.018240609898942686,-0.04256142309753292
57,62,-0.01327121772516411,-0.046449262038074375
57,63,-0.0070068515964748865,-0.0490479611753242
58,0,0.0,-0.05556601916981121
58,1,0.009063538773679904,-0.054381232642079426
58,2,0.017020865011118578,-0.051062595033355744
58,3,0.023103787391404063,-0.046207574782808125
58,4,0.027023732218621793,-0.040535598327932666
58,5,0.02889969684236755,-0.03467963621084106
58,6,0.02908908905197692,-0.02908908905197692
58,7,0.028030676296519865,-0.0240262939684456
58,8,0.02614315126229142,-0.019607363446718564
58,9,0.023776555271769098,-0.01585103684784606
58,10,0.021198774221701237,-0.012719264533020743
58,11,0.018600643394296873,-0.010145805487798292
58,12,0.016108753407064306,-0.008054376703532153
58,13,0.01379991594790565,-0.006369191975956453
58,14,0.011714427668258946,-0.005020469000682405
58,15,0.009867066294949552,-0.003946826517979821
58,16,0.008255661032062642,-0.0030958728870234906
58,17,0.00686748187661132,-0.0024238171329216424
58,18,0.005683829953338214,-0.0018946099844460718
58,19,0.004683220592672405,-0.0014789117661070759
58,20,0.0038435061606326257,-0.0011530518481897877
58,21,0.0031432238149873334,-0.0008980639471392381
58,22,0.0025623919049657697,-0.0006988341558997553
58,23,0.002082924869095432,-0.0005433717049814171
58,24,0.0016887923192675759,-0.00042219807981689396
58,25,0.001366013260356001,-0.00032784318248544025
58,26,0.0011025498585256358,-0.0002544345827366852
58,27,0.0008881453543307023,-0.00019736563429571165
58,28,0.0007141361981648753,-0.0001530291853210447
58,29,0.0005732580352738418,-0.0001186051107463121
58,30,0.00045945777758419476,-9.189155551683894e-05
58,31,0.00036771887323946956,-7.11713948205425e-05
58,32,-0.0002939034074184328,-5.510688889095616e-05
58,33,-0.00036771887323946956,-7.11713948205425e-05
58,34,-0.00045945777758419476,-9.189155551683894e-05
58,35,-0.0005732580352738418,-0.0001186051107463121
58,36,-0.0007141361981648753,-0.0001530291853210447
58,37,-0.0008881453543307023,-0.00019736563429571165
58,38,-0.0011025498585256358,-0.0002544345827366852
58,39,-0.001366013260356001,-0.00032784318248544025
58,40,-0.0016887923192675759,-0.00042219807981689396
58,41,-0.002082924869095432,-0.0005433717049814171
58,42,-0.0025623919049657697,-0.0006988341558997553
58,43,-0.0031432238149873334,-0.0008980639471392381
58,44,-0.0038435061606326257,-0.0011530518481897877
58,45,-0.004683220592672405,-0.0014789117661070759
58,46,-0.005683829953338214,-0.0018946099844460718
58,47,-0.00686748187661132,-0.0024238171329216424
58,48,-0.008255661032062642,-0.0030958728870234906
58,49,-0.009867066294949552,-0.003946826517979821
58,50,-0.011714427668258946,-0.005020469000682405
58,51,-0.01379991594790565,-0.006369191975956453
58,52,-0.016108753407064306,-0.008054376703532153
58,53,-0.018600643394296873,-0.010145805487798292
58,54,-0.021198774221701237,-0.012719264533020743
58,55,-0.023776555271769098,-0.01585103684784606
58,56,-0.02614315126229142,-0.019607363446718564
58,57,-0.028030676296519865,-0.0240262939684456
58,58,-0.02908908905197692,-0.02908908905197692
58,59,-0.02889969684236755,-0.03467963621084106
58,60,-0.027023732218621793,-0.040535598327932666
58,61,-0.023103787391404063,-0.046207574782808125
58,62,-0.017020865011118578,-0.051062595033355744
58,63,-0.009063538773679904,-0.054381232642079426
59,0,0.0,-0.0600793962485818
59,1,0.01170999457326018,-0.05854997286630091
59,2,0.02173823933830956,-0.054345598345773904
59,3,0.029033420918562546,-0.0483890348642709
59,4,0.033352291149436074,-0.04169036393679509
59,5,0.035034257982374424,-0.035034257982374424
59,6,0.03467963621084106,-0.02889969684236755
59,7,0.03291846203988138,-0.023513187171343843
59,8,0.030295161129120868,-0.01893447570570054
59,9,0.027231741884791074,-0.015128745491550598
59,10,0.024031143295841783,-0.012015571647920891
59,11,0.020896487786466314,-0.00949840353930287
59,12,0.017953810244578053,-0.007480754268574189
59,13,0.015272858356864427,-0.0058741762911017036
59,14,0.012884146977798825,-0.00460148106349958
59,15,0.01079209091973453,-0.0035973636399115106
59,16,0.008984692497162407,-0.002807716405363253
59,17,0.0074404448070934815,-0.0021883661197333766
59,18,0.0061330938033392225,-0.0017036371675942285
59,19,0.005034809317627032,-0.001324949820428166
59,20,0.004118205606324591,-0.0010295514015811478
59,21,0.0033575502039457643,-0.000799416715225182
59,22,0.002729414273287822,-0.0006203214257472323
59,23,0.0022129494812641354,-0.0004810759741878555
59,24,0.001789923982593576,-0.00037290082970699507
59,25,0.0014446107080256657,-0.00028892214160513316
59,26,0.0011635921352336097,-0.00022376771831415576
59,27,0.0009355246882107743,-0.00017324531263162484
59,28,0.0007508909011167694,-0.00013408766091370876
59,29,0.0006017569391231145,-0.00010375119640053702
59,30,0.00048154579150803744,-8.025763191800624e-05
59,31,0.00038483153246428184,-6.206960201036803e-05
59,32,-0.00030715680526098495,-4.7993250822028904e-05
59,33,-0.00038483153246428184,-6.206960201036803e-05
59,34,-0.00048154579150803744,-8.025763191800624e-05
59,35,-0.0006017569391231145,-0.00010375119640053702
59,36,-0.0007508909011167694,-0.00013408766091370876
59,37,-0.0009355246882107743,-0.00017324531263162484
59,38,-0.0011635921352336097,-0.00022376771831415576
59,39,-0.0014446107080256657,-0.00028892214160513316
59,40,-0.001789923982593576,-0.00037290082970699507
59,41,-0.0022129494812641354,-0.0004810759741878555
59,42,-0.002729414273287822,-0.0006203214257472323
59,43,-0.0033575502039457643,-0.000799416715225182
59,44,-0.004118205606324591,-0.0010295514015811478
59,45,-0.005034809317627032,-0.001324949820428166
59,46,-0.0061330938033392225,-0.0017036371675942285
59,47,-0.0074404448070934815,-0.0021883661197333766
59,48,-0.008984692497162407,-0.002807716405363253
59,49,-0.01079209091973453,-0.0035973636399115106
59,50,-0.012884146977798825,-0.00460148106349958
59,51,-0.015272858356864427,-0.0058741762911017036
59,52,-0.017953810244578053,-0.007480754268574189
59,53,-0.020896487786466314,-0.00949840353930287
59,54,-0.024031143295841783,-0.012015571647920891
59,55,-0.027231741884791074,-0.015128745491550598
59,56,-0.030295161129120868,-0.01893447570570054
59,57,-0.03291846203988138,-0.023513187171343843
59,58,-0.03467963621084106,-0.02889969684236755
59,59,-0.035034257982374424,-0.035034257982374424
59,60,-0.033352291149436074,-0.04169036393679509
59,61,-0.029033420918562546,-0.0483890348642709
59,62,-0.02173823933830956,-0.054345598345773904
59,63,-0.01170999457326018,-0.05854997286630091
60,0,0.0,-0.062360999604105946
60,1,0.015098372489231794,-0.06039348995692718
60,2,0.027573104458151938,-0.055146208916303875
60,3,0.03604763774914908,-0.04806351699886544
60,4,0.04050670892358059,-0.04050670892358059
60,5,0.04169036393679509,-0.033352291149436074
60,6,0.040535598327932666,-0.027023732218621793
60,7,0.037889583764919715,-0.021651190722811266
60,8,0.03441582350735759,-0.017207911753678796
60,9,0.030591746100587056,-0.013596331600260915
60,10,0.026739025704425663,-0.010695610281770263
60,11,0.02306021220034244,-0.008385531709215433
60,12,0.019671675310651317,-0.00655722510355044
60,13,0.016630063722734265,-0.005116942683918236
60,14,0.01395232007596646,-0.003986377164561845
60,15,0.01163024175067529,-0.0031013978001800772
60,16,0.009640754836205027,-0.0024101887090512567
60,17,0.007952959802883769,-0.0018712846595020636
60,18,0.006532815835435549,-0.0014517368523190106
60,19,0.005346137389886003,-0.0011255026083970532
60,20,0.004360409577495064,-0.0008720819154990128
60,21,0.003545794793278211,-0.0006753894844339448
60,22,0.0028755994047648076,-0.0005228362554117832
60,23,0.0023263913688719652,-0.00040458980328208095
60,24,0.0018779020830337358,-0.00031298368050562263
60,25,0.0015128039025127731,-0.00024204862440204368
60,26,0.001216424697962923,-0.00018714226122506505
60,27,0.0009764395310086954,-0.00014465770829758448
60,28,0.0007825646438705625,-0.00011179494912436608
60,29,0.0006262687213498062,-8.638189259997326e-05
60,30,0.0005005094721643794,-6.673459628858393e-05
60,31,0.00039949902185010326,-5.15482608838843e-05
60,32,-0.00031849870417640627,-3.9812338022050784e-05
60,33,-0.00039949902185010326,-5.15482608838843e-05
60,34,-0.0005005094721643794,-6.673459628858393e-05
60,35,-0.0006262687213498062,-8.638189259997326e-05
60,36,-0.0007825646438705625,-0.00011179494912436608
60,37,-0.0009764395310086954,-0.00014465770829758448
60,38,-0.001216424697962923,-0.00018714226122506505
60,39,-0.0015128039025127731,-0.00024204862440204368
60,40,-0.0018779020830337358,-0.00031298368050562263
60,41,-0.0023263913688719652,-0.00040458980328208095
60,42,-0.0028755994047648076,-0.0005228362554117832
60,43,-0.003545794793278211,-0.0006753894844339448
60,44,-0.004360409577495064,-0.0008720819154990128
60,45,-0.005346137389886003,-0.0011255026083970532
60,46,-0.006532815835435549,-0.0014517368523190106
60,47,-0.007952959802883769,-0.0018712846595020636
60,48,-0.009640754836205027,-0.0024101887090512567
60,49,-0.01163024175067529,-0.0031013978001800772
60,50,-0.01395232007596646,-0.003986377164561845
60,51,-0.016630063722734265,-0.005116942683918236
60,52,-0.019671675310651317,-0.00655722510355044
60,53,-0.02306021220034244,-0.008385531709215433
60,54,-0.026739025704425663,-0.010695610281770263
60,55,-0.030591746100587056,-0.013596331600260915
60,56,-0.03441582350735759,-0.017207911753678796
60,57,-0.037889583764919715,-0.021651190722811266
60,58,-0.040535598327932666,-0.027023732218621793
60,59,-0.04169036393679509,-0.033352291149436074
60,60,-0.04050670892358059,-0.04050670892358059
60,61,-0.03604763774914908,-0.04806351699886544
60,62,-0.027573104458151938,-0.055146208916303875
60,63,-0.015098372489231794,-0.06039348995692718
61,0,0.0,-0.060683672062248915
61,1,0.019390874558937343,-0.05817262367681204
61,2,0.03455367510184417,-0.05183051265276625
61,3,0.04390684902916556,-0.04390684902916556
61,4,0.04806351699886544,-0.03604763774914908
61,5,0.0483890348642709,-0.029033420918562546
61,6,0.046207574782808125,-0.023103787391404063
61,7,0.04256142309753292,-0.018240609898942686
61,8,0.038196845952550185,-0.014323817232206318
61,9,0.033616181204404856,-0.011205393734801618
61,10,0.029138713537553297,-0.008741614061265985
61,11,0.024953168691142894,-0.006805409643038971
61,12,0.02115852206717251,-0.005289630516793127
61,13,0.017794155368144864,-0.004106343546494968
61,14,0.014861447943898393,-0.0031845959879782267
61,15,0.012338859427154805,-0.0024677718854309604
61,16,0.010192222246003602,-0.001911041671125676
61,17,0.008381585113280767,-0.0014791032552848417
61,18,0.0068656169925552365,-0.0011442694987592057
61,19,0.005604314564026475,-0.0008848917732673384
61,20,0.004560551242316379,-0.0006840826863474568
61,21,0.0037008520942644666,-0.0005286931563234952
61,22,0.0029956656788306933,-0.00040849986529509447
61,23,0.0024193213365320855,-0.0003155636525911416
61,24,0.001949801053782341,-0.00024372513172279261
61,25,0.0015684126911853973,-0.00018820952294224764
61,26,0.001259421509650028,-0.00014531786649808016
61,27,0.0010096761198537109,-0.00011218623553930124
61,28,0.0008082506748031452,-8.659828658605126e-05
61,29,0.0006461154534998233,-6.683952967239552e-05
61,30,0.0005158415841188069,-5.15841584118807e-05
61,31,0.00041134154199059267,-3.9807245999089616e-05
61,32,-0.0003276445227149396,-3.0716674004525594e-05
61,33,-0.00041134154199059267,-3.9807245999089616e-05
61,34,-0.0005158415841188069,-5.15841584118807e-05
61,35,-0.0006461154534998233,-6.683952967239552e-05
61,36,-0.0008082506748031452,-8.659828658605126e-05
61,37,-0.0010096761198537109,-0.00011218623553930124
61,38,-0.001259421509650028,-0.00014531786649808016
61,39,-0.0015684126911853973,-0.00018820952294224764
61,40,-0.001949801053782341,-0.00024372513172279261
61,41,-0.0024193213365320855,-0.0003155636525911416
61,42,-0.0029956656788306933,-0.00040849986529509447
61,43,-0.0037008520942644666,-0.0005286931563234952
61,44,-0.004560551242316379,-0.0006840826863474568
61,45,-0.005604314564026475,-0.0008848917732673384
61,46,-0.0068656169925552365,-0.0011442694987592057
61,47,-0.008381585113280767,-0.0014791032552848417
61,48,-0.010192222246003602,-0.001911041671125676
61,49,-0.012338859427154805,-0.0024677718854309604
61,50,-0.014861447943898393,-0.0031845959879782267
61,51,-0.017794155368144864,-0.004106343546494968
61,52,-0.02115852206717251,-0.005289630516793127
61,53,-0.024953168691142894,-0.006805409643038971
61,54,-0.029138713537553297,-0.008741614061265985
61,55,-0.033616181204404856,-0.011205393734801618
61,56,-0.038196845952550185,-0.014323817232206318
61,57,-0.04256142309753292,-0.018240609898942686
61,58,-0.046207574782808125,-0.023103787391404063
61,59,-0.0483890348642709,-0.029033420918562546
61,60,-0.04806351699886544,-0.03604763774914908
61,61,-0.04390684902916556,-0.04390684902916556
61,62,-0.03455367510184417,-0.05183051265276625
61,63,-0.019390874558937343,-0.05817262367681204
62,0,0.0,-0.05249018639978607
62,1,0.02468024213671861,-0.04936048427343722
62,2,0.04230435331494609,-0.04230435331494609
62,3,0.05183051265276625,-0.03455367510184417
62,4,0.055146208916303875,-0.027573104458151938
62,5,0.054345598345773904,-0.02173823933830956
62,6,0.051062595033355744,-0.017020865011118578
62,7,0.046449262038074375,-0.01327121772516411
62,8,0.041276902176515216,-0.010319225544128804
62,9,0.03603944095266839,-0.008008764656148531
62,10,0.03103632032873775,-0.0062072640657475486
62,11,0.026434257625425957,-0.004806228659168355
62,12,0.022311752206809747,-0.003718625367801625
62,13,0.01869049803819824,-0.0028754612366458823
62,14,0.015557174115076329,-0.0022224534450109037
62,15,0.012878294822567775,-0.0017171059763423698
62,16,0.0106101227749076,-0.00132626534686345
62,17,0.008705111822421759,-0.001024130802637854
62,18,0.007115942653519614,-0.0007906602948355127
62,19,0.005797912433329689,-0.000610306571929441
62,20,0.0047102191395983675,-0.0004710219139598368
62,21,0.0038165207738573193,-0.0003634781689387923
62,22,0.003085033869565142,-0.000280457624505922
62,23,0.0024883528366732425,-0.00021637850753680372
62,24,0.002003112791550956,-0.0001669260659625796
62,25,0.0016095770315198172,-0.00012876616252158532
62,26,0.001291201368562962,-9.932318219715093e-05
62,27,0.0010342075801703424,-7.660796890150683e-05
62,28,0.000827184674702843,-5.9084619621631644e-05
62,29,0.0006607276246329074,-4.556742238847638e-05
62,30,0.0005271173377780192,-3.5141155851867945e-05
62,31,0.00042004194163606286,-2.7099480105552444e-05
62,32,-0.00033435725582985635,-2.0897328489366022e-05
62,33,-0.00042004194163606286,-2.7099480105552444e-05
62,34,-0.0005271173377780192,-3.5141155851867945e-05
62,35,-0.0006607276246329074,-4.556742238847638e-05
62,36,-0.000827184674702843,-5.9084619621631644e-05
62,37,-0.0010342075801703424,-7.660796890150683e-05
62,38,-0.001291201368562962,-9.932318219715093e-05
62,39,-0.0016095770315198172,-0.00012876616252158532
62,40,-0.002003112791550956,-0.0001669260659625796
62,41,-0.0024883528366732425,-0.00021637850753680372
62,42,-0.003085033869565142,-0.000280457624505922
62,43,-0.0038165207738573193,-0.0003634781689387923
62,44,-0.0047102191395983675,-0.0004710219139598368
62,45,-0.005797912433329689,-0.000610306571929441
62,46,-0.007115942653519614,-0.0007906602948355127
62,47,-0.008705111822421759,-0.001024130802637854
62,48,-0.0106101227749076,-0.00132626534686345
62,49,-0.012878294822567775,-0.0017171059763423698
62,50,-0.015557174115076329,-0.0022224534450109037
62,51,-0.01869049803819824,-0.0028754612366458823
62,52,-0.022311752206809747,-0.003718625367801625
62,53,-0.026434257625425957,-0.004806228659168355
62,54,-0.03103632032873775,-0.0062072640657475486
62,55,-0.03603944095266839,-0.008008764656148531
62,56,-0.041276902176515216,-0.010319225544128804
62,57,-0.046449262038074375,-0.01327121772516411
62,58,-0.051062595033355744,-0.017020865011118578
62,59,-0.054345598345773904,-0.02173823933830956
62,60,-0.055146208916303875,-0.027573104458151938
62,61,-0.05183051265276625,-0.03455367510184417
62,62,-0.04230435331494609,-0.04230435331494609
62,63,-0.02468024213671861,-0.04936048427343722
63,0,0.0,-0.03405223647464015
63,1,0.0305702586663699,-0.0305702586663699
63,2,0.04936048427343722,-0.02468024213671861
63,3,0.05817262367681204,-0.019390874558937343
63,4,0.06039348995692718,-0.015098372489231794
63,5,0.05854997286630091,-0.01170999457326018
63,6,0.054381232642079426,-0.009063538773679904
63,7,0.0490479611753242,-0.0070068515964748865
63,8,0.04330238144562253,-0.005412797680702817
63,9,0.03761352689180887,-0.004179280765756542
63,10,0.0322572351077588,-0.00322572351077588
63,11,0.027379965333985852,-0.0024890877576350776
63,12,0.023043577734947807,-0.0019202981445789844
63,13,0.01925640662908993,-0.001481262048391533
63,14,0.01599454318388014,-0.001142467370277153
63,15,0.013216177513686369,-0.0008810785009124246
63,16,0.010871061448495232,-0.000679441340530952
63,17,0.00890657430895217,-0.0005239161358207159
63,18,0.007271451398764928,-0.00040396952215360714
63,19,0.005917927841423823,-0.0003114698863907274
63,20,0.004802828266921605,-0.00024014141334608024
63,21,0.003887972956971074,-0.00018514156937957495
63,22,0.0031401565621015444,-0.0001427343891864338
63,23,0.002530874013102296,-0.00011003800056966505
63,24,0.0020359106548018206,-8.482961061674252e-05
63,25,0.0016348732619476032,-6.539493047790412e-05
63,26,0.001310710585401725,-5.041194559237406e-05
63,27,0.001049252878906951,-3.886121773729448e-05
63,28,0.0008387869038794487,-2.9956675138551736e-05
63,29,0.0006696743478209267,-2.3092218890376783e-05
63,30,0.0005340160886208022,-1.7800536287360076e-05
63,31,0.0004253613399204783,-1.372133354582188e-05
63,32,-0.0003384587453844869,-1.0576835793265216e-05
63,33,-0.0004253613399204783,-1.372133354582188e-05
63,34,-0.0005340160886208022,-1.7800536287360076e-05
63,35,-0.0006696743478209267,-2.3092218890376783e-05
63,36,-0.0008387869038794487,-2.9956675138551736e-05
63,37,-0.001049252878906951,-3.886121773729448e-05
63,38,-0.001310710585401725,-5.041194559237406e-05
63,39,-0.0016348732619476032,-6.539493047790412e-05
63,40,-0.0020359106548018206,-8.482961061674252e-05
63,41,-0.002530874013102296,-0.00011003800056966505
63,42,-0.0031401565621015444,-0.0001427343891864338
63,43,-0.003887972956971074,-0.00018514156937957495
63,44,-0.004802828266921605,-0.00024014141334608024
63,45,-0.005917927841423823,-0.0003114698863907274
63,46,-0.007271451398764928,-0.00040396952215360714
63,47,-0.00890657430895217,-0.0005239161358207159
63,48,-0.010871061448495232,-0.000679441340530952
63,49,-0.013216177513686369,-0.0008810785009124246
63,50,-0.01599454318388014,-0.001142467370277153
63,51,-0.01925640662908993,-0.001481262048391533
63,52,-0.023043577734947807,-0.0019202981445789844
63,53,-0.027379965333985852,-0.0024890877576350776
63,54,-0.0322572351077588,-0.00322572351077588
63,55,-0.03761352689180887,-0.004179280765756542
63,56,-0.04330238144562253,-0.005412797680702817
63,57,-0.0490479611753242,-0.0070068515964748865
63,58,-0.054381232642079426,-0.009063538773679904
63,59,-0.05854997286630091,-0.01170999457326018
63,60,-0.06039348995692718,-0.015098372489231794
63,61,-0.05817262367681204,-0.019390874558937343
63,62,-0.04936048427343722,-0.02468024213671861
63,63,-0.0305702586663699,-0.0305702586663699
