64,64
0,0,-0.00015223244227953564,-0.00015223244227953564
0,1,0.00015223244227953532,-0.19956953075987616
0,2,-0.00015223244227953602,-0.17957102125783025
0,3,0.00015223244227953247,-0.10692497781808427
0,4,-0.00015223244227953738,-0.056701294717491885
0,5,0.00015223244227953805,-0.03190487214309062
0,6,-0.0001522324422795428,-0.017570288797975123
0,7,0.00015223244227953955,-0.011247858667491138
0,8,-0.0001522324422795356,-0.006518325856877581
0,9,0.00015223244227954253,-0.004815072524633991
0,10,-0.00015223244227953464,-0.0028036135487705905
0,11,0.00015223244227953884,-0.0024033840960058545
0,12,-0.000152232442279529,-0.0013378234009444596
0,13,0.00015223244227953724,-0.0013480724281726643
0,14,-0.00015223244227952879,-0.0006842329790673228
0,15,0.00015223244227954751,-0.0008257572052568796
0,16,-0.00015223244227953564,-0.00036536920341293
0,17,0.00015223244227953293,-0.0005399415873661433
0,18,-0.0001522324422795382,-0.00019943389777776028
0,19,0.000152232442279529,-0.0003696518983480543
0,20,-0.00015223244227954171,-0.00010923240163185615
0,21,0.0001522324422795398,-0.00026025774473639393
0,22,-0.00015223244227953412,-5.89713096910199e-05
0,23,0.00015223244227952914,-0.00018491792493141937
0,24,-0.00015223244227953564,-3.080036504358183e-05
0,25,0.00015223244227952897,-0.00012944250420562475
0,26,-0.00015223244227953396,-1.5233886087331894e-05
0,27,0.0001522324422795375,-8.579429144045872e-05
0,28,-0.00015223244227953412,-6.909028148791713e-06
0,29,0.00015223244227953548,-4.9070761348128655e-05
0,30,-0.00015223244227954247,-2.5626696447539343e-06
0,31,0.0001522324422795338,-1.5988399519495378e-05
0,32,-0.00015223244227953564,1.5461027239976584e-08
0,33,0.00015223244227953922,1.5957403296032457e-05
0,34,-0.0001522324422795369,2.593889798910287e-06
0,35,0.00015223244227953594,4.903916317185869e-05
0,36,-0.00015223244227953564,6.941165852546866e-06
0,37,0.00015223244227953112,8.576144189331031e-05
0,38,-0.00015223244227953933,1.526763446861243e-05
0,39,0.00015223244227952567,0.0001294076508009806
0,40,-0.0001522324422795357,3.0836554285943764e-05
0,41,0.0001522324422795357,0.00018488013776347132
0,42,-0.00015223244227954022,5.901099644397829e-05
0,43,0.0001522324422795364,0.00026021580663541976
0,44,-0.00015223244227953881,0.00010927700652818518
0,45,0.00015223244227953724,0.00036960412974145775
0,46,-0.0001522324422795386,0.00019948543212798802
0,47,0.0001522324422795279,0.0005398855481545279
0,48,-0.00015223244227953564,0.0003654306676389125
0,49,0.00015223244227953293,0.0008256891532697202
0,50,-0.0001522324422795382,0.0006843091121464177
0,51,0.00015223244227953594,0.0013479862614517238
0,52,-0.00015223244227953478,0.0013379222059353322
0,53,0.00015223244227953632,0.002403269098542094
0,54,-0.00015223244227953412,0.00280374971648206
0,55,0.00015223244227953608,0.004814908001625966
0,56,-0.00015223244227953564,0.006518529478399267
0,57,0.00015223244227953537,0.011247599180069377
0,58,-0.00015223244227952702,0.017570631189165686
0,59,0.00015223244227954467,0.03190439093623659
0,60,-0.0001522324422795337,0.056701840632617115
0,61,0.00015223244227953206,0.10692155673858722
0,62,-0.0001522324422795249,0.17954620081505285
0,63,0.00015223244227953987,0.19940990550215199
1,0,0.19940990550215196,0.0001522324422795332
1,1,0.14916815105742848,-0.1490085257997043
1,2,0.0723584813070691,-0.1448702045544667
1,3,0.030644794717677917,-0.09168553956668707
1,4,0.012721913556572432,-0.051217577139513866
1,5,0.005949273594702697,-0.029333865783819177
1,6,0.0027141482786991493,-0.016779560661338674
1,7,0.0015955196781405458,-0.010591035442557236
1,8,0.0007234462290670014,-0.006447030997604018
1,9,0.0005874124420249216,-0.004543658224393956
1,10,0.00020386898413398853,-0.0028629787869522546
1,11,0.0002867159280309122,-0.0022449561366759555
1,12,3.57012100617956e-05,-0.0014175458288091343
1,13,0.00017784307531548124,-0.0012366560762829431
1,14,-2.8146049896576035e-05,-0.0007599271339593319
1,15,0.00013217592131798992,-0.0007402942715641294
1,16,-5.544860865072648e-05,-0.0004316103044293328
1,17,0.0001107132352356141,-0.0004719110059423423
1,18,-6.822261162975352e-05,-0.00025553497209780673
1,19,9.96847330651399e-05,-0.00031487436095324357
1,20,-7.462360463163448e-05,-0.00015569634547970114
1,21,9.360830213044416e-05,-0.0002163698560161461
1,22,-7.800197881614995e-05,-9.651387481800049e-05
1,23,9.00813742786789e-05,-0.00015045108334318415
1,24,-7.98521732305846e-05,-6.00743710566674e-05
1,25,8.79669255135075e-05,-0.0001034352411065139
1,26,-8.088526976072889e-05,-3.6759604697048434e-05
1,27,8.669451703111584e-05,-6.760892789787684e-05
1,28,-8.145545268993786e-05,-2.106576521381312e-05
1,29,8.596820207601788e-05,-3.829916799539396e-05
1,30,-8.174177062630211e-05,-9.596157075228429e-06
1,31,8.563708033955397e-05,-1.240190290936749e-05
1,32,-8.182888381993991e-05,-1.5461027240843946e-08
1,33,8.563708033960948e-05,1.2432899132816533e-05
1,34,-8.174177062630211e-05,9.564936921016565e-06
1,35,8.596820207601788e-05,3.833076617165698e-05
1,36,-8.145545268993873e-05,2.1033627510061437e-05
1,37,8.669451703111324e-05,6.764177744502699e-05
1,38,-8.08852697607226e-05,3.67258563157731e-05
1,39,8.796692551350251e-05,0.0001034700945111754
1,40,-7.985217323058498e-05,6.0038181814305036e-05
1,41,9.008137427866686e-05,0.00015048887051116256
1,42,-7.800197881615382e-05,9.64741880650499e-05
1,43,9.360830213043656e-05,0.0002164117941171129
1,44,-7.46236046316336e-05,0.00015565174058336084
1,45,9.968473306515513e-05,0.0003149221295598326
1,46,-6.822261162976407e-05,0.00025548343774758366
1,47,0.00011071323523560965,0.00047196704515397616
1,48,-5.544860865072682e-05,0.0004315488402033503
1,49,0.00013217592131798545,0.0007403623235512843
1,50,-2.814604989657965e-05,0.00075985100088026
1,51,0.00017784307531548086,0.0012367422430038912
1,52,3.5701210061791274e-05,0.0014174470238182799
1,53,0.0002867159280309107,0.0022450711341397023
1,54,0.0002038689841339916,0.002862842619240809
1,55,0.0005874124420249234,0.004543822747401992
1,56,0.0007234462290670006,0.0064468273760823315
1,57,0.0015955196781405547,0.010591294929978996
1,58,0.0027141482786991623,0.016779218270148104
1,59,0.0059492735947027165,0.029334346990673183
1,60,0.012721913556572435,0.051217031224388615
1,61,0.03064479471767791,0.09168896064618418
1,62,0.07235848130706912,0.1448950249972441
1,63,0.14916815105742848,0.14916815105742848
2,0,0.17954620081505282,-0.00015223244227953562
2,1,0.1448950249972441,-0.0725181065647933
2,2,0.08312313837511888,-0.0831479588178963
2,3,0.0406376612379369,-0.060938188905295385
2,4,0.019161642727396077,-0.0383494588723574
2,5,0.009386055116326003,-0.023432187969257272
2,6,0.004783555325517408,-0.01439006302777816
2,7,0.0026334836347833195,-0.009170721825973747
2,8,0.0014755776366879342,-0.005954793086885707
2,9,0.0009158107370768921,-0.004061049167127678
2,10,0.0005436370770189986,-0.002783579137174718
2,11,0.00038052994813404665,-0.0020189828135953585
2,12,0.00022721638291873313,-0.0014414009486069758
2,13,0.0001830878919292508,-0.0011020206901408125
2,14,0.0001026193871486054,-0.0008088930299945329
2,15,9.99579521478539e-05,-0.0006471381751904666
2,16,4.754932704018057e-05,-0.00048307868942414967
2,17,6.112981536368287e-05,-0.00040207019422532075
2,18,2.0901773855313416e-05,-0.00030249671718025894
2,19,4.144389483540928e-05,-0.0002605560244801075
2,20,7.053657902711397e-06,-0.000196040359159602
2,21,3.0797046656618615e-05,-0.0001737340706446254
2,22,-5.530169524588929e-07,-0.00012976430369207636
2,23,2.47503493193673e-05,-0.0001173855111153083
2,24,-4.901388541419822e-06,-8.629515194486176e-05
2,25,2.120688752437318e-05,-7.868462148583489e-05
2,26,-7.43768425063825e-06,-5.616133272864313e-05
2,27,1.9119680145643532e-05,-5.0397890711312635e-05
2,28,-8.895239017802162e-06,-3.385915380882745e-05
2,29,1.794901056560369e-05,-2.815513416088572e-05
2,30,-9.650803000096908e-06,-1.593699288379713e-05
2,31,1.7421447029750126e-05,-9.068276760774985e-06
2,32,-9.884788367858777e-06,1.546102723985461e-08
2,33,1.742144702979176e-05,9.037280537305126e-06
2,34,-9.65080300008303e-06,1.5968213037981238e-05
2,35,1.794901056560022e-05,2.8123535984626163e-05
2,36,-8.895239017796958e-06,3.3891291512575666e-05
2,37,1.911968014564787e-05,5.036504116416596e-05
2,38,-7.437684250639117e-06,5.619508110991586e-05
2,39,2.120688752437188e-05,7.864976808119942e-05
2,40,-4.90138854141993e-06,8.633134118722456e-05
2,41,2.4750349319351743e-05,0.00011734772394733726
2,42,-5.530169524574293e-07,0.00012980399044502998
2,43,3.079704665661295e-05,0.000173692132543646
2,44,7.05365790271202e-06,0.00019608496405593416
2,45,4.144389483541309e-05,0.0002605082558735037
2,46,2.0901773855321507e-05,0.00030254825153048386
2,47,6.112981536369073e-05,0.0004020141550136973
2,48,4.754932704018054e-05,0.0004831401536501322
2,49,9.995795214784789e-05,0.0006470701232032944
2,50,0.00010261938714859267,0.0008089691630736168
2,51,0.00018308789192925112,0.0011019345234198827
2,52,0.00022721638291873028,0.0014414997535978453
2,53,0.00038052994813403754,0.002018867816131616
2,54,0.0005436370770189967,0.0027837153048861853
2,55,0.0009158107370768973,0.0040608846441196654
2,56,0.0014755776366879342,0.005954996708407392
2,57,0.002633483634783325,0.009170462338551979
2,58,0.004783555325517417,0.014390405418968723
2,59,0.009386055116326009,0.023431706762403248
2,60,0.019161642727396087,0.03835000478748264
2,61,0.0406376612379369,0.06093476782579831
2,62,0.08312313837511888,0.08312313837511888
2,63,0.1448950249972441,0.07235848130706912
3,0,0.10692155673858719,0.0001522324422795316
3,1,0.09168896064618416,-0.03048516945995374
3,2,0.060934767825798306,-0.04061284079515948
3,3,0.03490299975210165,-0.03489957867260457
3,4,0.018832114618135512,-0.025112206000458336
3,5,0.010148787699899953,-0.01691124862888315
3,6,0.005597766200244637,-0.01119929920974638
3,7,0.0032111117904699703,-0.007487879134731288
3,8,0.0019056631306014161,-0.005086501734562302
3,9,0.0011821071587469296,-0.0035400834068522167
3,10,0.000751118363102991,-0.002509297015275458
3,11,0.000499789096661003,-0.001824579965380041
3,12,0.0003346925211974731,-0.0013449704902412964
3,13,0.00023680161612089445,-0.00101614895783772
3,14,0.00016433717268702708,-0.0007734605622985221
3,15,0.00012310408579629443,-0.0006031756345037973
3,16,8.704234503583951e-05,-0.0004707671488541044
3,17,6.913282134178231e-05,-0.00037661386133060106
3,18,4.890462440607611e-05,-0.0002994765345410641
3,19,4.150447905379266e-05,-0.00024435393513355663
3,20,2.8775462027353857e-05,-0.00019675699661751873
3,21,2.6483389329086653e-05,-0.0001627448533316556
3,22,1.7573880751914437e-05,-0.0001318132808624322
3,23,1.7933145886666387e-05,-0.00010968916475128125
3,24,1.1098370275110236e-05,-8.857424697071526e-05
3,25,1.2921196724854011e-05,-7.330455356447264e-05
3,26,7.285073988034987e-06,-5.8144276021064936e-05
3,27,9.971565722245203e-06,-4.681310798386115e-05
3,28,5.076611332454836e-06,-3.528944394426588e-05
3,29,8.319276989875168e-06,-2.60845621596964e-05
3,30,3.925435126280602e-06,-1.6692171003414996e-05
3,31,7.575450411807794e-06,-8.371745404993011e-06
3,32,3.5678979212749873e-06,-1.5461027239190538e-08
3,33,7.5754504118147326e-06,8.402741628450727e-06
3,34,3.925435126280602e-06,1.666095084922742e-05
3,35,8.319276989882107e-06,2.6116160335955957e-05
3,36,5.076611332458306e-06,3.525730624051246e-05
3,37,9.971565722251274e-06,4.684595753100956e-05
3,38,7.28507398803542e-06,5.811052763979221e-05
3,39,1.2921196724852927e-05,7.333940696912242e-05
3,40,1.109837027511208e-05,8.85380577283529e-05
3,41,1.7933145886665845e-05,0.00010972695191924621
3,42,1.757388075191021e-05,0.00013177359410947468
3,43,2.6483389329084105e-05,0.00016278679143262825
3,44,2.8775462027354128e-05,0.0001967123917211831
3,45,4.1504479053795575e-05,0.00024440170374014753
3,46,4.890462440607914e-05,0.0002994250001908307
3,47,6.913282134177697e-05,0.00037666990054223035
3,48,8.70423450358388e-05,0.000470705684628122
3,49,0.0001231040857962891,0.0006032436864909655
3,50,0.00016433717268703012,0.0007733844292194397
3,51,0.00023680161612089044,0.0010162351245586593
3,52,0.0003346925211974716,0.001344871685250439
3,53,0.000499789096660997,0.0018246949628437916
3,54,0.0007511183631029937,0.0025091608475639963
3,55,0.0011821071587469335,0.0035402479298602464
3,56,0.0019056631306014161,0.005086298113040616
3,57,0.0032111117904699733,0.007488138622153052
3,58,0.005597766200244644,0.011198956818555815
3,59,0.01014878769989996,0.01691172983573717
3,60,0.018832114618135512,0.025111660085333096
3,61,0.03490299975210164,0.03490299975210165
3,62,0.060934767825798306,0.0406376612379369
3,63,0.09168896064618415,0.030644794717677913
4,0,0.056701840632617115,-0.00015223244227953795
4,1,0.051217031224388636,-0.012881538814296621
4,2,0.03835000478748264,-0.019186463170173498
4,3,0.025111660085333103,-0.01883553569763259
4,4,0.015326256604182667,-0.015325710689057423
4,5,0.009121554123054909,-0.011402493780718509
4,6,0.005448659822192952,-0.00817229165833144
4,7,0.003311258553978797,-0.005795155971274027
4,8,0.0020643248547490035,-0.004127641801417389
4,9,0.0013202263500170393,-0.002970782085196952
4,10,0.0008686128308172927,-0.0021700136223781613
4,11,0.0005847128924228733,-0.001607880762096376
4,12,0.0004042840550874809,-0.001210587083065089
4,13,0.0002843522447700699,-0.0009234694116440831
4,14,0.00020520427151388788,-0.000714907409834908
4,15,0.0001495708372458265,-0.0005592971628313625
4,16,0.00011199522654413431,-0.00044325295660550704
4,17,8.397380060864556e-05,-0.00035395558674543087
4,18,6.498273500377648e-05,-0.00028578474620119185
4,19,4.980964736466843e-05,-0.0002317699481630903
4,20,3.976904237477886e-05,-0.0001896555535276503
4,21,3.1007816337897884e-05,-0.00015533735798460135
4,22,2.5568633901848015e-05,-0.0001280275372210044
4,23,2.0212587712858986e-05,-0.00010514829229791222
4,24,1.7284161097680124e-05,-8.652681179325281e-05
4,25,1.3845890337492277e-05,-7.047664410692392e-05
4,26,1.2371647110390183e-05,-5.7038276402604504e-05
4,27,1.0083132501444853e-05,-4.5098419200174066e-05
4,28,9.512102385385475e-06,-3.4711533968413526e-05
4,29,7.96956749193889e-06,-2.516874767701134e-05
4,30,8.01653287831744e-06,-1.6432298020226804e-05
4,31,7.0166155331299884e-06,-8.102238307335953e-06
4,32,7.551252110351431e-06,1.546102723985461e-08
4,33,7.0166155331299884e-06,8.071242083879972e-06
4,34,8.016532878320909e-06,1.6463518174414382e-05
4,35,7.969567491937155e-06,2.5137149500748315e-05
4,36,9.512102385386342e-06,3.474367167216434e-05
4,37,1.0083132501446587e-05,4.5065569653031726e-05
4,38,1.2371647110390183e-05,5.707202478387897e-05
4,39,1.3845890337490759e-05,7.044179070227544e-05
4,40,1.728416109768034e-05,8.656300103561474e-05
4,41,2.021258771285725e-05,0.00010511050512994487
4,42,2.556863390184449e-05,0.00012806722397395998
4,43,3.100781633789653e-05,0.00015529541988362717
4,44,3.976904237477943e-05,0.00018970015842398119
4,45,4.9809647364667186e-05,0.00023172217955649312
4,46,6.498273500377512e-05,0.00028583628055141644
4,47,8.397380060864285e-05,0.00035389954753380526
4,48,0.00011199522654413428,0.0004433144208314891
4,49,0.0001495708372458238,0.0005592291108441881
4,50,0.00020520427151389,0.0007149835429139904
4,51,0.00028435224477006867,0.0009233832449231519
4,52,0.00040428405508748056,0.001210685888055953
4,53,0.0005847128924228711,0.0016077657646326252
4,54,0.0008686128308172932,0.0021701497900896293
4,55,0.0013202263500170406,0.0029706175621889296
4,56,0.0020643248547490027,0.004127845422939074
4,57,0.0033112585539787987,0.005794896483852263
4,58,0.005448659822192952,0.008172634049522006
4,59,0.00912155412305491,0.011402012573864487
4,60,0.015326256604182669,0.015326256604182666
4,61,0.0251116600853331,0.018832114618135512
4,62,0.03835000478748265,0.01916164272739607
4,63,0.051217031224388636,0.012721913556572435
5,0,0.03190439093623661,0.00015223244227953922
5,1,0.0293343469906732,-0.005789648336978522
5,2,0.023431706762403255,-0.00936123467354858
5,3,0.016911729835737174,-0.010145366620402874
5,4,0.01140201257386449,-0.009122100038180151
5,5,0.00742364453383498,-0.007423163326980961
5,6,0.004774859247858575,-0.0057302514161065455
5,7,0.003084844813096445,-0.004318153265350593
5,8,0.0020161701378476732,-0.003226140629801965
5,9,0.0013420233148344425,-0.002414662162313476
5,10,0.0009088787680241741,-0.0018177411632765651
5,11,0.0006289171339940354,-0.0013820739175532228
5,12,0.000442175504599607,-0.0010607138344667939
5,13,0.0003177330520795883,-0.000823736797489364
5,14,0.00023100733506867558,-0.0006455434611051743
5,15,0.00017174884510635577,-0.0005117215922313884
5,16,0.0001284545163243934,-0.00040864298723042894
5,17,9.847491257821057e-05,-0.0003297102388569815
5,18,7.538540798965234e-05,-0.000267365936877738
5,19,5.94610379218161e-05,-0.0002187172861814286
5,20,4.639347772406087e-05,-0.00017931643970402374
5,21,3.7639811211808566e-05,-0.0001479952858461002
5,22,2.984315178193185e-05,-0.00012198085023638211
5,23,2.4958941210939754e-05,-0.00010088462728153431
5,24,2.0091183980417782e-05,-8.290161897751575e-05
5,25,1.7412523293121145e-05,-6.796231961436489e-05
5,26,1.4266332133631553e-05,-5.4868892104425505e-05
5,27,1.2923089481899942e-05,-4.3638434031439185e-05
5,28,1.0858369257791753e-05,-3.348794450456095e-05
5,29,1.0389902743301524e-05,-2.439777789835923e-05
5,30,9.07014587444438e-06,-1.5891870837840723e-05
5,31,9.244709756765779e-06,-7.842463683914273e-06
5,32,8.51293105997436e-06,-1.5461027239705534e-08
5,33,9.244709756767513e-06,7.87345990737199e-06
5,34,9.07014587444438e-06,1.5860650683652278e-05
5,35,1.0389902743301524e-05,2.4429376074623123e-05
5,36,1.085836925779262e-05,3.3455806800808396e-05
5,37,1.2923089481900376e-05,4.367128357858456e-05
5,38,1.4266332133631553e-05,5.483514372315321e-05
5,39,1.7412523293120277e-05,6.799717301901511e-05
5,40,2.0091183980416264e-05,8.286542973515339e-05
5,41,2.49589412109365e-05,0.00010092241444949971
5,42,2.9843151781929302e-05,0.00012194116348342881
5,43,3.7639811211806994e-05,0.0001480372239470746
5,44,4.639347772405984e-05,0.00017927183480768896
5,45,5.946103792181469e-05,0.00021876505478802503
5,46,7.53854079896519e-05,0.00026731440252750996
5,47,9.847491257821209e-05,0.00032976627806861436
5,48,0.00012845451632439265,0.0004085815230044463
5,49,0.00017174884510635208,0.0005117896442185538
5,50,0.00023100733506867342,0.0006454673280260918
5,51,0.00031773305207958864,0.0008238229642102976
5,52,0.00044217550459960597,0.0010606150294759338
5,53,0.000628917133994033,0.0013821889150169738
5,54,0.0009088787680241729,0.0018176049955651039
5,55,0.0013420233148344449,0.002414826685321504
5,56,0.0020161701378476737,0.0032259370082802813
5,57,0.0030848448130964463,0.004318412752772358
5,58,0.0047748592478585785,0.005729909024915978
5,59,0.007423644533834982,0.00742364453383498
5,60,0.01140201257386449,0.009121554123054907
5,61,0.016911729835737174,0.010148787699899952
5,62,0.023431706762403248,0.009386055116326002
5,63,0.029334346990673194,0.005949273594702709
6,0,0.017570631189165693,-0.00015223244227953795
6,1,0.016779218270148107,-0.002873773536423332
6,2,0.014390405418968723,-0.0048083757682948255
6,3,0.01119895681855582,-0.005601187279741718
6,4,0.008172634049522003,-0.005448113907067708
6,5,0.005729909024915977,-0.004775340454712593
6,6,0.003940283943364776,-0.0039399415521742115
6,7,0.0026912535769030863,-0.0031400606596096977
6,8,0.0018455619029538214,-0.002460216090071919
6,9,0.0012755254683792564,-0.0019133190515299295
6,10,0.0008934974860151065,-0.0014882394430933419
6,11,0.0006334411072254906,-0.0011609354623906948
6,12,0.00045656368227123105,-0.0009115814443040672
6,13,0.00033285028025597304,-0.0007201586667593936
6,14,0.0002469597765574775,-0.0005737805188669638
6,15,0.00018480937501239914,-0.0004600469936597912
6,16,0.00014090597408763093,-0.0003720089208671299
6,17,0.00010790227156214733,-0.0003023768955768019
6,18,8.438435139943024e-05,-0.0002476576385553992
6,19,6.592217004421194e-05,-0.0002035025857539507
6,20,5.283092285194332e-05,-0.00016823448247809628
6,21,4.200777494256058e-05,-0.00013916538070446243
6,22,3.452513997851173e-05,-0.00011553002802836107
6,23,2.7919986463677293e-05,-9.560644954131306e-05
6,24,2.3607259549240206e-05,-7.90639354070798e-05
6,25,1.9451253787208453e-05,-6.477336217623883e-05
6,26,1.7027011860318905e-05,-5.258574287482216e-05
6,27,1.4376152670798718e-05,-4.176076024527435e-05
6,28,1.3152231179131176e-05,-3.219360129081772e-05
6,29,1.1498204169431772e-05,-2.3417392086200715e-05
6,30,1.1110564339572408e-05,-1.5292397747810032e-05
6,31,1.019336913411252e-05,-7.556536131661561e-06
6,32,1.0473067107392986e-05,1.54610272400579e-08
6,33,1.0193369134114255e-05,7.525539908202327e-06
6,34,1.1110564339573276e-05,1.5323617901998477e-05
6,35,1.149820416943264e-05,2.3385793909935088e-05
6,36,1.3152231179133778e-05,3.222573899456984e-05
6,37,1.4376152670800887e-05,4.172791069812854e-05
6,38,1.7027011860319772e-05,5.261949125609511e-05
6,39,1.945125378720867e-05,6.473850877159164e-05
6,40,2.3607259549240206e-05,7.910012464944281e-05
6,41,2.7919986463677076e-05,9.556866237334636e-05
6,42,3.452513997851157e-05,0.00011556971478131534
6,43,4.200777494255928e-05,0.00013912344260348902
6,44,5.2830922851943403e-05,0.00016827908737442954
6,45,6.592217004421249e-05,0.00020345481714735162
6,46,8.438435139942965e-05,0.00024770917290562546
6,47,0.00010790227156214755,0.00030232085636517416
6,48,0.0001409059740876312,0.0003720703850931133
6,49,0.00018480937501239763,0.0004599789416726217
6,50,0.00024695977655747603,0.000573856651946049
6,51,0.000332850280255971,0.0007200725000384618
6,52,0.000456563682271229,0.0009116802492949282
6,53,0.0006334411072254885,0.0011608204649269436
6,54,0.000893497486015106,0.0014883756108048057
6,55,0.0012755254683792564,0.0019131545285219038
6,56,0.0018455619029538206,0.0024604197115936028
6,57,0.0026912535769030863,0.0031398011721879334
6,58,0.003940283943364778,0.003940283943364777
6,59,0.005729909024915981,0.004774859247858575
6,60,0.008172634049522006,0.005448659822192949
6,61,0.011198956818555818,0.005597766200244638
6,62,0.014390405418968723,0.004783555325517401
6,63,0.01677921827014811,0.0027141482786991475
7,0,0.011247599180069375,0.00015223244227953255
7,1,0.010591294929979008,-0.0014358944204163743
7,2,0.009170462338551982,-0.0026086631920059014
7,3,0.00748813862215306,-0.00320769071097289
7,4,0.005794896483852263,-0.003311804469104039
7,5,0.004318412752772361,-0.0030843636062424266
7,6,0.0031398011721879325,-0.0026915959680936536
7,7,0.002257004029211071,-0.0022567445417893076
7,8,0.001615390366727371,-0.0018463189767749448
7,9,0.0011602307070643853,-0.0014912220837696312
7,10,0.0008376613556345234,-0.0011965065716638048
7,11,0.0006110468556701286,-0.0009592585069468379
7,12,0.0004494539908722524,-0.0007698255484969645
7,13,0.0003349767230437445,-0.0006204301549094296
7,14,0.0002516770294469021,-0.0005018994714852715
7,15,0.00019187685911211175,-0.0004084617649877124
7,16,0.00014717024468136622,-0.00033379228781236505
7,17,0.00011471773529143008,-0.0002744542077952057
7,18,8.967691278591848e-05,-0.0002263996717514294
7,19,7.142490269592674e-05,-0.00018775035999249554
7,20,5.6815853866564684e-05,-0.0001559324852474967
7,21,4.624850902457101e-05,-0.00012996516157486894
7,22,3.741165707777782e-05,-0.00010818688940762667
7,23,3.118427432257959e-05,-9.009620184467196e-05
7,24,2.56841241053962e-05,-7.460311679624045e-05
7,25,2.202173839622578e-05,-6.144163342033221e-05
7,26,1.8546105082762948e-05,-4.989416338151164e-05
7,27,1.6483396523802804e-05,-3.9789816478470914e-05
7,28,1.4313410468972353e-05,-3.066675082498307e-05
7,29,1.3324091750506386e-05,-2.2366524831291933e-05
7,30,1.2073087177764605e-05,-1.4612829771432556e-05
7,31,1.188669499978777e-05,-7.207664889462783e-06
7,32,1.1372012001943654e-05,-1.5461027239027907e-08
7,33,1.1886694999786035e-05,7.2386611129216915e-06
7,34,1.2073087177762003e-05,1.4581609617241942e-05
7,35,1.3324091750505519e-05,2.2398123007553008e-05
7,36,1.4313410468972786e-05,3.063461312122857e-05
7,37,1.648339652380454e-05,3.9822666025615206e-05
7,38,1.8546105082763165e-05,4.986041500023826e-05
7,39,2.2021738396224046e-05,6.147648682497983e-05
7,40,2.5684124105395116e-05,7.456692755387657e-05
7,41,3.1184274322579916e-05,9.013398901263616e-05
7,42,3.741165707777923e-05,0.00010814720265466893
7,43,4.6248509024573016e-05,0.00013000709967584073
7,44,5.681585386656745e-05,0.00015588788035116383
7,45,7.142490269592891e-05,0.00018779812859909517
7,46,8.967691278591913e-05,0.00022634813740120388
7,47,0.00011471773529142969,0.00027451024700683686
7,48,0.00014717024468136698,0.0003337308235863843
7,49,0.0001918768591121131,0.00040852981697488323
7,50,0.00025167702944690277,0.0005018233384061902
7,51,0.00033497672304374495,0.0006205163216303652
7,52,0.00044945399087225257,0.0007697267435061058
7,53,0.0006110468556701277,0.0009593735044105904
7,54,0.0008376613556345227,0.001196370403952342
7,55,0.0011602307070643844,0.0014913866067776571
7,56,0.0016153903667273707,0.0018461153552532593
7,57,0.002257004029211072,0.002257004029211071
7,58,0.0031398011721879334,0.0026912535769030863
7,59,0.004318412752772361,0.003084844813096444
7,60,0.005794896483852261,0.0033112585539787987
7,61,0.007488138622153055,0.003211111790469971
7,62,0.009170462338551974,0.002633483634783322
7,63,0.010591294929979,0.0015955196781405516
8,0,0.006518529478399265,-0.00015223244227953567
8,1,0.006446827376082338,-0.0008830714867911836
8,2,0.005954996708407385,-0.0015003980794653553
8,3,0.0050862981130406215,-0.0019090842100984934
8,4,0.004127845422939072,-0.0020637789396237612
8,5,0.0032259370082802835,-0.0020166513447016916
8,6,0.002460419711593602,-0.0018452195117632552
8,7,0.0018461153552532595,-0.0016156498541491338
8,8,0.001375512817568537,-0.0013753091960468508
8,9,0.0010216380956881684,-0.0011494179337953395
8,10,0.0007611506288478899,-0.000950928570302345
8,11,0.0005689862701109006,-0.0007820391920482296
8,12,0.0004288579189642149,-0.0006422415860111643
8,13,0.00032507656953267004,-0.0005273053623181273
8,14,0.0002490985123138265,-0.00043405818764029883
8,15,0.00019194426107742491,-0.00035801704144092597
8,16,0.00014977176405867395,-0.0002965040064138042
8,17,0.00011734112545634987,-0.000246141525498774
8,18,9.326646389505285e-05,-0.00020518068568439957
8,19,7.425296687504142e-05,-0.00017130153803629217
8,20,6.014076543423339e-05,-0.00014346681256602897
8,21,4.863999279479858e-05,-0.00012012165290168806
8,22,4.0198774896937385e-05,-0.00010067347210299094
8,23,3.3057072452565396e-05,-8.408338625789024e-05
8,24,2.7967722240319578e-05,-7.000768040496563e-05
8,25,2.3459297783796733e-05,-5.7754175363518225e-05
8,26,2.044079572646783e-05,-4.7101435913291054e-05
8,27,1.760420261802246e-05,-3.759645726286753e-05
8,28,1.5942067917553218e-05,-2.9060660710567227e-05
8,29,1.4243007866592081e-05,-2.121266898546571e-05
8,30,1.3548686610787269e-05,-1.3865713190390591e-05
8,31,1.2708071406683681e-05,-6.866522127369726e-06
8,32,1.2797816485686075e-05,1.5461027239990137e-08
8,33,1.2708071406684548e-05,6.8355259039113055e-06
8,34,1.3548686610787702e-05,1.3896933344579904e-05
8,35,1.4243007866591648e-05,2.118107080920225e-05
8,36,1.5942067917553652e-05,2.909279841432021e-05
8,37,1.7604202618022894e-05,3.7563607715721935e-05
8,38,2.0440795726468265e-05,4.7135184294564e-05
8,39,2.3459297783796516e-05,5.771932195887072e-05
8,40,2.7967722240319578e-05,7.004386964732778e-05
8,41,3.305707245256518e-05,8.404559908992246e-05
8,42,4.019877489693722e-05,0.00010071315885594521
8,43,4.863999279479858e-05,0.00012007971480071389
8,44,6.014076543423344e-05,0.00014351141746236185
8,45,7.42529668750411e-05,0.00017125376942969488
8,46,9.326646389505278e-05,0.0002052322200346267
8,47,0.00011734112545634998,0.00024608548628714537
8,48,0.00014977176405867385,0.00029656547063978674
8,49,0.00019194426107742416,0.0003579489894537561
8,50,0.00024909851231382646,0.00043413432071938256
8,51,0.00032507656953267015,0.000527219195597194
8,52,0.00042885791896421494,0.0006423403910020261
8,53,0.0005689862701109004,0.0007819241945844797
8,54,0.00076115062884789,0.0009510647380138093
8,55,0.0010216380956881686,0.0011492534107873137
8,56,0.001375512817568537,0.001375512817568536
8,57,0.0018461153552532597,0.0016153903667273715
8,58,0.0024604197115936023,0.001845561902953822
8,59,0.0032259370082802843,0.0020161701378476737
8,60,0.004127845422939073,0.0020643248547490027
8,61,0.0050862981130406215,0.0019056631306014152
8,62,0.005954996708407385,0.0014755776366879342
8,63,0.006446827376082338,0.0007234462290670019
9,0,0.004814908001625963,0.00015223244227953805
9,1,0.004543822747401992,-0.00042778718430074426
9,2,0.004060884644119659,-0.0008909902942994741
9,3,0.0035402479298602477,-0.0011786860792498523
9,4,0.002970617562188928,-0.0013207722651422814
9,5,0.002414826685321504,-0.0013415421079804265
9,6,0.0019131545285219036,-0.0012758678595698263
9,7,0.0014913866067776571,-0.0011599712196426232
9,8,0.001149253410787315,-0.0010218417172098548
9,9,0.0008817257828575629,-0.0008815612598495372
9,10,0.0006747189692942851,-0.0007496916586197048
9,11,0.0005177617933895116,-0.0006322779896701762
9,12,0.0003981142699339284,-0.0005303434138354924
9,13,0.00030822431346621073,-0.0004440418697743188
9,14,0.0002395223553720648,-0.00037136881480694843
9,15,0.00018786801477954456,-0.00031100090840178465
9,16,0.00014789768193828497,-0.0002606193884410648
9,17,0.00011773554819231837,-0.00021894240228888357
9,18,9.396448536373118e-05,-0.0001840924823946861
9,19,7.599506095963933e-05,-0.00015515124077240737
9,20,6.15070873465223e-05,-0.0001307532624187262
9,21,5.060251854582259e-05,-0.0001103043438606152
9,22,4.156955287327351e-05,-9.285093038316196e-05
9,23,3.487600850169098e-05,-7.801662068719861e-05
9,24,2.915114547660878e-05,-6.514898287829617e-05
9,25,2.5057379262486204e-05,-5.399649452249983e-05
9,26,2.1419871919672265e-05,-4.412287579349974e-05
9,27,1.9007067992574383e-05,-3.533442141894351e-05
9,28,1.6760408032969387e-05,-2.7352203802472747e-05
9,29,1.5509582632337263e-05,-1.999410453238672e-05
9,30,1.4268098175417888e-05,-1.309881965007515e-05
9,31,1.3905853625950995e-05,-6.463029544287436e-06
9,32,1.3484109016621056e-05,-1.5461027240559343e-08
9,33,1.3905853625948827e-05,6.494025767745396e-06
9,34,1.426809817541572e-05,1.3067599495886922e-05
9,35,1.550958263233683e-05,2.0025702708651697e-05
9,36,1.6760408032970905e-05,2.732006609872128e-05
9,37,1.9007067992576118e-05,3.536727096609051e-05
9,38,2.1419871919674e-05,4.4089127412228857e-05
9,39,2.5057379262488047e-05,5.403134792714907e-05
9,40,2.9151145476610297e-05,6.511279363593533e-05
9,41,3.487600850169423e-05,7.805440785516732e-05
9,42,4.1569552873278715e-05,9.281124363020796e-05
9,43,5.060251854582668e-05,0.00011034628196158683
9,44,6.150708734652501e-05,0.00013070865752238986
9,45,7.599506095964015e-05,0.0001551990093790024
9,46,9.396448536373001e-05,0.00018404094804445726
9,47,0.00011773554819231794,0.00021899844150051156
9,48,0.00014789768193828557,0.0002605579242150812
9,49,0.00018786801477954586,0.0003110689603889533
9,50,0.00023952235537206732,0.00037129268172786433
9,51,0.0003082243134662135,0.0004441280364952514
9,52,0.00039811426993393044,0.0005302446088446293
9,53,0.0005177617933895117,0.0006323929871339231
9,54,0.0006747189692942839,0.0007495554909082375
9,55,0.0008817257828575612,0.0008817257828575605
9,56,0.0011492534107873128,0.0010216380956881684
9,57,0.0014913866067776558,0.0011602307070643861
9,58,0.0019131545285219027,0.001275525468379259
9,59,0.0024148266853215032,0.0013420233148344438
9,60,0.0029706175621889257,0.00132022635001704
9,61,0.003540247929860246,0.0011821071587469318
9,62,0.004060884644119657,0.0009158107370768959
9,63,0.004543822747401989,0.0005874124420249288
10,0,0.0028037497164820537,-0.00015223244227953288
10,1,0.002862842619240807,-0.0003634942418581745
10,2,0.0027837153048861827,-0.0005684575197964124
10,3,0.002509160847563996,-0.0007545394426000687
10,4,0.0021701497900896245,-0.0008680669156920492
10,5,0.0018176049955651024,-0.00090935997487819
10,6,0.0014883756108048049,-0.0008931550948245391
10,7,0.001196370403952342,-0.0008379208430562862
10,8,0.000951064738013809,-0.0007609470073262044
10,9,0.0007495554909082408,-0.0006748834923023091
10,10,0.0005891365257778656,-0.0005890003580664011
10,11,0.0004619619752455786,-0.000508097198245003
10,12,0.000363197363095256,-0.0004352429980618677
10,13,0.00028582727457983174,-0.000370939510643573
10,14,0.00022628415492868478,-0.0003154700828253228
10,15,0.0001795526585823367,-0.00026782037069902556
10,16,0.0001436494601634915,-0.00022743430934095676
10,17,0.00011518512927160627,-0.00019305486754862412
10,18,9.331203838416556e-05,-0.00016404805664793707
10,19,7.570018038433331e-05,-0.0001393363059710795
10,20,6.219525450627188e-05,-0.00011841708918231575
10,21,5.110638688690967e-05,-0.00010047148009357487
10,22,4.267687921172497e-05,-8.514018725674222e-05
10,23,3.559288709848325e-05,-7.183466855092068e-05
10,24,3.0320900209764826e-05,-6.029806805281417e-05
10,25,2.5770323813539397e-05,-5.012358890432928e-05
10,26,2.2533406201240757e-05,-4.1112030953813184e-05
10,27,1.9654219141000077e-05,-3.299539790054733e-05
10,28,1.779818084126435e-05,-2.5595566528195776e-05
10,29,1.6093111508812177e-05,-1.8750792021930403e-05
10,30,1.525063531177635e-05,-1.227601710010424e-05
10,31,1.445325603405029e-05,-6.091980452336594e-06
10,32,1.4446973944753612e-05,1.5461027239813954e-08
10,33,1.445325603405029e-05,6.060984228878092e-06
10,34,1.5250635311775482e-05,1.2307237254294094e-05
10,35,1.609311150881131e-05,1.8719193845667648e-05
10,36,1.779818084126348e-05,2.5627704231949195e-05
10,37,1.9654219140998993e-05,3.296254835340282e-05
10,38,2.2533406201239673e-05,4.1145779335086726e-05
10,39,2.5770323813538204e-05,5.0088735499682316e-05
10,40,3.0320900209764175e-05,6.0334257295176805e-05
10,41,3.559288709848222e-05,7.179688138295376e-05
10,42,4.267687921172367e-05,8.517987400969757e-05
10,43,5.1106386886908776e-05,0.00010042954199260257
10,44,6.219525450627174e-05,0.00011846169407865064
10,45,7.570018038433392e-05,0.00013928853736448315
10,46,9.331203838416673e-05,0.0001640995909981654
10,47,0.00011518512927160812,0.00019299882833699627
10,48,0.00014364946016349334,0.00022749577356693938
10,49,0.00017955265858233792,0.0002677523187118553
10,50,0.00022628415492868576,0.00031554621590440567
10,51,0.0002858272745798322,0.0003708533439226395
10,52,0.0003631973630952559,0.0004353418030527286
10,53,0.00046196197524557786,0.0005079822007812519
10,54,0.0005891365257778648,0.0005891365257778647
10,55,0.0007495554909082397,0.0006747189692942833
10,56,0.0009510647380138075,0.0007611506288478891
10,57,0.0011963704039523399,0.0008376613556345221
10,58,0.001488375610804802,0.000893497486015106
10,59,0.0018176049955650996,0.0009088787680241737
10,60,0.002170149790089622,0.0008686128308172939
10,61,0.0025091608475639937,0.0007511183631029941
10,62,0.0027837153048861814,0.0005436370770189965
10,63,0.002862842619240806,0.00020386898413399856
11,0,0.002403269098542094,0.00015223244227953914
11,1,0.0022450711341397154,-0.00012709067030672495
11,2,0.002018867816131616,-0.0003557095053566212
11,3,0.0018246949628437981,-0.0004963680171639196
11,4,0.0016077657646326273,-0.0005852588075481112
11,5,0.0013821889150169753,-0.0006284359271400169
11,6,0.0011608204649269447,-0.0006337834984160575
11,7,0.0009593735044105908,-0.0006107873682483664
11,8,0.0007819241945844786,-0.0005691898916325849
11,9,0.000632392987133925,-0.0005175972703814837
11,10,0.0005079822007812516,-0.00046209814295704034
11,11,0.0004074034903288899,-0.00040728849286513966
11,12,0.00032599371047566735,-0.00035550631928734326
11,13,0.0002615251911932519,-0.0003084134155083293
11,14,0.00020984238728420084,-0.00026626996503689764
11,15,0.00016928583279064778,-0.00022933313881851416
11,16,0.00013672601945680516,-0.00019706381528686605
11,17,0.00011127089306608202,-0.00016922822891747742
11,18,9.066141978165653e-05,-0.00014512087137018222
11,19,7.459496638760591e-05,-0.00012441352999677116
11,20,6.141376946494181e-05,-0.00010647450206393815
11,21,5.1198650442631254e-05,-9.101146937579274e-05
11,22,4.267627669213113e-05,-7.752944805722913e-05
11,23,3.616059294473913e-05,-6.579360182758744e-05
11,24,3.0617607670164007e-05,-5.5443241940655245e-05
11,25,2.649963581582759e-05,-4.6286634269792867e-05
11,26,2.2921559246536416e-05,-3.8076854207500584e-05
11,27,2.0418433250135874e-05,-3.06431689256151e-05
11,28,1.819919162722775e-05,-2.383071784048792e-05
11,29,1.6850760972673875e-05,-1.7468947752322128e-05
11,30,1.5643441087239513e-05,-1.1476871687060244e-05
11,31,1.5200518251506315e-05,-5.666220313559669e-06
11,32,1.483482223066726e-05,-1.5461027239935927e-08
11,33,1.5200518251505882e-05,5.6972165370173985e-06
11,34,1.5643441087238646e-05,1.1445651532869305e-05
11,35,1.6850760972672574e-05,1.7500545928583635e-05
11,36,1.819919162722721e-05,2.3798580136733416e-05
11,37,2.0418433250135874e-05,3.067601847275879e-05
11,38,2.292155924653685e-05,3.8043105826226933e-05
11,39,2.6499635815828188e-05,4.6321487674440645e-05
11,40,3.061760767016406e-05,5.5407052698293205e-05
11,41,3.61605929447394e-05,6.583138899555468e-05
11,42,4.267627669213251e-05,7.748976130427524e-05
11,43,5.1198650442632853e-05,9.105340747676705e-05
11,44,6.141376946494303e-05,0.00010642989716760535
11,45,7.459496638760679e-05,0.00012446129860336976
11,46,9.066141978165658e-05,0.00014506933701995654
11,47,0.00011127089306608171,0.00016928426812910774
11,48,0.00013672601945680478,0.00019700235106088462
11,49,0.00016928583279064748,0.00022940119080568457
11,50,0.00020984238728420025,0.0002661938319578142
11,51,0.000261525191193251,0.00030849958222926193
11,52,0.00032599371047566605,0.000355407514296481
11,53,0.00040740349032888863,0.0004074034903288893
11,54,0.0005079822007812505,0.0004619619752455759
11,55,0.0006323929871339243,0.000517761793389509
11,56,0.0007819241945844778,0.0005689862701108999
11,57,0.0009593735044105905,0.0006110468556701303
11,58,0.001160820464926945,0.0006334411072254915
11,59,0.0013821889150169753,0.0006289171339940362
11,60,0.0016077657646326258,0.0005847128924228717
11,61,0.001824694962843796,0.0004997890966610009
11,62,0.0020188678161316134,0.0003805299481340462
11,63,0.002245071134139713,0.0002867159280309124
12,0,0.001337922205935332,-0.00015223244227952824
12,1,0.0014174470238182773,-0.00019532646778595933
12,2,0.0014414997535978332,-0.000252036825696137
12,3,0.001344871685250433,-0.00033811360069454415
12,4,0.0012106858880559486,-0.0004037381399622334
12,5,0.0010606150294759304,-0.0004426567114536223
12,6,0.0009116802492949267,-0.0004562212910806619
12,7,0.0007697267435061043,-0.00044971347829401753
12,8,0.0006423403910020247,-0.0004286542974425309
12,9,0.0005302446088446301,-0.00039827879294195543
12,10,0.00043534180305272805,-0.00036306119538379175
12,11,0.0003554075142964822,-0.00032610870793941887
12,12,0.0002899352877635447,-0.00028983648277268394
12,13,0.0002359774358226404,-0.00025545728800167573
12,14,0.00019256367743925146,-0.0002239138879089333
12,15,0.0001570634478714569,-0.00019535258486877392
12,16,0.00012876517220118916,-0.0001699682855764057
12,17,0.0001055974965503633,-0.00014746701087241053
12,18,8.723297184007105e-05,-0.00012774768869948088
12,19,7.208986183403936e-05,-0.00011040709671824797
12,20,6.015550708801105e-05,-9.526157072816078e-05
12,21,5.020303193909088e-05,-8.193864420422934e-05
12,22,4.243682560602183e-05,-7.025199846873937e-05
12,23,3.5868450851232205e-05,-5.990526426745429e-05
12,24,3.0841683677017924e-05,-5.0728705635884135e-05
12,25,2.6523752398333717e-05,-4.250787621679612e-05
12,26,2.3345921779008294e-05,-3.5085433237149464e-05
12,27,2.057670678156352e-05,-2.83210648131805e-05
12,28,1.8703223047370084e-05,-2.2058421991061707e-05
12,29,1.7060922778111684e-05,-1.622052591547293e-05
12,30,1.6175139653524964e-05,-1.0639434563864471e-05
12,31,1.5427294849635308e-05,-5.291338901911109e-06
12,32,1.537284100360946e-05,1.5461027240234082e-08
12,33,1.5427294849635308e-05,5.260342678453376e-06
12,34,1.6175139653524747e-05,1.0670654718054163e-05
12,35,1.706092277811125e-05,1.6188927739209743e-05
12,36,1.8703223047369542e-05,2.2090559694814367e-05
12,37,2.057670678156287e-05,2.8288215266034772e-05
12,38,2.3345921779007156e-05,3.5119181618421786e-05
12,39,2.6523752398332633e-05,4.2473022812147636e-05
12,40,3.0841683677017057e-05,5.076489487824607e-05
12,41,3.586845085123161e-05,5.986747709948721e-05
12,42,4.2436825606021725e-05,7.029168522169351e-05
12,43,5.020303193909093e-05,8.18967061032556e-05
12,44,6.015550708801139e-05,9.530617562449399e-05
12,45,7.208986183403978e-05,0.00011035932811165002
12,46,8.723297184007179e-05,0.00012779922304970794
12,47,0.00010559749655036419,0.00014741097166078154
12,48,0.00012876517220119024,0.00017002974980238805
12,49,0.0001570634478714579,0.00019528453288160402
12,50,0.0001925636774392523,0.00022399002098801666
12,51,0.00023597743582264117,0.0002553711212807424
12,52,0.0002899352877635452,0.00028993528776354504
12,53,0.00035540751429648227,0.000325993710475668
12,54,0.0004353418030527281,0.00036319736309525547
12,55,0.0005302446088446298,0.0003981142699339296
12,56,0.0006423403910020245,0.0004288579189642162
12,57,0.0007697267435061044,0.000449453990872255
12,58,0.0009116802492949271,0.00045656368227123034
12,59,0.0010606150294759312,0.00044217550459960695
12,60,0.00121068588805595,0.00040428405508747915
12,61,0.0013448716852504348,0.0003346925211974724
12,62,0.0014414997535978353,0.00022721638291872635
12,63,0.0014174470238182786,3.5701210061791233e-05
13,0,0.0013479862614517288,0.00015223244227953694
13,1,0.0012367422430038873,-1.82178175912994e-05
13,2,0.001101934523419877,-0.00015826744915183112
13,3,0.0010162351245586554,-0.00023338053662381474
13,4,0.0009233832449231463,-0.00028489815989531
13,5,0.0008238229642102935,-0.0003172518452255734
13,6,0.0007200725000384588,-0.00033319267144654057
13,7,0.0006205163216303611,-0.0003347172356219823
13,8,0.0005272191955971919,-0.00032528019105435414
13,9,0.0004441280364952502,-0.0003080597904581847
13,10,0.00037085334392263764,-0.0002859634422912937
13,11,0.0003084995822292628,-0.0002614101937295019
13,12,0.0002553711212807439,-0.0002360762408135033
13,13,0.0002113752741231899,-0.00021128910740225812
13,14,0.00017453967328606192,-0.00018771817634720563
13,15,0.00014451844083258767,-0.0001659139299805952
13,16,0.00011954354249996025,-0.00014596956708712338
13,17,9.938584505175248e-05,-0.0001280182195880481
13,18,8.259915213958016e-05,-0.00011190134862588325
13,19,6.915122346379656e-05,-9.756803657719892e-05
13,20,5.7883964868116666e-05,-8.478932592380358e-05
13,21,4.8937283275619225e-05,-7.344835019022743e-05
13,22,4.1370303005656094e-05,-6.332955786776883e-05
13,23,3.544844475680806e-05,-5.4298939919945356e-05
13,24,3.0383144889764666e-05,-4.618598390641792e-05
13,25,2.65249366933295e-05,-3.885386971061219e-05
13,26,2.3188988933219002e-05,-3.218469048589699e-05
13,27,2.078255606292325e-05,-2.603814928858709e-05
13,28,1.8691208284226334e-05,-2.0346894858426804e-05
13,29,1.7361253758808805e-05,-1.4960787393140224e-05
13,30,1.6226947308802192e-05,-9.85793277164852e-06
13,31,1.5764169726752543e-05,-4.870139858706443e-06
13,32,1.5442517079178363e-05,-1.546102723962422e-08
13,33,1.5764169726752326e-05,4.901136082165355e-06
13,34,1.6226947308802084e-05,9.826712617459749e-06
13,35,1.7361253758808805e-05,1.4992385569404795e-05
13,36,1.8691208284226334e-05,2.0314757154675528e-05
13,37,2.0782556062923143e-05,2.6070998835733876e-05
13,38,2.318898893321911e-05,3.215094210462521e-05
13,39,2.6524936693329338e-05,3.888872311526046e-05
13,40,3.0383144889763744e-05,4.614979466405558e-05
13,41,3.544844475680681e-05,5.4336727087912e-05
13,42,4.13703030056555e-05,6.328987111481327e-05
13,43,4.8937283275619524e-05,7.349028829119906e-05
13,44,5.788396486811821e-05,8.474472102746797e-05
13,45,6.915122346379845e-05,9.761580518379492e-05
13,46,8.259915213958199e-05,0.00011184981427565518
13,47,9.938584505175433e-05,0.00012807425879967672
13,48,0.00011954354249996191,0.00014590810286114033
13,49,0.00014451844083258886,0.00016598198196776385
13,50,0.00017453967328606305,0.0001876420432681213
13,51,0.00021137527412319113,0.0002113752741231913
13,52,0.000255371121280745,0.0002359774358226434
13,53,0.00030849958222926366,0.0002615251911932548
13,54,0.00037085334392263823,0.00028582727457983207
13,55,0.0004441280364952502,0.0003082243134662117
13,56,0.0005272191955971912,0.00032507656953266906
13,57,0.0006205163216303601,0.0003349767230437443
13,58,0.0007200725000384581,0.00033285028025597184
13,59,0.0008238229642102933,0.0003177330520795897
13,60,0.0009233832449231454,0.0002843522447700673
13,61,0.0010162351245586536,0.00023680161612089315
13,62,0.0011019345234198753,0.00018308789192925275
13,63,0.0012367422430038858,0.00017784307531548265
14,0,0.0006843091121463993,-0.00015223244227952813
14,1,0.0007598510008802507,-0.00013147920782759952
14,2,0.000808969163073607,-0.00012743982992601222
14,3,0.0007733844292194367,-0.00016775825218410574
14,4,0.0007149835429139879,-0.0002046583563886486
14,5,0.0006454673280260896,-0.00023148854192269277
14,6,0.0005738566519460493,-0.0002466173853669083
14,7,0.0005018233384061899,-0.0002519365168686642
14,8,0.000434134320719383,-0.00024889489079213986
14,9,0.00037129268172786444,-0.00023968687838009023
14,10,0.0003155462159044038,-0.00022614798721721862
14,11,0.00026619383195781256,-0.00020995738474795085
14,12,0.00022399002098801788,-0.00019246487244839092
14,13,0.00018764204326812066,-0.00017462584000699411
14,14,0.00015726894338338903,-0.00015719281030430234
14,15,0.00013148151316607124,-0.00014056093619578745
14,16,0.00011024835843127514,-0.00012505436610237583
14,17,9.231617243609497e-05,-0.00011074290039653846
14,18,7.770374668260501e-05,-9.770785275526728e-05
14,19,6.535226649448958e-05,-8.587052147374625e-05
14,20,5.5382966598456596e-05,-7.519409394049948e-05
14,21,4.6913689356977876e-05,-6.555499209867601e-05
14,22,4.0161695816325684e-05,-5.686511771325373e-05
14,23,3.43823961938827e-05,-4.900765424334475e-05
14,24,2.9867184966532885e-05,-4.1872947861944676e-05
14,25,2.597155694259931e-05,-3.537289485783951e-05
14,26,2.304017510021243e-05,-2.9386071166944956e-05
14,27,2.04993580621137e-05,-2.3860194416271526e-05
14,28,1.8731772371727577e-05,-1.8662282545359537e-05
14,29,1.721379033978106e-05,-1.3776375979586777e-05
14,30,1.6356660777210323e-05,-9.053925612839301e-06
14,31,1.5673022260989883e-05,-4.513285558355337e-06
14,32,1.5598287421735577e-05,1.5461027240206977e-08
14,33,1.5673022260989666e-05,4.482289334897514e-06
14,34,1.6356660777209835e-05,9.085145767029142e-06
14,35,1.7213790339780464e-05,1.3744777803323914e-05
14,36,1.873177237172682e-05,1.8694420249113037e-05
14,37,2.0499358062112507e-05,2.3827344869126597e-05
14,38,2.3040175100211128e-05,2.941981954821751e-05
14,39,2.5971556942598552e-05,3.5338041453191e-05
14,40,2.9867184966532424e-05,4.190913710430707e-05
14,41,3.4382396193881885e-05,4.896986707537875e-05
14,42,4.016169581632403e-05,5.690480446620918e-05
14,43,4.691368935697568e-05,6.551305399770261e-05
14,44,5.538296659845497e-05,7.523869883683215e-05
14,45,6.535226649448915e-05,8.582275286714747e-05
14,46,7.770374668260562e-05,9.775938710549382e-05
14,47,9.231617243609595e-05,0.00011068686118491006
14,48,0.00011024835843127558,0.0001251158303283598
14,49,0.00013148151316607097,0.00014049288420861923
14,50,0.00015726894338338856,0.0001572689433833865
14,51,0.00018764204326812033,0.00017453967328606053
14,52,0.00022399002098801854,0.00019256367743925105
14,53,0.00026619383195781445,0.00020984238728419908
14,54,0.00031554621590440687,0.00022628415492868218
14,55,0.0003712926817278678,0.00023952235537206545
14,56,0.0004341343207193859,0.00024909851231382673
14,57,0.0005018233384061922,0.0002516770294469032
14,58,0.0005738566519460509,0.00024695977655747755
14,59,0.0006454673280260913,0.00023100733506867724
14,60,0.0007149835429139908,0.00020520427151389298
14,61,0.0007733844292194415,0.0001643371726870318
14,62,0.0008089691630736133,0.00010261938714859952
14,63,0.0007598510008802559,-2.8146049896569228e-05
15,0,0.0008256891532697134,0.0001522324422795488
15,1,0.000740362323551283,2.744933640620366e-05
15,2,0.0006470701232032825,-7.513750937042561e-05
15,3,0.0006032436864909593,-0.00011968300629920892
15,4,0.0005592291108441829,-0.00015011675237106475
15,5,0.0005117896442185516,-0.0001712676382523364
15,6,0.0004599789416726204,-0.00018515176620296546
15,7,0.0004085298169748809,-0.00019161737169034917
15,8,0.00035794898945375566,-0.00019214788259911092
15,9,0.00031106896038895473,-0.00018770349177152148
15,10,0.0002677523187118575,-0.00017968882629379985
15,11,0.00022940119080568582,-0.0001691708353268949
15,12,0.0001952845328816051,-0.00015716225286231518
15,13,0.00016598198196776174,-0.00014443227411165167
15,14,0.00014049288420861657,-0.0001315576462451515
15,15,0.00011903895442381477,-0.00011897090243664644
15,16,0.00010059638727814808,-0.00010692394910765909
15,17,8.529126387091232e-05,-9.560389615595871e-05
15,18,7.219286604076539e-05,-8.507185003150619e-05
15,19,6.144608061780893e-05,-7.536810038876582e-05
15,20,5.224295022300868e-05,-6.646394138989767e-05
15,21,4.478200197252073e-05,-5.8321308381953064e-05
15,22,3.8367747205071776e-05,-5.088332085626038e-05
15,23,3.325323844027546e-05,-4.407199382743729e-05
15,24,2.8832918166909674e-05,-3.783504257480713e-05
15,25,2.5404662585893273e-05,-3.207257642979752e-05
15,26,2.2430486395162605e-05,-2.6752285948975087e-05
15,27,2.024265934180041e-05,-2.175863908326419e-05
15,28,1.835273518373357e-05,-1.7085398164848833e-05
15,29,1.7119555451944107e-05,-1.2601520633365443e-05
15,30,1.6091103459884735e-05,-8.328472155131479e-06
15,31,1.564828904310195e-05,-4.1168033196238465e-06
15,32,1.5366782885949646e-05,-1.546102723882462e-08
15,33,1.5648289043100052e-05,4.1477995430832465e-06
15,34,1.6091103459882296e-05,8.297252000941624e-06
15,35,1.7119555451942264e-05,1.2633118809627412e-05
15,36,1.8352735183732865e-05,1.7053260461094737e-05
15,37,2.024265934179965e-05,2.1791488630408374e-05
15,38,2.2430486395161195e-05,2.6718537567700353e-05
15,39,2.540466258589208e-05,3.2107429834443195e-05
15,40,2.8832918166909078e-05,3.779885333244283e-05
15,41,3.325323844027584e-05,4.4109780995402295e-05
15,42,3.8367747205073524e-05,5.084363410330498e-05
15,43,4.478200197252263e-05,5.836324648292737e-05
15,44,5.2242950223009454e-05,6.641933649356512e-05
15,45,6.14460806178084e-05,7.541586899536339e-05
15,46,7.219286604076459e-05,8.502031568127867e-05
15,47,8.529126387091232e-05,9.565993536758764e-05
15,48,0.00010059638727814905,0.00010686248488167625
15,49,0.00011903895442381677,0.00011903895442381649
15,50,0.00014049288420861844,0.0001314815131660703
15,51,0.0001659819819677617,0.0001445184408325875
15,52,0.00019528453288160318,0.00015706344787145535
15,53,0.00022940119080568306,0.000169285832790645
15,54,0.00026775231871185645,0.0001795526585823342
15,55,0.00031106896038895696,0.00018786801477954645
15,56,0.00035794898945375945,0.00019194426107742735
15,57,0.00040852981697488426,0.00019187685911211533
15,58,0.00045997894167262333,0.0001848093750124023
15,59,0.0005117896442185557,0.00017174884510635913
15,60,0.0005592291108441896,0.00014957083724582933
15,61,0.0006032436864909696,0.000123104085796296
15,62,0.0006470701232032972,9.9957952147859e-05
15,63,0.0007403623235512984,0.00013217592131799816
16,0,0.0003654306676389081,-0.00015223244227953564
16,1,0.00043154884020334605,-0.00010417664907345477
16,2,0.0004831401536501198,-7.23697698175971e-05
16,3,0.00047070568462811817,-9.046342453291939e-05
16,4,0.0004433144208314905,-0.00011144931141889272
16,5,0.00040858152300444486,-0.00012893572317841065
16,6,0.0003720703850931138,-0.00014056358289706584
16,7,0.0003337308235863845,-0.00014742973210313043
16,8,0.0002965654706397862,-0.00014956814253698887
16,9,0.0002605579242150815,-0.00014806220494631325
16,10,0.00022749577356693856,-0.00014351329245202885
16,11,0.00019700235106088354,-0.00013684101692055666
16,12,0.00017002974980238853,-0.00012866636721032892
16,13,0.0001459081028611412,-0.00011962970922089465
16,14,0.00012511583032835975,-0.00011017222535219163
16,15,0.00010686248488167902,-0.00010066443926532016
16,16,9.14140078092082e-05,-9.135254358322544e-05
16,17,7.798564688049304e-05,-8.24117161464041e-05
16,18,6.67793750123589e-05,-7.394253979283911e-05
16,19,5.70758837177869e-05,-6.60046948611558e-05
16,20,4.9081432510227936e-05,-5.860665897828687e-05
16,21,4.215723526134805e-05,-5.1752842763190196e-05
16,22,3.6537588875974424e-05,-4.539789667880477e-05
16,23,3.1657796316737904e-05,-3.952906073542093e-05
16,24,2.7783701871936413e-05,-3.406943279311906e-05
16,25,2.441115787693446e-05,-2.9010544255489487e-05
16,26,2.1833915301853346e-05,-2.42547152016768e-05
16,27,1.959464436643719e-05,-1.9808764765715332e-05
16,28,1.80102220799568e-05,-1.5557969387753514e-05
16,29,1.6658802728727607e-05,-1.1529558486699776e-05
16,30,1.5876832841068742e-05,-7.591547116326086e-06
16,31,1.5269599290048595e-05,-3.793736822664581e-06
16,32,1.5191553707372119e-05,1.5461027239976584e-08
16,33,1.5269599290048622e-05,3.7627405992063465e-06
16,34,1.587683284106877e-05,7.622767270515707e-06
16,35,1.665880272872758e-05,1.1497960310436628e-05
16,36,1.8010222079956853e-05,1.5590107091506485e-05
16,37,1.9594644366437245e-05,1.9775915218570085e-05
16,38,2.1833915301853346e-05,2.4288463582949564e-05
16,39,2.4411157876934488e-05,2.8975690850841364e-05
16,40,2.7783701871936413e-05,3.41056220354813e-05
16,41,3.165779631673789e-05,3.9491273567454157e-05
16,42,3.6537588875974424e-05,4.543758343175928e-05
16,43,4.2157235261348024e-05,5.1710904662216624e-05
16,44,4.908143251022794e-05,5.865126387462036e-05
16,45,5.7075883717786914e-05,6.595692625455814e-05
16,46,6.677937501235889e-05,7.399407414306634e-05
16,47,7.798564688049303e-05,8.235567693477517e-05
16,48,9.14140078092082e-05,9.141400780920801e-05
16,49,0.000106862484881679,0.00010059638727815065
16,50,0.00012511583032835975,0.00011024835843127527
16,51,0.00014590810286114122,0.00011954354249996162
16,52,0.00017002974980238853,0.0001287651722011904
16,53,0.0001970023510608835,0.00013672601945680633
16,54,0.00022749577356693856,0.00014364946016349304
16,55,0.0002605579242150815,0.00014789768193828787
16,56,0.0002965654706397862,0.00014977176405867414
16,57,0.00033373082358638455,0.00014717024468136722
16,58,0.0003720703850931138,0.0001409059740876328
16,59,0.00040858152300444497,0.0001284545163243929
16,60,0.0004433144208314906,0.00011199522654413455
16,61,0.00047070568462811817,8.704234503584101e-05
16,62,0.0004831401536501198,4.754932704017638e-05
16,63,0.00043154884020334605,-5.544860865072657e-05
17,0,0.0005398855481545195,0.00015223244227953188
17,1,0.0004719670451539729,4.891202248855825e-05
17,2,0.00040201415501368485,-3.630937258626953e-05
17,3,0.0003766699005422246,-6.571174184470339e-05
17,4,0.0003538995475337971,-8.451971573388697e-05
17,5,0.00032976627806860894,-9.799370572419182e-05
17,6,0.00030232085636517367,-0.00010824466275271317
17,7,0.0002745102470068362,-0.00011445824786966615
17,8,0.0002460854862871447,-0.00011754474697803438
17,9,0.0002189984415005116,-0.00011757102518429222
17,10,0.00019299882833699445,-0.00011532129698306801
17,11,0.00016928426812910482,-0.00011115589560233049
17,12,0.0001474109716607802,-0.00010569630154122492
17,13,0.0001280742587996759,-9.929967833082e-05
17,14,0.00011068686118490806,-9.239230551517866e-05
17,15,9.565993536758853e-05,-8.52232118837449e-05
17,16,8.235567693477536e-05,-7.804711110647426e-05
17,17,7.105325116700908e-05,-7.099721195537807e-05
17,18,6.113058062481343e-05,-6.420698425852866e-05
17,19,5.282246341738849e-05,-5.772032389174048e-05
17,20,4.555387731139081e-05,-5.1599009520002156e-05
17,21,3.955760462291566e-05,-4.5826958264362885e-05
17,22,3.431324915566845e-05,-4.043169255471523e-05
17,23,3.006813488261747e-05,-3.5358725337647444e-05
17,24,2.63521995626589e-05,-3.062578319119075e-05
17,25,2.3431478249027945e-05,-2.6152847130939137e-05
17,26,2.087780206760535e-05,-2.1962391978449344e-05
17,27,1.8975277157436067e-05,-1.795513630242048e-05
17,28,1.7328974459731705e-05,-1.4166404713092438e-05
17,29,1.6239366707182474e-05,-1.0479642362469937e-05
17,30,1.53375198334236e-05,-6.947390625207595e-06
17,31,1.4939163364335433e-05,-3.4352537103859285e-06
17,32,1.469599437401662e-05,-1.5461027240369607e-08
17,33,1.4939163364333617e-05,3.466249933844014e-06
17,34,1.5337519833422028e-05,6.916170471018564e-06
17,35,1.6239366707180794e-05,1.0511240538734176e-05
17,36,1.7328974459728886e-05,1.4134267009341629e-05
17,37,1.8975277157433492e-05,1.7987985849570275e-05
17,38,2.087780206760524e-05,2.1928643597182422e-05
17,39,2.343147824903014e-05,2.6187700535591638e-05
17,40,2.6352199562662207e-05,3.058959394883019e-05
17,41,3.0068134882620302e-05,3.539651250561396e-05
17,42,3.431324915567058e-05,4.039200580176053e-05
17,43,3.9557604622918316e-05,4.5868896365337067e-05
17,44,4.5553877311394676e-05,5.1554404623668977e-05
17,45,5.282246341739146e-05,5.776809249833747e-05
17,46,6.113058062481481e-05,6.415544990830039e-05
17,47,7.105325116701052e-05,7.105325116700614e-05
17,48,8.23556769347769e-05,7.798564688049072e-05
17,49,9.565993536759e-05,8.529126387091293e-05
17,50,0.00011068686118491012,9.231617243609416e-05
17,51,0.00012807425879967873,9.938584505175154e-05
17,52,0.00014741097166078262,0.0001055974965503597
17,53,0.00016928426812910476,0.00011127089306607637
17,54,0.00019299882833699199,0.00011518512927160173
17,55,0.0002189984415005099,0.0001177355481923187
17,56,0.00024608548628714537,0.00011734112545635058
17,57,0.00027451024700683724,0.00011471773529143
17,58,0.00030232085636517416,0.00010790227156214758
17,59,0.0003297662780686106,9.847491257821111e-05
17,60,0.0003538995475338006,8.397380060864523e-05
17,61,0.00037666990054222894,6.913282134178033e-05
17,62,0.00040201415501369005,6.112981536368694e-05
17,63,0.0004719670451539779,0.00011071323523561692
18,0,0.0001994854321280007,-0.000152232442279542
18,1,0.00025548343774757596,-9.140264609442951e-05
18,2,0.0003025482515304756,-4.572221663274467e-05
18,3,0.000299425000190832,-5.232570390315563e-05
18,4,0.00028583628055141444,-6.443681987853294e-05
18,5,0.00026731440252750693,-7.58666148436673e-05
18,6,0.00024770917290562535,-8.404196020886078e-05
18,7,0.0002263481374012047,-8.99364002076823e-05
18,8,0.0002052322200346268,-9.306284237336756e-05
18,9,0.00018404094804445794,-9.41290083717585e-05
18,10,0.00016409959099816346,-9.31758706727026e-05
18,11,0.0001450693370199545,-9.077641724540796e-05
18,12,0.0001277992230497088,-8.713416684921058e-05
18,13,0.00011184981427565647,-8.268531886051317e-05
18,14,9.77593871054915e-05,-7.762761360352101e-05
18,15,8.502031568127597e-05,-7.226091802793608e-05
18,16,7.399407414306479e-05,-6.671791078637535e-05
18,17,6.41554499082993e-05,-6.118661983644094e-05
18,18,5.578075427063864e-05,-5.572921992041399e-05
18,19,4.836262408017798e-05,-5.045649014358277e-05
18,20,4.2145851495851114e-05,-4.537394468510216e-05
18,21,3.665755925681276e-05,-4.0547095536575846e-05
18,22,3.2138239077642716e-05,-3.5940819420069055e-05
18,23,2.8153169831125277e-05,-3.1599581247892686e-05
18,24,2.495033422233245e-05,-2.7459713983933746e-05
18,25,2.213016194509448e-05,-2.3560956960154617e-05
18,26,1.995216356730185e-05,-1.9818396882514624e-05
18,27,1.8046482805209382e-05,-1.6277285267439438e-05
18,28,1.6684962959268224e-05,-1.2834912144487091e-05
18,29,1.552187964043661e-05,-9.548249741862465e-06
18,30,1.484136476285664e-05,-6.2976099748010285e-06
18,31,1.4317116909532231e-05,-3.155540079660972e-06
18,32,1.4245824644405845e-05,1.546102724134539e-08
18,33,1.4317116909532923e-05,3.124543856205106e-06
18,34,1.4841364762857291e-05,6.328830128992372e-06
18,35,1.5521879640436692e-05,9.516651565600737e-06
18,36,1.6684962959268035e-05,1.2867049848241543e-05
18,37,1.80464828052096e-05,1.6244435720295553e-05
18,38,1.995216356730239e-05,1.985214526378822e-05
18,39,2.213016194509452e-05,2.3526103555506805e-05
18,40,2.4950334222331678e-05,2.749590322629639e-05
18,41,2.8153169831124058e-05,3.156179407992708e-05
18,42,3.2138239077641984e-05,3.598050617302594e-05
18,43,3.66575592568132e-05,4.0505157435605154e-05
18,44,4.2145851495852584e-05,4.5418549581437926e-05
18,45,4.836262408017986e-05,5.0408721536986276e-05
18,46,5.5780754270640356e-05,5.5780754270640925e-05
18,47,6.415544990830007e-05,6.113058062481082e-05
18,48,7.399407414306446e-05,6.677937501235656e-05
18,49,8.50203156812749e-05,7.21928660407656e-05
18,50,9.775938710549018e-05,7.77037466826043e-05
18,51,0.00011184981427565555,8.259915213958005e-05
18,52,0.00012779922304970856,8.723297184007161e-05
18,53,0.0001450693370199544,9.066141978165658e-05
18,54,0.00016409959099816297,9.33120383841656e-05
18,55,0.00018404094804445707,9.396448536373221e-05
18,56,0.0002052322200346259,9.326646389505239e-05
18,57,0.00022634813740120437,8.967691278591906e-05
18,58,0.0002477091729056258,8.438435139942777e-05
18,59,0.00026731440252750823,7.538540798964952e-05
18,60,0.0002858362805514174,6.498273500377418e-05
18,61,0.00029942500019083696,4.890462440607455e-05
18,62,0.0003025482515304817,2.0901773855317563e-05
18,63,0.00025548343774758084,-6.822261162976235e-05
19,0,0.00036960412974145634,0.00015223244227952851
19,1,0.0003149221295598423,5.994052465902712e-05
19,2,0.000260508255873505,-1.6623452058003074e-05
19,3,0.0002444017037401524,-3.8083399556716226e-05
19,4,0.0002317221795564914,-5.035556248991217e-05
19,5,0.00021876505478802465,-5.897983106779951e-05
19,6,0.0002034548171473532,-6.626456123478133e-05
19,7,0.00018779812859909457,-7.116541527417032e-05
19,8,0.00017125376942969417,-7.445658839672934e-05
19,9,0.0001551990093790033,-7.583053795161637e-05
19,10,0.0001392885373644807,-7.583634809579868e-05
19,11,0.0001244612986033689,-7.447996892385817e-05
19,12,0.00011035932811165065,-7.218866682490348e-05
19,13,9.761580518379608e-05,-6.906505674286457e-05
19,14,8.582275286714446e-05,-6.542839957357442e-05
19,15,7.541586899535869e-05,-6.137802863064197e-05
19,16,6.595692625455736e-05,-5.713734794377176e-05
19,17,5.776809249833571e-05,-5.2766424205762805e-05
19,18,5.0408721536985246e-05,-4.8414158430409336e-05
19,19,4.414433831389635e-05,-4.4096569707300845e-05
19,20,3.855109860915953e-05,-3.991235956358004e-05
19,21,3.3871826375798216e-05,-3.5840260413517704e-05
19,22,2.9708359783239192e-05,-3.195021208428376e-05
19,23,2.6298869322143904e-05,-2.8192190703837135e-05
19,24,2.3272519409786696e-05,-2.4623679347006842e-05
19,25,2.0871393419536773e-05,-2.117249760789418e-05
19,26,1.874980480101013e-05,-1.7895010432935227e-05
19,27,1.715736892976445e-05,-1.4700823291194819e-05
19,28,1.5769941588764875e-05,-1.1652705243778886e-05
19,29,1.4846116285737143e-05,-8.64372571024967e-06
19,30,1.4079605336873087e-05,-5.748047981034351e-06
19,31,1.3738798211155874e-05,-2.8422556897816483e-06
19,32,1.3532134768908264e-05,-1.546102724081684e-08
19,33,1.3738798211157283e-05,2.8732519132382564e-06
19,34,1.407960533687531e-05,5.716827826843364e-06
19,35,1.4846116285739243e-05,8.675323886512055e-06
19,36,1.576994158876608e-05,1.162056754002563e-05
19,37,1.715736892976476e-05,1.4733672838339287e-05
19,38,1.8749804801010007e-05,1.7861262051660693e-05
19,39,2.087139341953695e-05,2.120735101254041e-05
19,40,2.327251940978759e-05,2.4587490104643596e-05
19,41,2.6298869322144934e-05,2.822997787180359e-05
19,42,2.9708359783239633e-05,3.1910525331328966e-05
19,43,3.387182637579801e-05,3.588219851449089e-05
19,44,3.855109860915893e-05,3.9867754667245805e-05
19,45,4.414433831389535e-05,4.414433831389677e-05
19,46,5.040872153698464e-05,4.8362624080179294e-05
19,47,5.776809249833634e-05,5.2822463417388167e-05
19,48,6.595692625455926e-05,5.707588371778565e-05
19,49,7.5415868995361e-05,6.144608061780884e-05
19,50,8.582275286714638e-05,6.535226649448964e-05
19,51,9.761580518379727e-05,6.915122346379745e-05
19,52,0.00011035932811165127,7.208986183404112e-05
19,53,0.0001244612986033691,7.459496638760614e-05
19,54,0.00013928853736448039,7.570018038433138e-05
19,55,0.000155199009379002,7.599506095963851e-05
19,56,0.00017125376942969217,7.42529668750408e-05
19,57,0.0001877981285990926,7.142490269593032e-05
19,58,0.00020345481714735187,6.592217004421177e-05
19,59,0.00021876505478802443,5.946103792181514e-05
19,60,0.0002317221795564929,4.9809647364667884e-05
19,61,0.00024440170374015534,4.1504479053790575e-05
19,62,0.0002605082558735084,4.1443894835416475e-05
19,63,0.0003149221295598447,9.968473306514234e-05
20,0,0.00010927700652819041,-0.00015223244227954044
20,1,0.0001556517405833664,-8.500165309255442e-05
20,2,0.00019608496405593644,-3.1874100680143937e-05
20,3,0.00019671239172118368,-3.2196541524436134e-05
20,4,0.00018970015842398146,-3.92231272495379e-05
20,5,0.0001792718348076874,-4.6874684578076625e-05
20,6,0.0001682790873744294,-5.2488531661375e-05
20,7,0.00015588788035116182,-5.7075341288329586e-05
20,8,0.00014351141746236055,-5.99371439125487e-05
20,9,0.00013070865752238978,-6.167161035454925e-05
20,10,0.00011846169407864734,-6.205908679480772e-05
20,11,0.00010642989716760404,-6.152876692869276e-05
20,12,9.530617562449409e-05,-6.005670209715059e-05
20,13,8.474472102747044e-05,-5.797013158904878e-05
20,14,7.523869883683221e-05,-5.5306833519371615e-05
20,15,6.641933649356236e-05,-5.2311002210177375e-05
20,16,5.865126387462146e-05,-4.9019968284244613e-05
20,17,5.155440462366788e-05,-4.56099165230216e-05
20,18,4.541854958143864e-05,-4.209431714562597e-05
20,19,3.986775466724634e-05,-3.859886721575837e-05
20,20,3.515326950779091e-05,-3.5108664611457214e-05
20,21,3.091380760968443e-05,-3.171640925585874e-05
20,22,2.7384191291660057e-05,-2.8381606902554123e-05
20,23,2.422251470494357e-05,-2.5178870351787936e-05
20,24,2.165947256470604e-05,-2.2046356180725165e-05
20,25,1.9373143071110114e-05,-1.9052015785871857e-05
20,26,1.759642934393039e-05,-1.6116021571683092e-05
20,27,1.6025776244232273e-05,-1.3307886331508668e-05
20,28,1.4899424782800901e-05,-1.0531698856598782e-05
20,29,1.3929723658687575e-05,-7.864331762841886e-06
20,30,1.3361917823791818e-05,-5.19435281845262e-06
20,31,1.2921756483798001e-05,-2.610222282917086e-06
20,32,1.2862705503703695e-05,1.546102723952935e-08
20,33,1.2921756483798069e-05,2.5792260594580487e-06
20,34,1.336191782379194e-05,5.225572972641482e-06
20,35,1.3929723658687805e-05,7.832733586577957e-06
20,36,1.489942478280128e-05,1.0563836560350908e-05
20,37,1.6025776244232625e-05,1.3275036784362537e-05
20,38,1.7596429343930592e-05,1.6149769952955082e-05
20,39,1.937314307110999e-05,1.9017162381223137e-05
20,40,2.165947256470557e-05,2.208254542308694e-05
20,41,2.4222514704942817e-05,2.514108318382066e-05
20,42,2.7384191291659075e-05,2.842129365550807e-05
20,43,3.091380760968347e-05,3.1674471154884484e-05
20,44,3.5153269507790116e-05,3.515326950779e-05
20,45,3.986775466724573e-05,3.855109860916019e-05
20,46,4.541854958143811e-05,4.214585149585285e-05
20,47,5.155440462366733e-05,4.5553877311392644e-05
20,48,5.865126387462081e-05,4.908143251022738e-05
20,49,6.641933649356164e-05,5.2242950223008357e-05
20,50,7.523869883683154e-05,5.538296659845596e-05
20,51,8.474472102746999e-05,5.788396486811647e-05
20,52,9.530617562449395e-05,6.0155507088012737e-05
20,53,0.00010642989716760424,6.14137694649431e-05
20,54,0.00011846169407864795,6.219525450627255e-05
20,55,0.0001307086575223908,6.150708734652451e-05
20,56,0.00014351141746236185,6.0140765434234425e-05
20,57,0.00015588788035116323,5.6815853866566554e-05
20,58,0.00016827908737443084,5.283092285194173e-05
20,59,0.0001792718348076891,4.639347772405795e-05
20,60,0.00018970015842398357,3.9769042374777554e-05
20,61,0.00019671239172118618,2.8775462027353735e-05
20,62,0.00019608496405593888,7.05365790271684e-06
20,63,0.000155651740583368,-7.462360463163554e-05
21,0,0.00026021580663541824,0.000152232442279537
21,1,0.00021641179411711897,6.601695559374672e-05
21,2,0.00017369213254365767,-5.976603879200773e-06
21,3,0.00016278679143263316,-2.306230983200439e-05
21,4,0.00015529541988362967,-3.155373146313953e-05
21,5,0.00014803722394707432,-3.7158604357789175e-05
21,6,0.00013912344260348924,-4.235016613312717e-05
21,7,0.00013000709967583862,-4.598902160281016e-05
21,8,0.00012007971480071356,-4.884361431648422e-05
21,9,0.0001103462819615865,-5.0437995537799724e-05
21,10,0.00010042954199259991,-5.124255459837394e-05
21,11,9.105340747676569e-05,-5.108365297888296e-05
21,12,8.189670610325612e-05,-5.030183692995577e-05
21,13,7.349028829119977e-05,-4.885111655468764e-05
21,14,6.551305399770143e-05,-4.6989822436061386e-05
21,15,5.836324648292499e-05,-4.471394998535205e-05
21,16,5.171090466221715e-05,-4.221869948733154e-05
21,17,4.5868896365336375e-05,-3.950156541129044e-05
21,18,4.050515743560608e-05,-3.6709093607042436e-05
21,19,3.588219851449024e-05,-3.382405776920257e-05
21,20,3.167447115488306e-05,-3.095841250601829e-05
21,21,2.81178631795759e-05,-2.8075925078603338e-05
21,22,2.4899133254867678e-05,-2.526686386090523e-05
21,23,2.224232766868973e-05,-2.247653831968428e-05
21,24,1.9848984709183846e-05,-1.9784284436034546e-05
21,25,1.7939892280816236e-05,-1.711871755649522e-05
21,26,1.623145122336877e-05,-1.4556584254206036e-05
21,27,1.4945948980877794e-05,-1.2011244700328028e-05
21,28,1.3813420232923124e-05,-9.563099746311313e-06
21,29,1.3060303773657867e-05,-7.110901938306496e-06
21,30,1.2428530143435577e-05,-4.743412676726855e-06
21,31,1.215035125436801e-05,-2.3446335087413456e-06
21,32,1.1977823170208196e-05,-1.5461027239380273e-08
21,33,1.2150351254368091e-05,2.3756297322004372e-06
21,34,1.2428530143435238e-05,4.712192522537573e-06
21,35,1.3060303773657365e-05,7.142500114569219e-06
21,36,1.3813420232922514e-05,9.530962042557156e-06
21,37,1.4945948980876872e-05,1.2044094247472037e-05
21,38,1.6231451223367523e-05,1.4522835872932618e-05
21,39,1.793989228081532e-05,1.7153570961143365e-05
21,40,1.9848984709183928e-05,1.9748095193672228e-05
21,41,2.224232766869044e-05,2.2514325487650695e-05
21,42,2.489913325486851e-05,2.5227177107950404e-05
21,43,2.8117863179576585e-05,2.8117863179576703e-05
21,44,3.167447115488332e-05,3.091380760968444e-05
21,45,3.588219851448994e-05,3.387182637580011e-05
21,46,4.050515743560573e-05,3.665755925681612e-05
21,47,4.586889636533654e-05,3.955760462292077e-05
21,48,5.171090466221775e-05,4.215723526134979e-05
21,49,5.8363246482925436e-05,4.478200197252151e-05
21,50,6.551305399770153e-05,4.6913689356976995e-05
21,51,7.34902882911993e-05,4.8937283275619456e-05
21,52,8.189670610325549e-05,5.020303193909328e-05
21,53,9.105340747676552e-05,5.119865044263257e-05
21,54,0.00010042954199260022,5.110638688690933e-05
21,55,0.00011034628196158703,5.0602518545824885e-05
21,56,0.00012007971480071408,4.863999279479898e-05
21,57,0.0001300070996758391,4.624850902457351e-05
21,58,0.0001391234426034896,4.200777494256033e-05
21,59,0.00014803722394707508,3.7639811211807306e-05
21,60,0.00015529541988363118,3.100781633789862e-05
21,61,0.00016278679143263492,2.6483389329084105e-05
21,62,0.00017369213254365902,3.079704665662311e-05
21,63,0.0002164117941171195,9.36083021304368e-05
22,0,5.9010996443965106e-05,-0.00015223244227953515
22,1,9.647418806503917e-05,-8.162327890802466e-05
22,2,0.00012980399044502637,-2.4267425824965577e-05
22,3,0.00013177359410947504,-2.0994960248995484e-05
22,4,0.00012806722397395873,-2.502271877660382e-05
22,5,0.00012194116348342541,-3.0324358635945976e-05
22,6,0.00011556971478131514,-3.418274878794322e-05
22,7,0.00010814720265466877,-3.7671144499539896e-05
22,8,0.00010071315885594521,-3.999515337525179e-05
22,9,9.281124363020693e-05,-4.1734075881303035e-05
22,10,8.517987400969458e-05,-4.2540711500261305e-05
22,11,7.748976130427334e-05,-4.2791274155882774e-05
22,12,7.029168522169467e-05,-4.233802061516164e-05
22,13,6.32898711148136e-05,-4.1456469726587654e-05
22,14,5.6904804466208325e-05,-4.008556273723887e-05
22,15,5.084363410330433e-05,-3.8435799192240686e-05
22,16,4.5437583431758376e-05,-3.6476124649990295e-05
22,17,4.039200580175931e-05,-3.436928836729853e-05
22,18,3.5980506173027196e-05,-3.2086704727414836e-05
22,19,3.1910525331328966e-05,-2.975612838983656e-05
22,20,2.8421293655507454e-05,-2.733958639532495e-05
22,21,2.5227177107951342e-05,-2.4941071355841612e-05
22,22,2.25488837945919e-05,-2.2509197041637317e-05
22,23,2.0110889530107243e-05,-2.01339607791645e-05
22,24,1.812547725325804e-05,-1.774987823593893e-05
22,25,1.6328480340582478e-05,-1.5440994081273994e-05
22,26,1.4929864069056932e-05,-1.3128050305564783e-05
22,27,1.36766533102551e-05,-1.0895495506982227e-05
22,28,1.2780109436087914e-05,-8.650581940142532e-06
22,29,1.1997491122316854e-05,-6.483137605545516e-06
22,30,1.1543569753736846e-05,-4.286796946384077e-06
22,31,1.1184558251538956e-05,-2.160791375578905e-06
22,32,1.1140274975093722e-05,1.5461027239542903e-08
22,33,1.118455825153918e-05,2.129795152120152e-06
22,34,1.1543569753736785e-05,4.318017100573599e-06
22,35,1.1997491122316427e-05,6.451539429282228e-06
22,36,1.2780109436087345e-05,8.68271964389509e-06
22,37,1.3676653310254523e-05,1.0862645959836346e-05
22,38,1.4929864069056532e-05,1.3161798686836929e-05
22,39,1.6328480340582553e-05,1.540614067662537e-05
22,40,1.8125477253258608e-05,1.7786067478301042e-05
22,41,2.0110889530108144e-05,2.009617361119816e-05
22,42,2.2548883794592836e-05,2.254888379459293e-05
22,43,2.5227177107951817e-05,2.4899133254869477e-05
22,44,2.8421293655507345e-05,2.7384191291659414e-05
22,45,3.1910525331328905e-05,2.9708359783239097e-05
22,46,3.598050617302762e-05,3.2138239077641795e-05
22,47,4.039200580176009e-05,3.4313249155669303e-05
22,48,4.54375834317593e-05,3.6537588875972574e-05
22,49,5.08436341033053e-05,3.8367747205071004e-05
22,50,5.6904804466209227e-05,4.016169581632259e-05
22,51,6.328987111481408e-05,4.137030300565495e-05
22,52,7.029168522169459e-05,4.2436825606023303e-05
22,53,7.748976130427295e-05,4.2676276692132255e-05
22,54,8.517987400969448e-05,4.267687921172496e-05
22,55,9.281124363020756e-05,4.1569552873277306e-05
22,56,0.00010071315885594632,4.019877489693747e-05
22,57,0.0001081472026546696,3.741165707777793e-05
22,58,0.00011556971478131553,3.452513997851163e-05
22,59,0.00012194116348342572,2.9843151781929617e-05
22,60,0.000128067223973959,2.5568633901847066e-05
22,61,0.000131773594109475,1.7573880751918408e-05
22,62,0.00012980399044502645,-5.530169524543418e-07
22,63,9.647418806503959e-05,-7.800197881615591e-05
23,0,0.0001848801377634641,0.00015223244227953982
23,1,0.0001504888705111473,6.954388344551423e-05
23,2,0.0001173477239473395,7.009345805551725e-08
23,3,0.00010972695191924586,-1.4512066389589035e-05
23,4,0.0001051105051299459,-2.0758502838103113e-05
23,5,0.00010092241444950086,-2.4477734356921006e-05
23,6,9.556866237334812e-05,-2.8262377654244365e-05
23,7,9.01339890126386e-05,-3.092478690081553e-05
23,8,8.404559908992444e-05,-3.326069397424996e-05
23,9,7.805440785516804e-05,-3.471148549366771e-05
23,10,7.179688138295169e-05,-3.572905480994855e-05
23,11,6.583138899555289e-05,-3.60455954809907e-05
23,12,5.9867477099487414e-05,-3.596725584209584e-05
23,13,5.4336727087911894e-05,-3.536227803587481e-05
23,14,4.8969867075379397e-05,-3.445852927296433e-05
23,15,4.41097809954047e-05,-3.318518645310699e-05
23,16,3.9491273567454936e-05,-3.171926054272037e-05
23,17,3.539651250561553e-05,-3.0012095670990596e-05
23,18,3.156179407993008e-05,-2.820470418135009e-05
23,19,2.822997787180328e-05,-2.6251100715544604e-05
23,20,2.514108318382034e-05,-2.4267119601273346e-05
23,21,2.2514325487650607e-05,-2.2200389567714307e-05
23,22,2.0096173611196076e-05,-2.0150576283058517e-05
23,23,1.809297376963203e-05,-1.805518660166331e-05
23,24,1.625938106913421e-05,-1.6005303356318577e-05
23,25,1.4795890674383893e-05,-1.3926967196157654e-05
23,26,1.3465923692247473e-05,-1.1908916918675584e-05
23,27,1.24685342436273e-05,-9.865218891176274e-06
23,28,1.157563235899531e-05,-7.88732696684673e-06
23,29,1.0987593574835464e-05,-5.8769209104280365e-06
23,30,1.048404521489129e-05,-3.932332601572134e-06
23,31,1.0268505155589699e-05,-1.9422387773290073e-06
23,32,1.0127322319247918e-05,-1.5461027239217643e-08
23,33,1.026850515559058e-05,1.973235000789996e-06
23,34,1.0484045214891716e-05,3.901112447386851e-06
23,35,1.0987593574834421e-05,5.9085190866950145e-06
23,36,1.1575632358993623e-05,7.855189263096028e-06
23,37,1.2468534243625159e-05,9.89806843832298e-06
23,38,1.3465923692245027e-05,1.1875168537403208e-05
23,39,1.4795890674382965e-05,1.3961820600805181e-05
23,40,1.6259381069135212e-05,1.5969114113956297e-05
23,41,1.809297376963422e-05,1.8092973769631745e-05
23,42,2.0096173611198353e-05,2.0110889530107446e-05
23,43,2.251432548765158e-05,2.224232766869217e-05
23,44,2.5141083183819583e-05,2.4222514704943864e-05
23,45,2.822997787180106e-05,2.629886932214532e-05
23,46,3.156179407992658e-05,2.8153169831124732e-05
23,47,3.539651250561143e-05,3.0068134882619577e-05
23,48,3.949127356745136e-05,3.165779631673671e-05
23,49,4.410978099540209e-05,3.325323844027499e-05
23,50,4.896986707537774e-05,3.438239619387873e-05
23,51,5.4336727087911705e-05,3.5448444756805376e-05
23,52,5.986747709948884e-05,3.586845085123255e-05
23,53,6.583138899555479e-05,3.616059294474084e-05
23,54,7.17968813829523e-05,3.559288709848577e-05
23,55,7.805440785516644e-05,3.487600850169503e-05
23,56,8.404559908992167e-05,3.30570724525661e-05
23,57,9.01339890126362e-05,3.1184274322578947e-05
23,58,9.556866237334701e-05,2.7919986463676324e-05
23,59,0.00010092241444950086,2.495894121093674e-05
23,60,0.00010511050512994727,2.021258771285893e-05
23,61,0.00010972695191924877,1.7933145886665672e-05
23,62,0.00011734772394734509,2.4750349319365323e-05
23,63,0.000150488870511154,9.008137427867201e-05
24,0,3.0836554285948257e-05,-0.00015223244227953564
24,1,6.003818181429505e-05,-7.977308449359324e-05
24,2,8.633134118722398e-05,-1.9919054236000904e-05
24,3,8.853805772835035e-05,-1.4519449772189647e-05
24,4,8.656300103561282e-05,-1.6738245972435865e-05
24,5,8.286542973515194e-05,-2.057239083443336e-05
24,6,7.910012464944156e-05,-2.326486835867491e-05
24,7,7.456692755387749e-05,-2.594361152716201e-05
24,8,7.004386964732788e-05,-2.776410071863729e-05
24,9,6.511279363593625e-05,-2.931566848463611e-05
24,10,6.0334257295175605e-05,-3.0184732498301653e-05
24,11,5.540705269829168e-05,-3.073260513391431e-05
24,12,5.076489487824574e-05,-3.074287868615641e-05
24,13,4.614979466405599e-05,-3.046931161069646e-05
24,14,4.1909137104308e-05,-2.97910518874463e-05
24,15,3.7798853332444135e-05,-2.8900970154077744e-05
24,16,3.4105622035480734e-05,-2.7722237645953023e-05
24,17,3.0589593948829926e-05,-2.6408238774290093e-05
24,18,2.7495903226297734e-05,-2.489879987210336e-05
24,19,2.458749010464315e-05,-2.3320288016384715e-05
24,20,2.208254542308759e-05,-2.1614867668372498e-05
24,21,1.97480951936724e-05,-1.989092281015922e-05
24,22,1.7786067478300432e-05,-1.8085790500304755e-05
24,23,1.5969114113958902e-05,-1.629716823710293e-05
24,24,1.4490319931919775e-05,-1.4454130689558955e-05
24,25,1.3128888959605059e-05,-1.26497400454504e-05
24,26,1.207400064746617e-05,-1.0803135352055059e-05
24,27,1.1111626241317567e-05,-9.00776520259052e-06
24,28,1.043025222160676e-05,-7.1718488136493884e-06
24,29,9.8222958563574e-06,-5.393427836465302e-06
24,30,9.477662808929843e-06,-3.568965517227648e-06
24,31,9.194568585251971e-06,-1.804745765932771e-06
24,32,9.165808305301187e-06,1.5461027239976584e-08
24,33,9.194568585251998e-06,1.7737495424745265e-06
24,34,9.477662808929856e-06,3.6001856714172765e-06
24,35,9.82229585635742e-06,5.361829660202178e-06
24,36,1.0430252221606787e-05,7.2039865174024085e-06
24,37,1.1111626241317601e-05,8.9749156554453e-06
24,38,1.2074000647466184e-05,1.0836883733327873e-05
24,39,1.3128888959605065e-05,1.2614886640802336e-05
24,40,1.4490319931919761e-05,1.4490319931921276e-05
24,41,1.5969114113958885e-05,1.6259381069136198e-05
24,42,1.7786067478300415e-05,1.8125477253259346e-05
24,43,1.974809519367237e-05,1.984898470918575e-05
24,44,2.2082545423087564e-05,2.165947256470607e-05
24,45,2.4587490104643108e-05,2.327251940978714e-05
24,46,2.7495903226297683e-05,2.495033422233061e-05
24,47,3.058959394882988e-05,2.6352199562661224e-05
24,48,3.4105622035480666e-05,2.778370187193564e-05
24,49,3.779885333244406e-05,2.8832918166908295e-05
24,50,4.19091371043079e-05,2.986718496653e-05
24,51,4.6149794664055894e-05,3.0383144889763453e-05
24,52,5.076489487824563e-05,3.084168367701788e-05
24,53,5.5407052698291565e-05,3.0617607670163986e-05
24,54,6.0334257295175503e-05,3.032090020976583e-05
24,55,6.511279363593617e-05,2.9151145476610758e-05
24,56,7.004386964732782e-05,2.796772224032258e-05
24,57,7.456692755387743e-05,2.5684124105398806e-05
24,58,7.910012464944154e-05,2.360725954924187e-05
24,59,8.286542973515192e-05,2.0091183980415627e-05
24,60,8.656300103561282e-05,1.728416109767769e-05
24,61,8.853805772835034e-05,1.1098370275111294e-05
24,62,8.633134118722398e-05,-4.901388541419782e-06
24,63,6.003818181429505e-05,-7.985217323058806e-05
25,0,0.0001294076508009833,0.00015223244227953662
25,1,0.00010347009451117169,7.16583322106766e-05
25,2,7.864976808119608e-05,3.6135552530451513e-06
25,3,7.333940696911906e-05,-9.50011722777629e-06
25,4,7.044179070227709e-05,-1.439180546273514e-05
25,5,6.799717301901451e-05,-1.693131643910409e-05
25,6,6.473850877159308e-05,-1.9793644977776318e-05
25,7,6.147648682498026e-05,-2.1762250974464866e-05
25,8,5.7719321958870555e-05,-2.3662919305483265e-05
25,9,5.4031347927148374e-05,-2.489285625446156e-05
25,10,5.008873549968025e-05,-2.5906491525003176e-05
25,11,4.632148767443968e-05,-2.6384638352076897e-05
25,12,4.247302281214855e-05,-2.6622557389193615e-05
25,13,3.888872311526306e-05,-2.6438769972394152e-05
25,14,3.533804145319294e-05,-2.6047690021679867e-05
25,15,3.2107429834444895e-05,-2.5336610598720636e-05
25,16,2.897569085084163e-05,-2.4472622102917173e-05
25,17,2.6187700535589775e-05,-2.3375439037401566e-05
25,18,2.3526103555506124e-05,-2.2181696295320613e-05
25,19,2.1207351012541287e-05,-2.0823624812940285e-05
25,20,1.9017162381223604e-05,-1.941774796744415e-05
25,21,1.7153570961142172e-05,-1.7897954179842054e-05
25,22,1.540614067662309e-05,-1.6368167093535924e-05
25,23,1.3961820600805837e-05,-1.4758103506415112e-05
25,24,1.2614886640799942e-05,-1.3165078201965337e-05
25,25,1.1546349873842078e-05,-1.1511496469192104e-05
25,26,1.0555667084339133e-05,-9.893026852841722e-06
25,27,9.821405265037135e-06,-8.222949751079377e-06
25,28,9.148217711517523e-06,-6.599482466482168e-06
25,29,8.714571070701468e-06,-4.925528359141968e-06
25,30,8.329980330718161e-06,-3.3055029176255942e-06
25,31,8.17441471057745e-06,-1.6308307779948697e-06
25,32,8.061682817696187e-06,-1.5461027241765518e-08
25,33,8.174414710576277e-06,1.6618270014502953e-06
25,34,8.329980330716562e-06,3.274282763434643e-06
25,35,8.71457107070001e-06,4.957126535405297e-06
25,36,9.148217711516622e-06,6.567344762730689e-06
25,37,9.82140526503615e-06,8.255799298226976e-06
25,38,1.0555667084338407e-05,9.859278471571911e-06
25,39,1.1546349873843135e-05,1.1546349873842765e-05
25,40,1.2614886640802642e-05,1.3128888959604415e-05
25,41,1.3961820600809354e-05,1.4795890674382402e-05
25,42,1.5406140676626558e-05,1.632848034058061e-05
25,43,1.715357096114459e-05,1.793989228081341e-05
25,44,1.9017162381224655e-05,1.9373143071107478e-05
25,45,2.1207351012540867e-05,2.0871393419534855e-05
25,46,2.3526103555504756e-05,2.2130161945091512e-05
25,47,2.6187700535587986e-05,2.3431478249029652e-05
25,48,2.897569085084018e-05,2.4411157876934284e-05
25,49,3.2107429834444245e-05,2.54046625858896e-05
25,50,3.5338041453191865e-05,2.5971556942595252e-05
25,51,3.8888723115261406e-05,2.6524936693326513e-05
25,52,4.247302281214768e-05,2.652375239833183e-05
25,53,4.632148767443976e-05,2.6499635815826724e-05
25,54,5.0088735499680575e-05,2.577032381353807e-05
25,55,5.403134792714872e-05,2.50573792624851e-05
25,56,5.7719321958870494e-05,2.3459297783795303e-05
25,57,6.147648682497891e-05,2.2021738396224933e-05
25,58,6.47385087715908e-05,1.9451253787206752e-05
25,59,6.799717301901248e-05,1.7412523293120684e-05
25,60,7.044179070227519e-05,1.3845890337493275e-05
25,61,7.333940696911665e-05,1.2921196724855607e-05
25,62,7.864976808119389e-05,2.1206887524377728e-05
25,63,0.00010347009451117052,8.796692551350701e-05
26,0,1.526763446860755e-05,-0.00015223244227953263
26,1,3.672585631577072e-05,-7.873998796345828e-05
26,2,5.619508110992016e-05,-1.738275852678497e-05
26,3,5.811052763979848e-05,-1.0706153485116563e-05
26,4,5.7072024783880824e-05,-1.182573198514633e-05
26,5,5.483514372315358e-05,-1.4747538987649732e-05
26,6,5.261949125609775e-05,-1.668462066975124e-05
26,7,4.986041500023959e-05,-1.880559250452755e-05
26,8,4.713518429456648e-05,-2.0237174204781855e-05
26,9,4.408912741223043e-05,-2.15843949276976e-05
26,10,4.1145779335085825e-05,-2.2397238489776277e-05
26,11,3.804310582622582e-05,-2.3036556710287168e-05
26,12,3.511918161842019e-05,-2.3247116788146404e-05
26,13,3.2150942104624445e-05,-2.3275155654151545e-05
26,14,2.94198195482174e-05,-2.296404202112678e-05
26,15,2.6718537567701972e-05,-2.2498538382327947e-05
26,16,2.4288463582950428e-05,-2.177245107587083e-05
26,17,2.1928643597182185e-05,-2.093384127923584e-05
26,18,1.985214526378818e-05,-1.990062921707398e-05
26,19,1.7861262051663237e-05,-1.8797573407607725e-05
26,20,1.6149769952955252e-05,-1.75518244475969e-05
26,21,1.452283587293169e-05,-1.627338932434159e-05
26,22,1.3161798686836397e-05,-1.4890177316102412e-05
26,23,1.1875168537403167e-05,-1.3503710860214203e-05
26,24,1.0836883733327967e-05,-1.2037811405104453e-05
26,25,9.859278471571165e-06,-1.0590520488988332e-05
26,26,9.11245832997704e-06,-9.078709948706254e-06
26,27,8.412789481231102e-06,-7.601129634214774e-06
26,28,7.929010259942918e-06,-6.065852941559282e-06
26,29,7.481425800067899e-06,-4.5759733343842674e-06
26,30,7.239104396970384e-06,-3.029363994436459e-06
26,31,7.025955557457787e-06,-1.5367551726105615e-06
26,32,7.012573496554162e-06,1.5461027239556456e-08
26,33,7.025955557458236e-06,1.5057589491513954e-06
26,34,7.239104396971116e-06,3.0605841486249634e-06
26,35,7.481425800068715e-06,4.544375158119833e-06
26,36,7.929010259943538e-06,6.097990645310791e-06
26,37,8.412789481231291e-06,7.56828008706802e-06
26,38,9.112458329976795e-06,9.11245832997774e-06
26,39,9.859278471570539e-06,1.055566708433938e-05
26,40,1.083688373332726e-05,1.2074000647466482e-05
26,41,1.1875168537402747e-05,1.3465923692247551e-05
26,42,1.3161798686836331e-05,1.4929864069057082e-05
26,43,1.4522835872931984e-05,1.6231451223368034e-05
26,44,1.614976995295573e-05,1.759642934393001e-05
26,45,1.7861262051663366e-05,1.874980480100937e-05
26,46,1.9852145263787733e-05,1.9952163567300693e-05
26,47,2.1928643597181507e-05,2.0877802067607087e-05
26,48,2.428846358294994e-05,2.1833915301854342e-05
26,49,2.6718537567702128e-05,2.2430486395159833e-05
26,50,2.9419819548218186e-05,2.3040175100211602e-05
26,51,3.215094210462538e-05,2.3188988933219385e-05
26,52,3.5119181618421196e-05,2.3345921779008636e-05
26,53,3.804310582622686e-05,2.2921559246537297e-05
26,54,4.1145779335086563e-05,2.2533406201240585e-05
26,55,4.4089127412230686e-05,2.1419871919672367e-05
26,56,4.713518429456626e-05,2.0440795726467476e-05
26,57,4.9860415000239143e-05,1.854610508276507e-05
26,58,5.26194912560973e-05,1.7027011860319087e-05
26,59,5.4835143723153e-05,1.42663321336328e-05
26,60,5.70720247838797e-05,1.2371647110389002e-05
26,61,5.81105276397963e-05,7.285073988039663e-06
26,62,5.619508110991716e-05,-7.437684250632702e-06
26,63,3.6725856315768326e-05,-8.088526976071802e-05
27,0,8.576144189330678e-05,0.00015223244227953637
27,1,6.76417774450207e-05,7.293074069306767e-05
27,2,5.0365041164171494e-05,5.7007626317763965e-06
27,3,4.684595753100438e-05,-6.550486225169e-06
27,4,4.506556965303063e-05,-1.0629047626684e-05
27,5,4.3671283578584384e-05,-1.2441882627880813e-05
27,6,4.172791069813034e-05,-1.4718543861366272e-05
27,7,3.9822666025616304e-05,-1.6223909102042164e-05
27,8,3.7563607715724334e-05,-1.780782413970854e-05
27,9,3.536727096609322e-05,-1.8842544984550425e-05
27,10,3.296254835340262e-05,-1.9790386852464347e-05
27,11,3.0676018472759674e-05,-2.0303435786386244e-05
27,12,2.8288215266034857e-05,-2.0675511772425373e-05
27,13,2.607099883573351e-05,-2.069638934199054e-05
27,14,2.3827344869126133e-05,-2.0575491141197186e-05
27,15,2.1791488630409533e-05,-2.017460735462917e-05
27,16,1.977591521856852e-05,-1.965610859241997e-05
27,17,1.7987985849569106e-05,-1.8919237945805173e-05
27,18,1.6244435720292883e-05,-1.8098017155433942e-05
27,19,1.473367283834134e-05,-1.7109600323164695e-05
27,20,1.3275036784363388e-05,-1.607038114056325e-05
27,21,1.2044094247471988e-05,-1.4904010879900862e-05
27,22,1.0862645959836904e-05,-1.3716340063206e-05
27,23,9.898068438320658e-06,-1.2430747075660037e-05
27,24,8.974915655446196e-06,-1.114781548367898e-05
27,25,8.255799298225078e-06,-9.786551860387573e-06
27,26,7.568280087068355e-06,-8.446537862505274e-06
27,27,7.072650791400298e-06,-7.039801244255438e-06
27,28,6.599536855856468e-06,-5.668565489996808e-06
27,29,6.308627583012262e-06,-4.236049153277398e-06
27,30,6.033463240073584e-06,-2.850380906253255e-06
27,31,5.934335064521926e-06,-1.4044810397391788e-06
27,32,5.847372435791334e-06,-1.54610272406e-08
27,33,5.9343350645224815e-06,1.4354772631966373e-06
27,34,6.033463240073919e-06,2.819160752063862e-06
27,35,6.308627583011974e-06,4.267647329541508e-06
27,36,6.599536855855658e-06,5.6364277862450565e-06
27,37,7.072650791399529e-06,7.072650791402008e-06
27,38,7.568280087068023e-06,8.412789481234168e-06
27,39,8.255799298225275e-06,9.82140526503776e-06
27,40,8.974915655446995e-06,1.1111626241319055e-05
27,41,9.898068438321971e-06,1.2468534243629431e-05
27,42,1.0862645959838564e-05,1.3676653310254257e-05
27,43,1.204409424747398e-05,1.4945948980877258e-05
27,44,1.3275036784365363e-05,1.6025776244232426e-05
27,45,1.4733672838342775e-05,1.7157368929764355e-05
27,46,1.624443572029362e-05,1.8046482805207902e-05
27,47,1.7987985849569157e-05,1.8975277157434705e-05
27,48,1.977591521856825e-05,1.959464436643768e-05
27,49,2.1791488630409225e-05,2.0242659341798556e-05
27,50,2.3827344869126184e-05,2.0499358062113062e-05
27,51,2.6070998835734357e-05,2.0782556062923238e-05
27,52,2.8288215266036073e-05,2.0576706781564075e-05
27,53,3.067601847276027e-05,2.0418433250137213e-05
27,54,3.296254835340233e-05,1.965421914100107e-05
27,55,3.536727096609228e-05,1.900706799257681e-05
27,56,3.756360771572279e-05,1.7604202618024382e-05
27,57,3.982266602561492e-05,1.6483396523806355e-05
27,58,4.172791069812999e-05,1.4376152670800589e-05
27,59,4.367128357858455e-05,1.2923089481900511e-05
27,60,4.506556965303036e-05,1.0083132501444146e-05
27,61,4.6845957531003546e-05,9.971565722248906e-06
27,62,5.03650411641702e-05,1.911968014564578e-05
27,63,6.764177744501962e-05,8.669451703111511e-05
28,0,6.941165852535588e-06,-0.000152232442279534
28,1,2.1033627510056117e-05,-7.816980503424473e-05
28,2,3.389129151258358e-05,-1.5925203759618757e-05
28,3,3.525730624051587e-05,-8.497690829533912e-06
28,4,3.474367167216612e-05,-8.96618726014085e-06
28,5,3.345580680080939e-05,-1.1339576111806746e-05
28,6,3.222573899457175e-05,-1.2809839988565377e-05
28,7,3.0634613121229926e-05,-1.4572897890736443e-05
28,8,2.9092798414320747e-05,-1.573844639586928e-05
28,9,2.7320066098723814e-05,-1.6924931040995842e-05
28,10,2.5627704231951515e-05,-1.766201312979918e-05
28,11,2.379858013673634e-05,-1.8314189090977476e-05
28,12,2.209055969481614e-05,-1.8604418056508638e-05
28,13,2.031475715467646e-05,-1.8777375005158338e-05
28,14,1.8694420249113924e-05,-1.865563929264304e-05
28,15,1.7053260461098047e-05,-1.842078717090199e-05
28,16,1.559010709150666e-05,-1.794875785397391e-05
28,17,1.413426700934358e-05,-1.7385013671358073e-05
28,18,1.2867049848240763e-05,-1.6633428609040317e-05
28,19,1.1620567540029211e-05,-1.5817710195364226e-05
28,20,1.0563836560352783e-05,-1.4854819886468051e-05
28,21,9.530962042557622e-06,-1.3855358333897069e-05
28,22,8.68271964389588e-06,-1.2740422683130442e-05
28,23,7.855189263093421e-06,-1.1613419526962473e-05
28,24,7.203986517403912e-06,-1.0394062979243535e-05
28,25,6.56734476272914e-06,-9.18307111616484e-06
28,26,6.097990645312153e-06,-7.895261878674162e-06
28,27,5.636427786243352e-06,-6.63238640300131e-06
28,28,5.334125243021368e-06,-5.301987539266905e-06
28,29,5.033830478018788e-06,-4.010116515062132e-06
28,30,4.8869124973445904e-06,-2.6552515099109725e-06
28,31,4.7381888482912896e-06,-1.3507711111182286e-06
28,32,4.739754001522522e-06,1.546102724000369e-08
28,33,4.738188848291188e-06,1.3197748876601264e-06
28,34,4.886912497344458e-06,2.686471664100854e-06
28,35,5.033830478018764e-06,3.978518338799361e-06
28,36,5.3341252430215626e-06,5.334125243020324e-06
28,37,5.636427786243772e-06,6.599536855856471e-06
28,38,6.097990645312711e-06,7.929010259947305e-06
28,39,6.567344762729817e-06,9.148217711517098e-06
28,40,7.203986517404744e-06,1.0430252221606194e-05
28,41,7.855189263094428e-06,1.157563235899611e-05
28,42,8.682719643897038e-06,1.2780109436085353e-05
28,43,9.530962042558872e-06,1.3813420232923781e-05
28,44,1.056383656035404e-05,1.4899424782801669e-05
28,45,1.1620567540030336e-05,1.5769941588766654e-05
28,46,1.2867049848241629e-05,1.6684962959267604e-05
28,47,1.4134267009344118e-05,1.7328974459729313e-05
28,48,1.5590107091506823e-05,1.801022207995669e-05
28,49,1.7053260461097888e-05,1.8352735183732658e-05
28,50,1.8694420249113474e-05,1.8731772371726676e-05
28,51,2.0314757154675802e-05,1.869120828422497e-05
28,52,2.209055969481545e-05,1.870322304736941e-05
28,53,2.3798580136735856e-05,1.8199191627226097e-05
28,54,2.5627704231951437e-05,1.7798180841262058e-05
28,55,2.732006609872418e-05,1.6760408032969204e-05
28,56,2.909279841432143e-05,1.5942067917553523e-05
28,57,3.063461312123079e-05,1.4313410468972586e-05
28,58,3.222573899457273e-05,1.3152231179132136e-05
28,59,3.345580680081038e-05,1.0858369257789325e-05
28,60,3.474367167216705e-05,9.512102385383608e-06
28,61,3.525730624051666e-05,5.0766113324571825e-06
28,62,3.3891291512584164e-05,-8.895239017799555e-06
28,63,2.1033627510056436e-05,-8.145545268993354e-05
29,0,4.9039163171865684e-05,0.00015223244227953526
29,1,3.8330766171656644e-05,7.365705564816493e-05
29,2,2.8123535984628515e-05,6.8714322118223886e-06
29,3,2.611616033595747e-05,-4.898197492797492e-06
29,4,2.5137149500747e-05,-8.515482617175864e-06
29,5,2.4429376074622987e-05,-9.90869588928276e-06
29,6,2.3385793909938754e-05,-1.1840595359999614e-05
29,7,2.2398123007555928e-05,-1.3064604328742363e-05
29,8,2.118107080920433e-05,-1.4446629388276872e-05
29,9,2.002570270865324e-05,-1.534505962431073e-05
29,10,1.8719193845669207e-05,-1.622927922027314e-05
29,11,1.7500545928583517e-05,-1.6735763508920172e-05
29,12,1.618892773920803e-05,-1.715972776897141e-05
29,13,1.4992385569402914e-05,-1.7275087037872704e-05
29,14,1.374477780332297e-05,-1.728992341886402e-05
29,15,1.2633118809628728e-05,-1.7051503464775265e-05
29,16,1.1497960310436025e-05,-1.672026695471117e-05
29,17,1.0511240538735775e-05,-1.6183327495551786e-05
29,18,9.516651565600099e-06,-1.557341399066254e-05
29,19,8.675323886514767e-06,-1.4798347679141045e-05
29,20,7.832733586578651e-06,-1.397432855501927e-05
29,21,7.142500114568533e-06,-1.3018365672683204e-05
29,22,6.451539429281806e-06,-1.2037177875266233e-05
29,23,5.90851908669143e-06,-1.0949806406868244e-05
29,24,5.361829660201517e-06,-9.858485098717712e-06
29,25,4.957126535403044e-06,-8.679717666050559e-06
29,26,4.544375158119691e-06,-7.515174181341676e-06
29,27,4.267647329540433e-06,-6.275778035864162e-06
29,28,3.978518338800765e-06,-5.065968181772296e-06
29,29,3.820506389155161e-06,-3.7889082128953917e-06
29,30,3.6467286519380763e-06,-2.5548241754492517e-06
29,31,3.600886616730828e-06,-1.2573731523727284e-06
29,32,3.5374676211738457e-06,-1.5461027240139215e-08
29,33,3.6008866167328e-06,1.2883693758307087e-06
29,34,3.646728651940299e-06,2.5236040212597223e-06
29,35,3.8205063891563465e-06,3.820506389159164e-06
29,36,3.97851833880098e-06,5.033830478020383e-06
29,37,4.2676473295406515e-06,6.308627583011002e-06
29,38,4.5443751581204565e-06,7.48142580007053e-06
29,39,4.957126535403983e-06,8.714571070699809e-06
29,40,5.361829660202503e-06,9.822295856356112e-06
29,41,5.9085190866921625e-06,1.0987593574835637e-05
29,42,6.451539429281762e-06,1.1997491122312881e-05
29,43,7.142500114567654e-06,1.3060303773658402e-05
29,44,7.832733586577305e-06,1.3929723658687395e-05
29,45,8.675323886513391e-06,1.4846116285740165e-05
29,46,9.516651565598987e-06,1.5521879640436882e-05
29,47,1.0511240538734916e-05,1.6239366707181878e-05
29,48,1.1497960310435645e-05,1.6658802728728878e-05
29,49,1.2633118809628808e-05,1.7119555451944364e-05
29,50,1.374477780332338e-05,1.7213790339779922e-05
29,51,1.499238556940387e-05,1.7361253758805684e-05
29,52,1.6188927739209438e-05,1.7060922778110505e-05
29,53,1.750054592858487e-05,1.685076097267146e-05
29,54,1.871919384566987e-05,1.609311150880983e-05
29,55,2.0025702708652584e-05,1.5509582632336823e-05
29,56,2.1181070809202376e-05,1.4243007866592718e-05
29,57,2.239812300755338e-05,1.3324091750507416e-05
29,58,2.3385793909936104e-05,1.1498204169434616e-05
29,59,2.442937607462002e-05,1.038990274330169e-05
29,60,2.5137149500743518e-05,7.969567491934053e-06
29,61,2.6116160335953866e-05,8.319276989874877e-06
29,62,2.8123535984625398e-05,1.7949010565596958e-05
29,63,3.8330766171654773e-05,8.59682020760153e-05
30,0,2.593889798923971e-06,-0.00015223244227953835
30,1,9.564936921030944e-06,-7.788348709788216e-05
30,2,1.596821303798466e-05,-1.5169639777334832e-05
30,3,1.666095084922941e-05,-7.346514623359579e-06
30,4,1.646351817441646e-05,-7.4706177530767704e-06
30,5,1.5860650683655212e-05,-9.551352728462878e-06
30,6,1.5323617902003268e-05,-1.0768173149007108e-05
30,7,1.458160961724383e-05,-1.2332574599525903e-05
30,8,1.3896933344581252e-05,-1.3345065089101177e-05
30,9,1.3067599495887508e-05,-1.443262118344225e-05
30,10,1.230723725429668e-05,-1.511446760031178e-05
30,11,1.1445651532870701e-05,-1.575843855099028e-05
30,12,1.0670654718053916e-05,-1.6076334662665476e-05
30,13,9.826712617457692e-06,-1.6313114029735227e-05
30,14,9.085145767027596e-06,-1.628052769812756e-05
30,15,8.29725200094219e-06,-1.6159155447053716e-05
30,16,7.622767270515745e-06,-1.581536861508465e-05
30,17,6.916170471019998e-06,-1.539355904504824e-05
30,18,6.328830128991628e-06,-1.478983041262707e-05
30,19,5.716827826845431e-06,-1.412737394347246e-05
30,20,5.225572972643095e-06,-1.3317312927455918e-05
30,21,4.7121925225379135e-06,-1.2470468244409466e-05
30,22,4.318017100572744e-06,-1.1503883000777214e-05
30,23,3.901112447381578e-06,-1.052183238285632e-05
30,24,3.60018567141333e-06,-9.441473566565794e-06
30,25,3.274282763432553e-06,-8.364833735367108e-06
30,26,3.0605841486236514e-06,-7.205356015703369e-06
30,27,2.8191607520613946e-06,-6.0663127872198e-06
30,28,2.686471664099042e-06,-4.8547747935924e-06
30,29,2.523604021254303e-06,-3.6783268282030252e-06
30,30,2.46687709351103e-06,-2.4356569393249197e-06
30,31,2.3783178878475894e-06,-1.241531008267973e-06
30,32,2.3945239838341123e-06,1.5461027239326063e-08
30,33,2.3783178878478647e-06,1.2105347848084748e-06
30,34,2.4668770935115434e-06,2.4668770935131553e-06
30,35,2.52360402125521e-06,3.646728651938059e-06
30,36,2.6864716641009834e-06,4.886912497343279e-06
30,37,2.8191607520646692e-06,6.03346324007283e-06
30,38,3.0605841486277163e-06,7.239104396975412e-06
30,39,3.274282763436684e-06,8.329980330719593e-06
30,40,3.6001856714168436e-06,9.47766280892988e-06
30,41,3.901112447384055e-06,1.0484045214892028e-05
30,42,4.318017100574183e-06,1.1543569753734483e-05
30,43,4.7121925225383286e-06,1.2428530143438463e-05
30,44,5.225572972642931e-06,1.3361917823791574e-05
30,45,5.716827826844713e-06,1.4079605336877194e-05
30,46,6.328830128989531e-06,1.4841364762856497e-05
30,47,6.916170471016908e-06,1.5337519833420283e-05
30,48,7.622767270512655e-06,1.5876832841066834e-05
30,49,8.297252000939591e-06,1.6091103459882868e-05
30,50,9.085145767025676e-06,1.6356660777209473e-05
30,51,9.82671261745627e-06,1.6226947308800485e-05
30,52,1.0670654718052784e-05,1.617513965352566e-05
30,53,1.1445651532869212e-05,1.564344108723899e-05
30,54,1.2307237254294765e-05,1.5250635311774456e-05
30,55,1.3067599495886007e-05,1.4268098175414802e-05
30,56,1.3896933344580375e-05,1.3548686610784443e-05
30,57,1.4581609617243177e-05,1.2073087177761322e-05
30,58,1.5323617902002184e-05,1.1110564339573453e-05
30,59,1.5860650683653267e-05,9.070145874444663e-06
30,60,1.646351817441388e-05,8.016532878317544e-06
30,61,1.6660950849226558e-05,3.925435126279408e-06
30,62,1.596821303798155e-05,-9.650803000088685e-06
30,63,9.5649369210284e-06,-8.17417706263036e-05
31,0,1.5957403296041937e-05,0.0001522324422795319
31,1,1.2432899132825955e-05,7.398817738460051e-05
31,2,9.037280537304365e-06,7.398995747641936e-06
31,3,8.402741628457873e-06,-4.1543709147289935e-06
31,4,8.071242083881815e-06,-7.562530658372194e-06
31,5,7.873459907372457e-06,-8.763502902747624e-06
31,6,7.525539908204984e-06,-1.0535760324684099e-05
31,7,7.238661112923605e-06,-1.1627207578026995e-05
31,8,6.835525903915332e-06,-1.2911692928371585e-05
31,9,6.4940257677502094e-06,-1.3741330617926145e-05
31,10,6.06098422888483e-06,-1.4589423745511375e-05
31,11,5.697216537020241e-06,-1.5085520787751042e-05
31,12,5.260342678452208e-06,-1.552609984049444e-05
31,13,4.901136082162237e-06,-1.5678003005817032e-05
31,14,4.482289334894513e-06,-1.574915534007344e-05
31,15,4.14779954308334e-06,-1.5580237055935686e-05
31,16,3.762740599209389e-06,-1.5331063516036194e-05
31,17,3.466249933848186e-06,-1.4883124152707598e-05
31,18,3.1245438562064556e-06,-1.4368651259759692e-05
31,19,2.8732519132425153e-06,-1.36910296045596e-05
31,20,2.579226059462655e-06,-1.2966361380127943e-05
31,21,2.375629732204076e-06,-1.2108413153395969e-05
31,22,2.129795152123386e-06,-1.1224245004489015e-05
31,23,1.9732350007884885e-06,-1.0230717987621004e-05
31,24,1.7737495424702591e-06,-9.230757827612276e-06
31,25,1.6618270014481193e-06,-8.139561305930278e-06
31,26,1.5057589491507826e-06,-7.059703938735241e-06
31,27,1.435477263197602e-06,-5.901485517377114e-06
31,28,1.3197748876619928e-06,-4.770326552044064e-06
31,29,1.2883693758308874e-06,-3.5692884404671483e-06
31,30,1.2105347848094125e-06,-2.4095380420382182e-06
31,31,1.2160212519768433e-06,-1.1850250285166632e-06
31,32,1.17452986465254e-06,-1.546102723786239e-08
31,33,1.2160212519759217e-06,1.2160212519790549e-06
31,34,1.210534784806164e-06,2.3783178878524272e-06
31,35,1.288369375826311e-06,3.600886616732887e-06
31,36,1.3197748876577996e-06,4.738188848291854e-06
31,37,1.4354772631942292e-06,5.934335064521079e-06
31,38,1.5057589491482233e-06,7.02595555745987e-06
31,39,1.6618270014470436e-06,8.17441471057628e-06
31,40,1.7737495424699373e-06,9.194568585248969e-06
31,41,1.9732350007872984e-06,1.0268505155586861e-05
31,42,2.1297951521212084e-06,1.1184558251533952e-05
31,43,2.375629732200866e-06,1.2150351254369367e-05
31,44,2.5792260594597877e-06,1.2921756483793695e-05
31,45,2.873251913240705e-06,1.3738798211156522e-05
31,46,3.124543856204496e-06,1.43171169095324e-05
31,47,3.4662499338460992e-06,1.4939163364335789e-05
31,48,3.762740599207478e-06,1.5269599290052654e-05
31,49,4.147799543081151e-06,1.564828904310514e-05
31,50,4.482289334891866e-06,1.5673022260988826e-05
31,51,4.901136082159639e-06,1.576416972674614e-05
31,52,5.260342678450791e-06,1.542729484962832e-05
31,53,5.69721653701933e-06,1.5200518251498597e-05
31,54,6.060984228883677e-06,1.4453256034046209e-05
31,55,6.494025767749712e-06,1.390585362595164e-05
31,56,6.835525903915051e-06,1.270807140668651e-05
31,57,7.238661112921254e-06,1.1886694999789538e-05
31,58,7.525539908201458e-06,1.019336913411491e-05
31,59,7.873459907369628e-06,9.244709756761542e-06
31,60,8.071242083879533e-06,7.0166155331254585e-06
31,61,8.402741628455355e-06,7.575450411802232e-06
31,62,9.03728053730188e-06,1.742144702977336e-05
31,63,1.2432899132823607e-05,8.563708033957429e-05
32,0,1.5461027239976584e-08,-0.00015223244227953564
32,1,-1.5461027239977137e-08,-7.779637390423361e-05
32,2,1.5461027239977527e-08,-1.493565440957004e-05
32,3,-1.5461027239973527e-08,-6.98897741836425e-06
32,4,1.546102723997838e-08,-7.005336985111773e-06
32,5,-1.546102723997481e-08,-8.994137913990712e-06
32,6,1.5461027239977617e-08,-1.0130675916833473e-05
32,7,-1.546102723997184e-08,-1.1631499423707831e-05
32,8,1.5461027239976634e-08,-1.2594194964000592e-05
32,9,-1.5461027239976617e-08,-1.3648632024647889e-05
32,10,1.5461027239977484e-08,-1.431080623328897e-05
32,11,-1.546102723997513e-08,-1.4949819694415765e-05
32,12,1.5461027239978705e-08,-1.527403601274532e-05
32,13,-1.546102723997692e-08,-1.552868380010566e-05
32,14,1.5461027239976326e-08,-1.552215434264849e-05
32,15,-1.5461027239980952e-08,-1.5434834873118868e-05
32,16,1.5461027239976584e-08,-1.5130089481388722e-05
32,17,-1.5461027239977137e-08,-1.4752033585645045e-05
32,18,1.5461027239977104e-08,-1.4194290294179679e-05
32,19,-1.546102723997501e-08,-1.3579903375510095e-05
32,20,1.5461027239977322e-08,-1.281810060736933e-05
32,21,-1.5461027239977775e-08,-1.201976127118448e-05
32,22,1.5461027239975922e-08,-1.1100588222135577e-05
32,23,-1.5461027239979463e-08,-1.0165109487213558e-05
32,24,1.546102723997658e-08,-9.12961906293602e-06
32,25,-1.5461027239976634e-08,-8.096536222342665e-06
32,26,1.5461027239976366e-08,-6.978825115283292e-06
32,27,-1.546102723997649e-08,-5.880221982935771e-06
32,28,1.5461027239976167e-08,-4.707616297771739e-06
32,29,-1.546102723997685e-08,-3.5690657974399758e-06
32,30,1.5461027239975198e-08,-2.36330382965065e-06
32,31,-1.546102723997699e-08,-1.2055260881134951e-06
32,32,1.5461027239976584e-08,1.5461027239976584e-08
32,33,-1.5461027239975443e-08,1.1745298646552844e-06
32,34,1.5461027239975833e-08,2.3945239838402787e-06
32,35,-1.5461027239976915e-08,3.537467621176835e-06
32,36,1.5461027239974993e-08,4.739754001524728e-06
32,37,-1.5461027239976505e-08,5.847372435790512e-06
32,38,1.5461027239975922e-08,7.0125734965560475e-06
32,39,-1.5461027239976922e-08,8.061682817694533e-06
32,40,1.5461027239976535e-08,9.165808305298253e-06
32,41,-1.5461027239976452e-08,1.0127322319246754e-05
32,42,1.5461027239975916e-08,1.1140274975090098e-05
32,43,-1.546102723997784e-08,1.1977823170210932e-05
32,44,1.546102723997447e-08,1.2862705503702831e-05
32,45,-1.546102723997519e-08,1.353213476891245e-05
32,46,1.5461027239976472e-08,1.4245824644406861e-05
32,47,-1.5461027239972137e-08,1.4695994374016105e-05
32,48,1.5461027239976584e-08,1.5191553707371272e-05
32,49,-1.5461027239977137e-08,1.5366782885949382e-05
32,50,1.546102723997541e-08,1.559828742173215e-05
32,51,-1.5461027239979244e-08,1.5442517079172617e-05
32,52,1.5461027239975628e-08,1.537284100360677e-05
32,53,-1.546102723997608e-08,1.4834822230665436e-05
32,54,1.5461027239977617e-08,1.4446973944753138e-05
32,55,-1.5461027239976075e-08,1.3484109016622537e-05
32,56,1.5461027239976588e-08,1.2797816485685887e-05
32,57,-1.5461027239976435e-08,1.1372012001944635e-05
32,58,1.5461027239977034e-08,1.0473067107400436e-05
32,59,-1.546102723997902e-08,8.512931059972974e-06
32,60,1.5461027239977008e-08,7.551252110353588e-06
32,61,-1.5461027239978225e-08,3.567897921285874e-06
32,62,1.54610272399776e-08,-9.884788367850674e-06
32,63,-1.5461027239977792e-08,-8.182888381994772e-05
33,0,-1.598839951948366e-05,0.0001522324422795353
33,1,-1.2401902909353806e-05,7.398817738459366e-05
33,2,-9.06827676075351e-06,7.3989957476351415e-06
33,3,-8.371745404992249e-06,-4.154370914733001e-06
33,4,-8.102238307334364e-06,-7.5625306583750756e-06
33,5,-7.842463683910817e-06,-8.76350290274957e-06
33,6,-7.556536131659718e-06,-1.0535760324684607e-05
33,7,-7.207664889460822e-06,-1.1627207578027904e-05
33,8,-6.86652212736945e-06,-1.2911692928374028e-05
33,9,-6.463029544288968e-06,-1.3741330617929385e-05
33,10,-6.091980452340404e-06,-1.4589423745514538e-05
33,11,-5.666220313560823e-06,-1.5085520787753587e-05
33,12,-5.2913389019123045e-06,-1.552609984049578e-05
33,13,-4.870139858707646e-06,-1.567800300581701e-05
33,14,-4.513285558356172e-06,-1.5749155340071973e-05
33,15,-4.116803319625979e-06,-1.558023705593195e-05
33,16,-3.793736822664032e-06,-1.5331063516031277e-05
33,17,-3.4352537103833184e-06,-1.4883124152705426e-05
33,18,-3.155540079658384e-06,-1.4368651259762531e-05
33,19,-2.842255689780999e-06,-1.3691029604565237e-05
33,20,-2.6102222829205225e-06,-1.2966361380132788e-05
33,21,-2.3446335087470737e-06,-1.2108413153399593e-05
33,22,-2.1607913755836958e-06,-1.1224245004491946e-05
33,23,-1.942238777333737e-06,-1.0230717987622503e-05
33,24,-1.804745765933303e-06,-9.230757827611524e-06
33,25,-1.6308307779936627e-06,-8.139561305928178e-06
33,26,-1.5367551726101456e-06,-7.0597039387327166e-06
33,27,-1.4044810397379772e-06,-5.901485517375503e-06
33,28,-1.3507711111177462e-06,-4.770326552044656e-06
33,29,-1.257373152371111e-06,-3.5692884404698897e-06
33,30,-1.2415310082688175e-06,-2.4095380420422577e-06
33,31,-1.1850250285225662e-06,-1.1850250285199294e-06
33,32,-1.2055260881153586e-06,-1.5461027238865277e-08
33,33,-1.1850250285221105e-06,1.216021251979448e-06
33,34,-1.2415310082686066e-06,2.378317887852795e-06
33,35,-1.2573731523712038e-06,3.6008866167332877e-06
33,36,-1.3507711111172698e-06,4.7381888482926296e-06
33,37,-1.4044810397363437e-06,5.934335064521433e-06
33,38,-1.5367551726082136e-06,7.025955557459634e-06
33,39,-1.63083077799216e-06,8.174414710575666e-06
33,40,-1.8047457659326542e-06,9.194568585248227e-06
33,41,-1.942238777334048e-06,1.0268505155587967e-05
33,42,-2.160791375584243e-06,1.1184558251536735e-05
33,43,-2.3446335087475442e-06,1.2150351254373382e-05
33,44,-2.610222282920958e-06,1.2921756483799834e-05
33,45,-2.842255689781601e-06,1.3738798211162767e-05
33,46,-3.155540079659445e-06,1.4317116909534962e-05
33,47,-3.4352537103849354e-06,1.493916336433504e-05
33,48,-3.7937368226652924e-06,1.5269599290051153e-05
33,49,-4.116803319626027e-06,1.5648289043104325e-05
33,50,-4.513285558355484e-06,1.567302226099007e-05
33,51,-4.870139858707295e-06,1.576416972675093e-05
33,52,-5.2913389019124536e-06,1.5427294849635504e-05
33,53,-5.666220313560362e-06,1.5200518251505653e-05
33,54,-6.091980452339152e-06,1.44532560340518e-05
33,55,-6.4630295442882405e-06,1.3905853625955478e-05
33,56,-6.866522127369628e-06,1.2708071406689404e-05
33,57,-7.207664889460934e-06,1.1886694999791988e-05
33,58,-7.556536131659754e-06,1.0193369134118478e-05
33,59,-7.842463683910687e-06,9.244709756767859e-06
33,60,-8.102238307333697e-06,7.0166155331333046e-06
33,61,-8.371745404991556e-06,7.575450411811221e-06
33,62,-9.06827676075308e-06,1.7421447029785623e-05
33,63,-1.2401902909353355e-05,8.563708033958742e-05
34,0,-2.56266964472277e-06,-0.00015223244227953727
34,1,-9.596157075210997e-06,-7.78834870978857e-05
34,2,-1.5936992883789706e-05,-1.5169639777338705e-05
34,3,-1.669217100341595e-05,-7.346514623361268e-06
34,4,-1.6432298020224287e-05,-7.47061775307694e-06
34,5,-1.5891870837842688e-05,-9.551352728462602e-06
34,6,-1.529239774781223e-05,-1.0768173149006567e-05
34,7,-1.4612829771432691e-05,-1.2332574599524506e-05
34,8,-1.3865713190390588e-05,-1.3345065089098767e-05
34,9,-1.3098819650074984e-05,-1.4432621183439734e-05
34,10,-1.2276017100104084e-05,-1.5114467600310616e-05
34,11,-1.147687168705816e-05,-1.575843855099085e-05
34,12,-1.063943456386373e-05,-1.607633466266625e-05
34,13,-9.857932771647201e-06,-1.631311402973468e-05
34,14,-9.053925612836386e-06,-1.6280527698126034e-05
34,15,-8.328472155128384e-06,-1.615915544705312e-05
34,16,-7.591547116322186e-06,-1.581536861508588e-05
34,17,-6.9473906252060585e-06,-1.5393559045050788e-05
34,18,-6.29760997479924e-06,-1.4789830412630625e-05
34,19,-5.748047981033294e-06,-1.4127373943476338e-05
34,20,-5.194352818452151e-06,-1.3317312927460011e-05
34,21,-4.74341267672745e-06,-1.2470468244414102e-05
34,22,-4.286796946385124e-06,-1.1503883000781395e-05
34,23,-3.932332601574596e-06,-1.0521832382859047e-05
34,24,-3.568965517227686e-06,-9.44147356656678e-06
34,25,-3.30550291762615e-06,-8.364833735366377e-06
34,26,-3.029363994437526e-06,-7.205356015701623e-06
34,27,-2.8503809062542063e-06,-6.066312787217678e-06
34,28,-2.655251509912433e-06,-4.854774793589886e-06
34,29,-2.5548241754465174e-06,-3.6783268281997557e-06
34,30,-2.43565693932269e-06,-2.435656939321154e-06
34,31,-2.40953804203671e-06,-1.2415310082651405e-06
34,32,-2.3633038296431095e-06,1.5461027239759744e-08
34,33,-2.409538042036947e-06,1.2105347848065097e-06
34,34,-2.4356569393232617e-06,2.4668770935104948e-06
34,35,-2.554824175447313e-06,3.646728651936611e-06
34,36,-2.6552515099132192e-06,4.886912497343184e-06
34,37,-2.8503809062548255e-06,6.033463240073055e-06
34,38,-3.0293639944378303e-06,7.239104396975173e-06
34,39,-3.3055029176261914e-06,8.32998033071894e-06
34,40,-3.568965517227653e-06,9.477662808929512e-06
34,41,-3.932332601574584e-06,1.0484045214892541e-05
34,42,-4.286796946385266e-06,1.1543569753736037e-05
34,43,-4.743412676727827e-06,1.2428530143440617e-05
34,44,-5.194352818452662e-06,1.336191782379372e-05
34,45,-5.748047981033653e-06,1.4079605336879056e-05
34,46,-6.2976099747993344e-06,1.484136476285805e-05
34,47,-6.947390625206073e-06,1.5337519833421855e-05
34,48,-7.591547116322254e-06,1.5876832841068268e-05
34,49,-8.328472155128492e-06,1.6091103459883383e-05
34,50,-9.053925612836479e-06,1.6356660777209473e-05
34,51,-9.857932771647147e-06,1.6226947308801393e-05
34,52,-1.0639434563863541e-05,1.6175139653527414e-05
34,53,-1.1476871687057844e-05,1.5643441087240208e-05
34,54,-1.2276017100103613e-05,1.525063531177435e-05
34,55,-1.309881965007454e-05,1.4268098175413728e-05
34,56,-1.3865713190390256e-05,1.3548686610783372e-05
34,57,-1.4612829771432247e-05,1.2073087177760705e-05
34,58,-1.529239774781151e-05,1.11105643395729e-05
34,59,-1.5891870837841753e-05,9.070145874444068e-06
34,60,-1.6432298020223165e-05,8.01653287831783e-06
34,61,-1.6692171003414457e-05,3.925435126281722e-06
34,62,-1.5936992883787914e-05,-9.650803000083842e-06
34,63,-9.596157075209606e-06,-8.174177062629837e-05
35,0,-4.9070761348127e-05,0.00015223244227953686
35,1,-3.8299167995391815e-05,7.365705564816575e-05
35,2,-2.815513416089036e-05,6.871432211822375e-06
35,3,-2.6084562159693643e-05,-4.898197492798073e-06
35,4,-2.5168747677010013e-05,-8.515482617176526e-06
35,5,-2.439777789835999e-05,-9.908695889283158e-06
35,6,-2.3417392086201972e-05,-1.1840595359999563e-05
35,7,-2.236652483129238e-05,-1.3064604328741877e-05
35,8,-2.1212668985466205e-05,-1.4446629388276346e-05
35,9,-1.999410453238811e-05,-1.5345059624310747e-05
35,10,-1.875079202193018e-05,-1.622927922027395e-05
35,11,-1.746894775231852e-05,-1.6735763508921568e-05
35,12,-1.6220525915469696e-05,-1.7159727768973045e-05
35,13,-1.4960787393138398e-05,-1.7275087037874585e-05
35,14,-1.3776375979584817e-05,-1.7289923418866566e-05
35,15,-1.260152063336485e-05,-1.7051503464778666e-05
35,16,-1.1529558486699521e-05,-1.6720266954714894e-05
35,17,-1.0479642362474006e-05,-1.6183327495554896e-05
35,18,-9.54824974186487e-06,-1.5573413990664403e-05
35,19,-8.643725710252574e-06,-1.47983476791419e-05
35,20,-7.864331762841853e-06,-1.3974328555019947e-05
35,21,-7.1109019383051834e-06,-1.3018365672684115e-05
35,22,-6.4831376055449824e-06,-1.2037177875267072e-05
35,23,-5.8769209104285346e-06,-1.0949806406868774e-05
35,24,-5.393427836465083e-06,-9.858485098718013e-06
35,25,-4.925528359140544e-06,-8.679717666050676e-06
35,26,-4.575973334383584e-06,-7.515174181341601e-06
35,27,-4.236049153278107e-06,-6.275778035864e-06
35,28,-4.010116515064865e-06,-5.065968181771979e-06
35,29,-3.7889082128930853e-06,-3.7889082128947916e-06
35,30,-3.678326828202244e-06,-2.5548241754482674e-06
35,31,-3.5692884404683646e-06,-1.2573731523713596e-06
35,32,-3.5690657974370476e-06,-1.5461027238702647e-08
35,33,-3.5692884404691778e-06,1.2883693758317523e-06
35,34,-3.678326828202923e-06,2.5236040212601356e-06
35,35,-3.788908212893141e-06,3.820506389159174e-06
35,36,-4.010116515064546e-06,5.03383047802038e-06
35,37,-4.236049153278193e-06,6.308627583010987e-06
35,38,-4.5759733343845936e-06,7.481425800070433e-06
35,39,-4.92552835914205e-06,8.714571070699824e-06
35,40,-5.393427836466779e-06,9.822295856356187e-06
35,41,-5.8769209104301626e-06,1.0987593574835537e-05
35,42,-6.48313760554622e-06,1.1997491122312666e-05
35,43,-7.11090193830594e-06,1.3060303773658074e-05
35,44,-7.864331762842108e-06,1.3929723658686797e-05
35,45,-8.64372571025249e-06,1.4846116285739538e-05
35,46,-9.548249741864927e-06,1.5521879640437e-05
35,47,-1.0479642362474375e-05,1.6239366707183348e-05
35,48,-1.1529558486700226e-05,1.665880272873153e-05
35,49,-1.2601520633365433e-05,1.7119555451947366e-05
35,50,-1.3776375979584888e-05,1.7213790339782402e-05
35,51,-1.4960787393138256e-05,1.7361253758807297e-05
35,52,-1.6220525915469682e-05,1.7060922778111203e-05
35,53,-1.7468947752318753e-05,1.6850760972671127e-05
35,54,-1.875079202193048e-05,1.6093111508808436e-05
35,55,-1.9994104532387858e-05,1.5509582632334654e-05
35,56,-2.121266898546516e-05,1.4243007866590289e-05
35,57,-2.2366524831291066e-05,1.3324091750505334e-05
35,58,-2.3417392086200854e-05,1.1498204169433382e-05
35,59,-2.43977778983587e-05,1.0389902743301615e-05
35,60,-2.5168747677008082e-05,7.969567491935232e-06
35,61,-2.6084562159691156e-05,8.319276989877047e-06
35,62,-2.8155134160887773e-05,1.794901056559947e-05
35,63,-3.8299167995390054e-05,8.596820207601753e-05
36,0,-6.909028148781578e-06,-0.00015223244227953464
36,1,-2.106576521380875e-05,-7.816980503424661e-05
36,2,-3.3859153808830414e-05,-1.592520375962125e-05
36,3,-3.528944394426844e-05,-8.4976908295364e-06
36,4,-3.471153396841247e-05,-8.966187260143034e-06
36,5,-3.348794450456165e-05,-1.1339576111808544e-05
36,6,-3.219360129081821e-05,-1.2809839988566756e-05
36,7,-3.066675082498265e-05,-1.4572897890737343e-05
36,8,-2.906066071056779e-05,-1.5738446395869702e-05
36,9,-2.7352203802476975e-05,-1.69249310409959e-05
36,10,-2.559556652819874e-05,-1.7662013129799027e-05
36,11,-2.3830717840489504e-05,-1.831418909097717e-05
36,12,-2.2058421991063276e-05,-1.8604418056508146e-05
36,13,-2.0346894858429488e-05,-1.8777375005157623e-05
36,14,-1.8662282545360865e-05,-1.865563929264212e-05
36,15,-1.7085398164850777e-05,-1.842078717090087e-05
36,16,-1.555796938775313e-05,-1.7948757853972616e-05
36,17,-1.4166404713095684e-05,-1.738501367135671e-05
36,18,-1.2834912144486564e-05,-1.663342860903904e-05
36,19,-1.1652705243780768e-05,-1.581771019536325e-05
36,20,-1.0531698856598345e-05,-1.485481988646758e-05
36,21,-9.563099746309333e-06,-1.3855358333897206e-05
36,22,-8.650581940141936e-06,-1.2740422683131063e-05
36,23,-7.887326966845779e-06,-1.1613419526963295e-05
36,24,-7.171848813650526e-06,-1.0394062979244296e-05
36,25,-6.599482466481863e-06,-9.183071116165384e-06
36,26,-6.065852941559008e-06,-7.895261878674414e-06
36,27,-5.668565489996191e-06,-6.63238640300123e-06
36,28,-5.301987539268082e-06,-5.30198753926649e-06
36,29,-5.065968181771156e-06,-4.010116515061494e-06
36,30,-4.854774793590645e-06,-2.655251509910338e-06
36,31,-4.770326552043066e-06,-1.3507711111178356e-06
36,32,-4.707616297768258e-06,1.5461027239963032e-08
36,33,-4.77032655204301e-06,1.3197748876595775e-06
36,34,-4.854774793590562e-06,2.686471664099917e-06
36,35,-5.065968181771066e-06,3.978518338798278e-06
36,36,-5.301987539268024e-06,5.334125243019372e-06
36,37,-5.668565489996191e-06,6.599536855855853e-06
36,38,-6.0658529415590435e-06,7.929010259947102e-06
36,39,-6.599482466481923e-06,9.148217711517249e-06
36,40,-7.171848813650575e-06,1.0430252221606612e-05
36,41,-7.887326966845813e-06,1.1575632358996677e-05
36,42,-8.650581940141986e-06,1.2780109436085949e-05
36,43,-9.563099746309461e-06,1.3813420232924215e-05
36,44,-1.0531698856598596e-05,1.4899424782801721e-05
36,45,-1.1652705243781081e-05,1.5769941588766183e-05
36,46,-1.2834912144486829e-05,1.6684962959266595e-05
36,47,-1.416640471309582e-05,1.7328974459727913e-05
36,48,-1.555796938775313e-05,1.8010222079955153e-05
36,49,-1.7085398164850642e-05,1.835273518373125e-05
36,50,-1.8662282545360655e-05,1.8731772371725548e-05
36,51,-2.0346894858429203e-05,1.8691208284224264e-05
36,52,-2.2058421991062924e-05,1.8703223047369278e-05
36,53,-2.383071784048911e-05,1.8199191627226653e-05
36,54,-2.559556652819833e-05,1.779818084126326e-05
36,55,-2.735220380247659e-05,1.6760408032970895e-05
36,56,-2.9060660710567403e-05,1.594206791755555e-05
36,57,-3.0666750824982226e-05,1.43134104689748e-05
36,58,-3.219360129081764e-05,1.3152231179134401e-05
36,59,-3.3487944504560805e-05,1.0858369257791492e-05
36,60,-3.471153396841124e-05,9.512102385385594e-06
36,61,-3.528944394426683e-05,5.076611332458977e-06
36,62,-3.385915380882868e-05,-8.895239017798103e-06
36,63,-2.106576521380755e-05,-8.14554526899329e-05
37,0,-8.579429144045614e-05,0.00015223244227953377
37,1,-6.760892789787844e-05,7.293074069306336e-05
37,2,-5.039789071131833e-05,5.700762631771804e-06
37,3,-4.681310798385969e-05,-6.5504862251729045e-06
37,4,-4.5098419200175814e-05,-1.0629047626686902e-05
37,5,-4.3638434031438704e-05,-1.244188262788273e-05
37,6,-4.176076024527493e-05,-1.4718543861367422e-05
37,7,-3.978981647847009e-05,-1.622390910204277e-05
37,8,-3.759645726286832e-05,-1.780782413970869e-05
37,9,-3.5334421418946496e-05,-1.8842544984550144e-05
37,10,-3.299539790054649e-05,-1.979038685246377e-05
37,11,-3.0643168925613296e-05,-2.030343578638571e-05
37,12,-2.83210648131792e-05,-2.067551177242513e-05
37,13,-2.6038149288587457e-05,-2.0696389341990617e-05
37,14,-2.3860194416270733e-05,-2.057549114119742e-05
37,15,-2.1758639083263886e-05,-2.017460735462955e-05
37,16,-1.9808764765713638e-05,-1.9656108592420568e-05
37,17,-1.795513630242385e-05,-1.8919237945805955e-05
37,18,-1.62772852674383e-05,-1.8098017155434803e-05
37,19,-1.4700823291196432e-05,-1.710960032316561e-05
37,20,-1.3307886331509133e-05,-1.6070381140564117e-05
37,21,-1.201124470032732e-05,-1.4904010879901589e-05
37,22,-1.0895495506982842e-05,-1.37163400632066e-05
37,23,-9.865218891176084e-06,-1.243074707566067e-05
37,24,-9.00776520259186e-06,-1.1147815483679748e-05
37,25,-8.222949751079716e-06,-9.786551860388412e-06
37,26,-7.601129634213121e-06,-8.446537862505955e-06
37,27,-7.03980124425455e-06,-7.039801244255901e-06
37,28,-6.632386403001454e-06,-5.6685654899971804e-06
37,29,-6.275778035866907e-06,-4.2360491532777375e-06
37,30,-6.066312787218841e-06,-2.8503809062534787e-06
37,31,-5.9014855173766925e-06,-1.4044810397392397e-06
37,32,-5.880221982936594e-06,-1.5461027240532238e-08
37,33,-5.90148551737716e-06,1.4354772631968406e-06
37,34,-6.066312787219058e-06,2.8191607520642093e-06
37,35,-6.275778035866528e-06,4.2676473295419855e-06
37,36,-6.632386403000681e-06,5.636427786245625e-06
37,37,-7.039801244254035e-06,7.072650791402559e-06
37,38,-7.601129634213073e-06,8.41278948123457e-06
37,39,-8.222949751079798e-06,9.821405265038023e-06
37,40,-9.007765202591983e-06,1.1111626241319261e-05
37,41,-9.865218891176262e-06,1.2468534243629592e-05
37,42,-1.0895495506983075e-05,1.3676653310254456e-05
37,43,-1.2011244700327783e-05,1.4945948980877624e-05
37,44,-1.3307886331509802e-05,1.6025776244232934e-05
37,45,-1.4700823291196993e-05,1.715736892976486e-05
37,46,-1.6277285267438605e-05,1.8046482805208244e-05
37,47,-1.7955136302423734e-05,1.89752771574349e-05
37,48,-1.9808764765713313e-05,1.9594644366437814e-05
37,49,-2.1758639083263615e-05,2.0242659341798682e-05
37,50,-2.3860194416270848e-05,2.049935806211313e-05
37,51,-2.6038149288588196e-05,2.0782556062923204e-05
37,52,-2.83210648131802e-05,2.05767067815639e-05
37,53,-3.064316892561387e-05,2.041843325013688e-05
37,54,-3.299539790054664e-05,1.965421914100055e-05
37,55,-3.5334421418946435e-05,1.900706799257612e-05
37,56,-3.75964572628679e-05,1.760420261802356e-05
37,57,-3.97898164784699e-05,1.6483396523805504e-05
37,58,-4.176076024527562e-05,1.4376152670799979e-05
37,59,-4.363843403143977e-05,1.2923089481900484e-05
37,60,-4.509841920017646e-05,1.0083132501444817e-05
37,61,-4.681310798385997e-05,9.971565722250056e-06
37,62,-5.039789071131836e-05,1.9119680145646717e-05
37,63,-6.760892789787837e-05,8.669451703111475e-05
38,0,-1.5233886087333471e-05,-0.00015223244227953814
38,1,-3.675960469704009e-05,-7.873998796346277e-05
38,2,-5.6161332728643486e-05,-1.738275852678773e-05
38,3,-5.814427602106773e-05,-1.070615348511774e-05
38,4,-5.703827640260536e-05,-1.182573198514632e-05
38,5,-5.486889210442446e-05,-1.4747538987649132e-05
38,6,-5.2585742874823667e-05,-1.6684620669750538e-05
38,7,-4.9894163381511276e-05,-1.8805592504526725e-05
38,8,-4.710143591329313e-05,-2.0237174204780656e-05
38,9,-4.412287579350355e-05,-2.1584394927696383e-05
38,10,-4.111203095381438e-05,-2.239723848977573e-05
38,11,-3.8076854207500245e-05,-2.3036556710287672e-05
38,12,-3.508543323714886e-05,-2.3247116788147732e-05
38,13,-3.2184690485898305e-05,-2.3275155654153263e-05
38,14,-2.9386071166945397e-05,-2.296404202112883e-05
38,15,-2.6752285948974904e-05,-2.2498538382330122e-05
38,16,-2.4254715201677367e-05,-2.177245107587268e-05
38,17,-2.1962391978454548e-05,-2.093384127923729e-05
38,18,-1.98183968825151e-05,-1.990062921707526e-05
38,19,-1.7895010432935793e-05,-1.8797573407609128e-05
38,20,-1.611602157168217e-05,-1.7551824447598687e-05
38,21,-1.4556584254203715e-05,-1.627338932434359e-05
38,22,-1.3128050305562583e-05,-1.4890177316104352e-05
38,23,-1.1908916918674581e-05,-1.3503710860216029e-05
38,24,-1.0803135352053484e-05,-1.2037811405105855e-05
38,25,-9.893026852842173e-06,-1.0590520488988998e-05
38,26,-9.078709948702816e-06,-9.078709948706243e-06
38,27,-8.44653786250278e-06,-7.601129634214262e-06
38,28,-7.895261878669522e-06,-6.065852941558479e-06
38,29,-7.51517418134037e-06,-4.575973334383288e-06
38,30,-7.205356015697696e-06,-3.0293639944352756e-06
38,31,-7.059703938731109e-06,-1.5367551726093418e-06
38,32,-6.978825115282389e-06,1.546102724043737e-08
38,33,-7.0597039387319525e-06,1.5057589491517139e-06
38,34,-7.205356015698733e-06,3.0605841486248863e-06
38,35,-7.515174181341173e-06,4.544375158119872e-06
38,36,-7.895261878670226e-06,6.09799064531132e-06
38,37,-8.446537862503566e-06,7.56828008706907e-06
38,38,-9.078709948703735e-06,9.112458329979128e-06
38,39,-9.8930268528432e-06,1.0555667084340979e-05
38,40,-1.0803135352054632e-05,1.207400064746819e-05
38,41,-1.1908916918675811e-05,1.3465923692249345e-05
38,42,-1.3128050305564146e-05,1.4929864069058892e-05
38,43,-1.455658425420552e-05,1.6231451223369562e-05
38,44,-1.6116021571683628e-05,1.7596429343931175e-05
38,45,-1.789501043293664e-05,1.8749804801010444e-05
38,46,-1.981839688251566e-05,1.995216356730168e-05
38,47,-2.196239197845511e-05,2.0877802067607616e-05
38,48,-2.42547152016778e-05,2.1833915301854294e-05
38,49,-2.675228594897508e-05,2.2430486395159698e-05
38,50,-2.9386071166945553e-05,2.3040175100211667e-05
38,51,-3.2184690485898536e-05,2.318898893321916e-05
38,52,-3.508543323714873e-05,2.3345921779007677e-05
38,53,-3.807685420749935e-05,2.2921559246536002e-05
38,54,-4.111203095381316e-05,2.253340620123951e-05
38,55,-4.412287579350297e-05,2.1419871919671608e-05
38,56,-4.7101435913293514e-05,2.0440795726466757e-05
38,57,-4.9894163381512225e-05,1.8546105082764015e-05
38,58,-5.258574287482489e-05,1.70270118603177e-05
38,59,-5.4868892104426075e-05,1.4266332133631231e-05
38,60,-5.703827640260735e-05,1.2371647110387369e-05
38,61,-5.814427602106998e-05,7.285073988037815e-06
38,62,-5.61613327286459e-05,-7.437684250635586e-06
38,63,-3.675960469704201e-05,-8.088526976072265e-05
39,0,-0.000129442504205627,0.00015223244227953057
39,1,-0.00010343524110651548,7.165833221067494e-05
39,2,-7.868462148583717e-05,3.613555253045386e-06
39,3,-7.330455356446597e-05,-9.500117227775556e-06
39,4,-7.04766441069219e-05,-1.4391805462733913e-05
39,5,-6.79623196143642e-05,-1.693131643910242e-05
39,6,-6.477336217623988e-05,-1.979364497777467e-05
39,7,-6.144163342033144e-05,-2.176225097446363e-05
39,8,-5.775417536351851e-05,-2.3662919305482587e-05
39,9,-5.399649452250004e-05,-2.4892856254461223e-05
39,10,-5.012358890432783e-05,-2.5906491525003068e-05
39,11,-4.6286634269790495e-05,-2.6384638352076853e-05
39,12,-4.250787621679514e-05,-2.662255738919322e-05
39,13,-3.885386971061332e-05,-2.6438769972393112e-05
39,14,-3.537289485784004e-05,-2.6047690021678217e-05
39,15,-3.2072576429796745e-05,-2.533661059871859e-05
39,16,-2.901054425549076e-05,-2.447262210291518e-05
39,17,-2.6152847130943528e-05,-2.337543903740043e-05
39,18,-2.3560956960156176e-05,-2.218169629532077e-05
39,19,-2.1172497607894106e-05,-2.0823624812941017e-05
39,20,-1.905201578587189e-05,-1.9417747967444895e-05
39,21,-1.7118717556493913e-05,-1.789795417984278e-05
39,22,-1.5440994081270748e-05,-1.6368167093536595e-05
39,23,-1.3926967196157029e-05,-1.475810350641514e-05
39,24,-1.2649740045448005e-05,-1.3165078201964654e-05
39,25,-1.1511496469194754e-05,-1.1511496469191718e-05
39,26,-1.0590520488988056e-05,-9.893026852842068e-06
39,27,-9.786551860389303e-06,-8.222949751080025e-06
39,28,-9.183071116165382e-06,-6.59948246648313e-06
39,29,-8.679717666052422e-06,-4.925528359143308e-06
39,30,-8.364833735364767e-06,-3.305502917626714e-06
39,31,-8.139561305927829e-06,-1.6308307779952492e-06
39,32,-8.096536222343544e-06,-1.5461027241372494e-08
39,33,-8.139561305928215e-06,1.6618270014509459e-06
39,34,-8.36483373536514e-06,3.274282763434993e-06
39,35,-8.679717666052158e-06,4.9571265354051e-06
39,36,-9.183071116164928e-06,6.567344762729975e-06
39,37,-9.786551860388307e-06,8.255799298225658e-06
39,38,-1.0590520488986314e-05,9.85927847157018e-06
39,39,-1.1511496469193774e-05,1.1546349873841481e-05
39,40,-1.2649740045449228e-05,1.3128888959603891e-05
39,41,-1.3926967196160139e-05,1.479589067438202e-05
39,42,-1.544099408127386e-05,1.632848034058026e-05
39,43,-1.7118717556495567e-05,1.7939892280813305e-05
39,44,-1.9052015785871816e-05,1.937314307110784e-05
39,45,-2.1172497607892154e-05,2.0871393419535584e-05
39,46,-2.3560956960153093e-05,2.213016194509189e-05
39,47,-2.6152847130940147e-05,2.343147824902938e-05
39,48,-2.901054425548793e-05,2.4411157876933946e-05
39,49,-3.2072576429795234e-05,2.5404662585889793e-05
39,50,-3.537289485783926e-05,2.5971556942596295e-05
39,51,-3.885386971061352e-05,2.6524936693328078e-05
39,52,-4.250787621679709e-05,2.6523752398332724e-05
39,53,-4.62866342697931e-05,2.6499635815826345e-05
39,54,-5.0123588904329837e-05,2.577032381353718e-05
39,55,-5.399649452250124e-05,2.50573792624844e-05
39,56,-5.7754175363519194e-05,2.345929778379497e-05
39,57,-6.144163342033167e-05,2.2021738396224845e-05
39,58,-6.477336217624056e-05,1.9451253787206833e-05
39,59,-6.796231961436636e-05,1.7412523293119793e-05
39,60,-7.047664410692492e-05,1.3845890337490786e-05
39,61,-7.330455356447033e-05,1.292119672485181e-05
39,62,-7.868462148584446e-05,2.1206887524372015e-05
39,63,-0.00010343524110652328,8.796692551349922e-05
40,0,-3.080036504358602e-05,-0.00015223244227953564
40,1,-6.007437105665727e-05,-7.977308449359324e-05
40,2,-8.629515194486174e-05,-1.9919054236000907e-05
40,3,-8.857424697071258e-05,-1.4519449772189656e-05
40,4,-8.652681179325059e-05,-1.673824597243587e-05
40,5,-8.290161897751417e-05,-2.0572390834433355e-05
40,6,-7.906393540707933e-05,-2.3264868358674906e-05
40,7,-7.460311679623972e-05,-2.5943611527162e-05
40,8,-7.000768040496566e-05,-2.776410071863729e-05
40,9,-6.514898287829848e-05,-2.931566848463611e-05
40,10,-6.029806805281337e-05,-3.0184732498301646e-05
40,11,-5.54432419406539e-05,-3.073260513391431e-05
40,12,-5.07287056358835e-05,-3.0742878686156406e-05
40,13,-4.618598390641823e-05,-3.0469311610696464e-05
40,14,-4.187294786194576e-05,-2.9791051887446295e-05
40,15,-3.783504257480638e-05,-2.8900970154077737e-05
40,16,-3.4069432793118504e-05,-2.7722237645953023e-05
40,17,-3.062578319119217e-05,-2.6408238774290096e-05
40,18,-2.7459713983935497e-05,-2.4898799872103354e-05
40,19,-2.462367934700538e-05,-2.332028801638471e-05
40,20,-2.2046356180725354e-05,-2.161486766837249e-05
40,21,-1.9784284436034637e-05,-1.989092281015922e-05
40,22,-1.77498782359382e-05,-1.808579050030474e-05
40,23,-1.6005303356321142e-05,-1.6297168237102926e-05
40,24,-1.4454130689557535e-05,-1.4454130689558955e-05
40,25,-1.3165078201967295e-05,-1.2649740045450393e-05
40,26,-1.2037811405103934e-05,-1.0803135352055052e-05
40,27,-1.1147815483679804e-05,-9.007765202590504e-06
40,28,-1.039406297924453e-05,-7.171848813649384e-06
40,29,-9.85848509871963e-06,-5.393427836465304e-06
40,30,-9.441473566567606e-06,-3.5689655172276505e-06
40,31,-9.230757827614211e-06,-1.804745765932771e-06
40,32,-9.129619062938951e-06,1.5461027239976584e-08
40,33,-9.230757827614231e-06,1.7737495424745265e-06
40,34,-9.441473566567633e-06,3.60018567141728e-06
40,35,-9.858485098719663e-06,5.361829660202186e-06
40,36,-1.0394062979244557e-05,7.203986517402414e-06
40,37,-1.1147815483679844e-05,8.974915655445301e-06
40,38,-1.2037811405103955e-05,1.083688373332787e-05
40,39,-1.3165078201967302e-05,1.2614886640802324e-05
40,40,-1.4454130689557525e-05,1.4490319931921276e-05
40,41,-1.6005303356321132e-05,1.625938106913619e-05
40,42,-1.7749878235938182e-05,1.8125477253259346e-05
40,43,-1.9784284436034617e-05,1.9848984709185754e-05
40,44,-2.2046356180725337e-05,2.1659472564706066e-05
40,45,-2.4623679347005338e-05,2.3272519409787137e-05
40,46,-2.7459713983935443e-05,2.4950334222330604e-05
40,47,-3.062578319119211e-05,2.6352199562661217e-05
40,48,-3.4069432793118437e-05,2.778370187193564e-05
40,49,-3.78350425748063e-05,2.88329181669083e-05
40,50,-4.1872947861945666e-05,2.9867184966529994e-05
40,51,-4.618598390641814e-05,3.0383144889763446e-05
40,52,-5.0728705635883396e-05,3.0841683677017876e-05
40,53,-5.544324194065381e-05,3.0617607670163986e-05
40,54,-6.029806805281327e-05,3.0320900209765815e-05
40,55,-6.51489828782984e-05,2.915114547661076e-05
40,56,-7.000768040496559e-05,2.796772224032258e-05
40,57,-7.460311679623966e-05,2.56841241053988e-05
40,58,-7.90639354070793e-05,2.3607259549241863e-05
40,59,-8.290161897751415e-05,2.0091183980415607e-05
40,60,-8.652681179325059e-05,1.7284161097677684e-05
40,61,-8.857424697071258e-05,1.1098370275111299e-05
40,62,-8.629515194486174e-05,-4.901388541419779e-06
40,63,-6.007437105665728e-05,-7.985217323058806e-05
41,0,-0.00018491792493143753,0.0001522324422795345
41,1,-0.00015045108334319006,6.954388344551564e-05
41,2,-0.00011738551111531327,7.009345805944155e-08
41,3,-0.00010968916475128282,-1.451206638958558e-05
41,4,-0.00010514829229791453,-2.0758502838100937e-05
41,5,-0.00010088462728153545,-2.447773435692005e-05
41,6,-9.560644954131614e-05,-2.8262377654244304e-05
41,7,-9.009620184467263e-05,-3.0924786900816335e-05
41,8,-8.408338625789222e-05,-3.326069397425098e-05
41,9,-7.801662068720273e-05,-3.471148549366847e-05
41,10,-7.183466855092063e-05,-3.572905480994877e-05
41,11,-6.579360182758783e-05,-3.6045595480989955e-05
41,12,-5.990526426745474e-05,-3.596725584209455e-05
41,13,-5.429893991994474e-05,-3.536227803587364e-05
41,14,-4.900765424334531e-05,-3.4458529272963735e-05
41,15,-4.407199382743674e-05,-3.318518645310713e-05
41,16,-3.95290607354209e-05,-3.171926054272126e-05
41,17,-3.535872533764861e-05,-3.0012095670991813e-05
41,18,-3.1599581247897185e-05,-2.8204704181350935e-05
41,19,-2.8192190703836312e-05,-2.6251100715544726e-05
41,20,-2.5178870351786456e-05,-2.4267119601273346e-05
41,21,-2.2476538319682917e-05,-2.2200389567714514e-05
41,22,-2.0133960779161937e-05,-2.0150576283059177e-05
41,23,-1.8055186601664312e-05,-1.8055186601664146e-05
41,24,-1.6297168237099826e-05,-1.600530335631965e-05
41,25,-1.4758103506415912e-05,-1.3926967196159555e-05
41,26,-1.350371086021374e-05,-1.190891691867816e-05
41,27,-1.2430747075660715e-05,-9.865218891178483e-06
41,28,-1.16134195269626e-05,-7.887326966848254e-06
41,29,-1.09498064068698e-05,-5.876920910428936e-06
41,30,-1.0521832382859765e-05,-3.932332601572212e-06
41,31,-1.0230717987623947e-05,-1.9422387773281467e-06
41,32,-1.0165109487214076e-05,-1.546102723824186e-08
41,33,-1.0230717987621955e-05,1.973235000789664e-06
41,34,-1.0521832382857224e-05,3.901112447384971e-06
41,35,-1.0949806406868005e-05,5.90851908669272e-06
41,36,-1.1613419526961977e-05,7.85518926309455e-06
41,37,-1.2430747075660105e-05,9.898068438322296e-06
41,38,-1.350371086021326e-05,1.187516853740324e-05
41,39,-1.4758103506416766e-05,1.3961820600805623e-05
41,40,-1.629716823710186e-05,1.5969114113956056e-05
41,41,-1.8055186601667646e-05,1.809297376963037e-05
41,42,-2.013396077916667e-05,2.0110889530106115e-05
41,43,-2.247653831968709e-05,2.2242327668691993e-05
41,44,-2.517887035178847e-05,2.4222514704944735e-05
41,45,-2.819219070383602e-05,2.6298869322146425e-05
41,46,-3.159958124789507e-05,2.815316983112583e-05
41,47,-3.535872533764599e-05,3.0068134882621024e-05
41,48,-3.9529060735418905e-05,3.165779631673863e-05
41,49,-4.407199382743553e-05,3.325323844027676e-05
41,50,-4.90076542433445e-05,3.438239619388013e-05
41,51,-5.429893991994461e-05,3.544844475680668e-05
41,52,-5.990526426745554e-05,3.586845085123371e-05
41,53,-6.579360182758818e-05,3.616059294474168e-05
41,54,-7.183466855091976e-05,3.559288709848615e-05
41,55,-7.801662068720124e-05,3.487600850169541e-05
41,56,-8.40833862578904e-05,3.305707245256751e-05
41,57,-9.009620184467e-05,3.118427432258167e-05
41,58,-9.560644954131263e-05,2.791998646367913e-05
41,59,-0.00010088462728153184,2.4958941210938117e-05
41,60,-0.00010514829229791138,2.0212587712858132e-05
41,61,-0.00010968916475127927,1.793314588666218e-05
41,62,-0.00011738551111530962,2.4750349319358777e-05
41,63,-0.00015045108334318762,9.008137427866323e-05
42,0,-5.897130969101533e-05,-0.00015223244227953892
42,1,-9.651387481799883e-05,-8.162327890802543e-05
42,2,-0.00012976430369207505,-2.4267425824964892e-05
42,3,-0.0001318132808624308,-2.0994960248995237e-05
42,4,-0.00012802753722100465,-2.5022718776604417e-05
42,5,-0.00012198085023638024,-3.032435863594704e-05
42,6,-0.0001155300280283611,-3.4182748787944436e-05
42,7,-0.00010818688940762408,-3.7671144499540946e-05
42,8,-0.00010067347210299159,-3.999515337525234e-05
42,9,-9.285093038316197e-05,-4.1734075881303205e-05
42,10,-8.514018725674008e-05,-4.254071150026148e-05
42,11,-7.752944805722776e-05,-4.279127415588326e-05
42,12,-7.025199846874024e-05,-4.233802061516234e-05
42,13,-6.33295578677684e-05,-4.145646972658832e-05
42,14,-5.686511771325411e-05,-4.008556273723937e-05
42,15,-5.088332085625913e-05,-3.843579919224124e-05
42,16,-4.539789667880432e-05,-3.647612464999078e-05
42,17,-4.043169255471429e-05,-3.4369288367298704e-05
42,18,-3.5940819420072836e-05,-3.208670472741486e-05
42,19,-3.1950212084283394e-05,-2.9756128389836744e-05
42,20,-2.838160690255302e-05,-2.7339586395325306e-05
42,21,-2.52668638609063e-05,-2.4941071355841863e-05
42,22,-2.250919704163792e-05,-2.250919704163716e-05
42,23,-2.015057628306207e-05,-2.0133960779163963e-05
42,24,-1.808579050030359e-05,-1.7749878235938125e-05
42,25,-1.6368167093536798e-05,-1.5440994081273056e-05
42,26,-1.4890177316101954e-05,-1.3128050305563792e-05
42,27,-1.3716340063208816e-05,-1.0895495506981288e-05
42,28,-1.2740422683132354e-05,-8.650581940142085e-06
42,29,-1.2037177875270625e-05,-6.483137605545725e-06
42,30,-1.1503883000782316e-05,-4.286796946384406e-06
42,31,-1.1224245004493974e-05,-2.1607913755787898e-06
42,32,-1.1100588222139795e-05,1.5461027240152767e-08
42,33,-1.1224245004494238e-05,2.129795152121006e-06
42,34,-1.1503883000782615e-05,4.318017100574605e-06
42,35,-1.2037177875270821e-05,6.451539429283148e-06
42,36,-1.2740422683132415e-05,8.682719643895616e-06
42,37,-1.371634006320864e-05,1.0862645959836502e-05
42,38,-1.4890177316101534e-05,1.3161798686836892e-05
42,39,-1.6368167093536046e-05,1.5406140676625027e-05
42,40,-1.80857905003026e-05,1.7786067478299975e-05
42,41,-2.0150576283061163e-05,2.0096173611196286e-05
42,42,-2.2509197041637283e-05,2.2548883794590532e-05
42,43,-2.526686386090592e-05,2.489913325486707e-05
42,44,-2.8381606902552805e-05,2.7384191291657465e-05
42,45,-3.1950212084283245e-05,2.9708359783237746e-05
42,46,-3.594081942007262e-05,3.213823907764071e-05
42,47,-4.043169255471393e-05,3.431324915566829e-05
42,48,-4.539789667880401e-05,3.653758887597145e-05
42,49,-5.08833208562593e-05,3.836774720506958e-05
42,50,-5.686511771325476e-05,4.016169581632114e-05
42,51,-6.33295578677691e-05,4.137030300565379e-05
42,52,-7.025199846874094e-05,4.243682560602253e-05
42,53,-7.752944805722851e-05,4.267627669213201e-05
42,54,-8.514018725674067e-05,4.267687921172521e-05
42,55,-9.285093038316204e-05,4.156955287327764e-05
42,56,-0.00010067347210299117,4.01987748969372e-05
42,57,-0.00010818688940762366,3.7411657077776885e-05
42,58,-0.00011553002802836099,3.452513997851043e-05
42,59,-0.00012198085023638018,2.9843151781928523e-05
42,60,-0.000128027537221004,2.556863390184542e-05
42,61,-0.0001318132808624291,1.7573880751915426e-05
42,62,-0.0001297643036920723,-5.530169524588582e-07
42,63,-9.651387481799638e-05,-7.800197881616124e-05
43,0,-0.0002602577447363936,0.0001522324422795316
43,1,-0.00021636985601614832,6.601695559374266e-05
43,2,-0.00017373407064463415,-5.976603879203042e-06
43,3,-0.00016274485333166196,-2.306230983200525e-05
43,4,-0.00015533735798460493,-3.155373146313951e-05
43,5,-0.00014799528584610196,-3.71586043577887e-05
43,6,-0.0001391653807044638,-4.2350166133126515e-05
43,7,-0.00012996516157486618,-4.5989021602809436e-05
43,8,-0.00012012165290168833,-4.884361431648335e-05
43,9,-0.0001103043438606142,-5.043799553779867e-05
43,10,-0.00010047148009357458,-5.1242554598372775e-05
43,11,-9.101146937579306e-05,-5.108365297888181e-05
43,12,-8.193864420423037e-05,-5.0301836929954707e-05
43,13,-7.344835019022677e-05,-4.8851116554686675e-05
43,14,-6.55549920986754e-05,-4.6989822436060485e-05
43,15,-5.8321308381951715e-05,-4.471394998535119e-05
43,16,-5.1752842763190826e-05,-4.221869948733063e-05
43,17,-4.582695826436261e-05,-3.9501565411289464e-05
43,18,-4.054709553657899e-05,-3.670909360704152e-05
43,19,-3.5840260413515644e-05,-3.3824057769201884e-05
43,20,-3.1716409255855366e-05,-3.095841250601801e-05
43,21,-2.8075925078601136e-05,-2.8075925078603504e-05
43,22,-2.4941071355840315e-05,-2.5266863860905672e-05
43,23,-2.2200389567715547e-05,-2.2476538319684832e-05
43,24,-1.9890922810157e-05,-1.9784284436035115e-05
43,25,-1.7897954179842467e-05,-1.7118717556495773e-05
43,26,-1.6273389324342186e-05,-1.4556584254206487e-05
43,27,-1.4904010879904133e-05,-1.201124470032838e-05
43,28,-1.3855358333896513e-05,-9.563099746311621e-06
43,29,-1.3018365672684071e-05,-7.110901938306798e-06
43,30,-1.247046824440879e-05,-4.7434126767271905e-06
43,31,-1.2108413153394119e-05,-2.3446335087416506e-06
43,32,-1.2019761271181396e-05,-1.5461027239461588e-08
43,33,-1.2108413153394038e-05,2.3756297322005863e-06
43,34,-1.2470468244408166e-05,4.712192522537816e-06
43,35,-1.3018365672683272e-05,7.142500114569417e-06
43,36,-1.3855358333895673e-05,9.53096204255723e-06
43,37,-1.4904010879903063e-05,1.2044094247471876e-05
43,38,-1.627338932434098e-05,1.4522835872932049e-05
43,39,-1.7897954179841972e-05,1.715357096114237e-05
43,40,-1.9890922810157954e-05,1.974809519367105e-05
43,41,-2.220038956771743e-05,2.2514325487649503e-05
43,42,-2.4941071355842483e-05,2.5227177107949198e-05
43,43,-2.807592507860333e-05,2.8117863179575548e-05
43,44,-3.171640925585706e-05,3.0913807609683414e-05
43,45,-3.5840260413516545e-05,3.3871826375799294e-05
43,46,-4.054709553657947e-05,3.6657559256815505e-05
43,47,-4.582695826436318e-05,3.955760462292033e-05
43,48,-5.175284276319142e-05,4.2157235261349406e-05
43,49,-5.8321308381952034e-05,4.478200197252106e-05
43,50,-6.555499209867534e-05,4.691368935697647e-05
43,51,-7.344835019022619e-05,4.8937283275619015e-05
43,52,-8.19386442042295e-05,5.0203031939093026e-05
43,53,-9.101146937579214e-05,5.1198650442632474e-05
43,54,-0.00010047148009357374,5.110638688690917e-05
43,55,-0.0001103043438606133,5.060251854582461e-05
43,56,-0.00012012165290168734,4.863999279479859e-05
43,57,-0.00012996516157486512,4.624850902457295e-05
43,58,-0.00013916538070446254,4.200777494255949e-05
43,59,-0.0001479952858461008,3.763981121180611e-05
43,60,-0.0001553373579846038,3.100781633789682e-05
43,61,-0.00016274485333166036,2.6483389329081358e-05
43,62,-0.00017373407064463181,3.079704665661905e-05
43,63,-0.0002163698560161462,9.360830213043153e-05
44,0,-0.00010923240163185246,-0.00015223244227953965
44,1,-0.0001556963454796966,-8.500165309255406e-05
44,2,-0.00019604035915960123,-3.187410068014391e-05
44,3,-0.00019675699661751667,-3.21965415244363e-05
44,4,-0.0001896555535276482,-3.922312724953815e-05
44,5,-0.00017931643970402143,-4.687468457807695e-05
44,6,-0.00016823448247809655,-5.2488531661375396e-05
44,7,-0.00015593248524749595,-5.707534128833006e-05
44,8,-0.0001434668125660276,-5.993714391254929e-05
44,9,-0.00013075326241872358,-6.167161035454995e-05
44,10,-0.0001184170891823139,-6.205908679480848e-05
44,11,-0.00010647450206393731,-6.152876692869346e-05
44,12,-9.526157072816017e-05,-6.005670209715111e-05
44,13,-8.478932592380334e-05,-5.7970131589049114e-05
44,14,-7.519409394049804e-05,-5.530683351937172e-05
44,15,-6.646394138989524e-05,-5.2311002210177226e-05
44,16,-5.8606658978287595e-05,-4.901996828424429e-05
44,17,-5.159900952000121e-05,-4.560991652302122e-05
44,18,-4.5373944685105025e-05,-4.2094317145625544e-05
44,19,-3.99123595635796e-05,-3.859886721575792e-05
44,20,-3.510866461145703e-05,-3.510866461145676e-05
44,21,-3.0958412506017447e-05,-3.1716409255858395e-05
44,22,-2.7339586395326085e-05,-2.8381606902553947e-05
44,23,-2.42671196012767e-05,-2.517887035178787e-05
44,24,-2.16148676683724e-05,-2.204635618072509e-05
44,25,-1.94177479674437e-05,-1.9052015785871762e-05
44,26,-1.7551824447597237e-05,-1.611602157168295e-05
44,27,-1.607038114056628e-05,-1.3307886331508482e-05
44,28,-1.485481988646802e-05,-1.0531698856598569e-05
44,29,-1.3974328555021689e-05,-7.86433176284161e-06
44,30,-1.331731292745891e-05,-5.194352818452233e-06
44,31,-1.2966361380131939e-05,-2.6102222829166253e-06
44,32,-1.2818100607370449e-05,1.54610272400579e-08
44,33,-1.2966361380131533e-05,2.57922605945855e-06
44,34,-1.3317312927458178e-05,5.225572972642019e-06
44,35,-1.3974328555020835e-05,7.83273358657862e-06
44,36,-1.4854819886467234e-05,1.0563836560351713e-05
44,37,-1.607038114056556e-05,1.3275036784363425e-05
44,38,-1.7551824447596532e-05,1.614976995295595e-05
44,39,-1.9417747967443008e-05,1.9017162381223896e-05
44,40,-2.1614867668371796e-05,2.2082545423087598e-05
44,41,-2.426711960127637e-05,2.514108318382127e-05
44,42,-2.7339586395326126e-05,2.842129365550864e-05
44,43,-3.0958412506017873e-05,3.1674471154885027e-05
44,44,-3.510866461145777e-05,3.515326950779047e-05
44,45,-3.9912359563580455e-05,3.855109860916055e-05
44,46,-4.5373944685105885e-05,4.214585149585306e-05
44,47,-5.1599009520001986e-05,4.55538773113926e-05
44,48,-5.860665897828833e-05,4.9081432510227096e-05
44,49,-6.64639413898959e-05,5.224295022300788e-05
44,50,-7.519409394049858e-05,5.538296659845541e-05
44,51,-8.478932592380374e-05,5.788396486811603e-05
44,52,-9.526157072816043e-05,6.0155507088012486e-05
44,53,-0.00010647450206393753,6.141376946494306e-05
44,54,-0.00011841708918231414,6.219525450627269e-05
44,55,-0.00013075326241872385,6.150708734652474e-05
44,56,-0.00014346681256602784,6.0140765434234716e-05
44,57,-0.00015593248524749622,5.681585386656689e-05
44,58,-0.00016823448247809682,5.283092285194209e-05
44,59,-0.00017931643970402173,4.6393477724058365e-05
44,60,-0.00018965555352764852,3.976904237477816e-05
44,61,-0.00019675699661751705,2.8775462027354623e-05
44,62,-0.0001960403591596016,7.053657902717896e-06
44,63,-0.00015569634547969686,-7.462360463163448e-05
45,0,-0.00036965189834804854,0.0001522324422795354
45,1,-0.00031487436095324156,5.994052465903391e-05
45,2,-0.0002605560244801012,-1.6623452057997884e-05
45,3,-0.000244353935133554,-3.808339955671285e-05
45,4,-0.00023176994816308813,-5.035556248991e-05
45,5,-0.00021871728618142583,-5.897983106779777e-05
45,6,-0.00020350258575394965,-6.626456123477959e-05
45,7,-0.00018775035999249597,-7.11654152741685e-05
45,8,-0.0001713015380362913,-7.445658839672764e-05
45,9,-0.0001551512407724054,-7.583053795161496e-05
45,10,-0.00013933630597107817,-7.58363480957975e-05
45,11,-0.00012441352999677106,-7.44799689238571e-05
45,12,-0.00011040709671824824,-7.218866682490235e-05
45,13,-9.756803657719864e-05,-6.906505674286344e-05
45,14,-8.587052147374258e-05,-6.542839957357338e-05
45,15,-7.536810038876162e-05,-6.13780286306411e-05
45,16,-6.600469486115557e-05,-5.7137347943771084e-05
45,17,-5.772032389173856e-05,-5.276642420576226e-05
45,18,-5.04564901435833e-05,-4.841415843040886e-05
45,19,-4.4096569707299e-05,-4.409656970730044e-05
45,20,-3.859886721575729e-05,-3.9912359563579615e-05
45,21,-3.382405776920051e-05,-3.584026041351708e-05
45,22,-2.9756128389836886e-05,-3.195021208428293e-05
45,23,-2.62511007155465e-05,-2.8192190703836366e-05
45,24,-2.3320288016384763e-05,-2.4623679347006307e-05
45,25,-2.0823624812939628e-05,-2.117249760789382e-05
45,26,-1.879757340760852e-05,-1.7895010432934983e-05
45,27,-1.7109600323167765e-05,-1.4700823291194697e-05
45,28,-1.58177101953637e-05,-1.1652705243778825e-05
45,29,-1.479834767914092e-05,-8.643725710249701e-06
45,30,-1.412737394347236e-05,-5.748047981034673e-06
45,31,-1.3691029604559745e-05,-2.8422556897824615e-06
45,32,-1.3579903375506995e-05,-1.546102724199591e-08
45,33,-1.3691029604560151e-05,2.87325191323704e-06
45,34,-1.4127373943473065e-05,5.716827826842327e-06
45,35,-1.4798347679141448e-05,8.675323886511285e-06
45,36,-1.5817710195363416e-05,1.162056754002516e-05
45,37,-1.7109600323166613e-05,1.4733672838339114e-05
45,38,-1.879757340760707e-05,1.786126205166086e-05
45,39,-2.082362481293876e-05,2.120735101254076e-05
45,40,-2.3320288016384668e-05,2.4587490104644003e-05
45,41,-2.6251100715546447e-05,2.822997787180417e-05
45,42,-2.9756128389836358e-05,3.1910525331330124e-05
45,43,-3.382405776919992e-05,3.5882198514492726e-05
45,44,-3.859886721575693e-05,3.986775466724783e-05
45,45,-4.409656970729853e-05,4.414433831389837e-05
45,46,-5.0456490143582953e-05,4.8362624080180406e-05
45,47,-5.772032389173893e-05,5.282246341738912e-05
45,48,-6.6004694861157e-05,5.707588371778661e-05
45,49,-7.536810038876357e-05,6.144608061780968e-05
45,50,-8.587052147374428e-05,6.535226649449017e-05
45,51,-9.756803657719968e-05,6.915122346379783e-05
45,52,-0.00011040709671824877,7.208986183404161e-05
45,53,-0.00012441352999677133,7.459496638760687e-05
45,54,-0.00013933630597107803,7.570018038433214e-05
45,55,-0.0001551512407724044,7.599506095963917e-05
45,56,-0.00017130153803628973,7.42529668750414e-05
45,57,-0.00018775035999249484,7.142490269593094e-05
45,58,-0.0002035025857539493,6.592217004421226e-05
45,59,-0.000218717286181426,5.9461037921815426e-05
45,60,-0.00023176994816308843,4.980964736466827e-05
45,61,-0.00024435393513355387,4.1504479053791835e-05
45,62,-0.00026055602448010046,4.144389483541936e-05
45,63,-0.00031487436095324075,9.968473306514743e-05
46,0,-0.00019943389777776917,-0.00015223244227953908
46,1,-0.00025553497209780077,-9.140264609442583e-05
46,2,-0.0003024967171802475,-4.5722216632741985e-05
46,3,-0.0002994765345410586,-5.2325703903154485e-05
46,4,-0.00028578474620118616,-6.443681987853268e-05
46,5,-0.0002673659368777325,-7.586661484366714e-05
46,6,-0.00024765763855539636,-8.404196020886045e-05
46,7,-0.00022639967175142967,-8.993640020768176e-05
46,8,-0.00020518068568439718,-9.306284237336656e-05
46,9,-0.0001840924823946829,-9.4129008371757e-05
46,10,-0.00016404805664793466,-9.317587067270092e-05
46,11,-0.00014512087137018054,-9.077641724540653e-05
46,12,-0.00012774768869948052,-8.713416684920957e-05
46,13,-0.00011190134862588242,-8.268531886051258e-05
46,14,-9.770785275526296e-05,-7.762761360352053e-05
46,15,-8.50718500315018e-05,-7.226091802793545e-05
46,16,-7.39425397928364e-05,-6.671791078637434e-05
46,17,-6.420698425852588e-05,-6.118661983643933e-05
46,18,-5.5729219920411954e-05,-5.5729219920412076e-05
46,19,-4.841415843040676e-05,-5.045649014358108e-05
46,20,-4.209431714562665e-05,-4.537394468510101e-05
46,21,-3.670909360704322e-05,-4.0547095536575914e-05
46,22,-3.208670472741815e-05,-3.5940819420070275e-05
46,23,-2.8204704181353883e-05,-3.159958124789407e-05
46,24,-2.4898799872105973e-05,-2.7459713983934593e-05
46,25,-2.218169629532226e-05,-2.3560956960155004e-05
46,26,-1.9900629217075127e-05,-1.9818396882515004e-05
46,27,-1.809801715543647e-05,-1.627728526743972e-05
46,28,-1.6633428609040595e-05,-1.2834912144486678e-05
46,29,-1.5573413990663943e-05,-9.548249741861215e-06
46,30,-1.4789830412631044e-05,-6.297609974799717e-06
46,31,-1.4368651259762043e-05,-3.1555400796605653e-06
46,32,-1.4194290294181454e-05,1.5461027240478028e-08
46,33,-1.4368651259762517e-05,3.124543856203134e-06
46,34,-1.4789830412631911e-05,6.328830128989719e-06
46,35,-1.5573413990665e-05,9.516651565597732e-06
46,36,-1.6633428609041272e-05,1.286704984823847e-05
46,37,-1.8098017155436253e-05,1.6244435720292914e-05
46,38,-1.9900629217074354e-05,1.985214526378665e-05
46,39,-2.2181696295321595e-05,2.352610355550617e-05
46,40,-2.48987998721055e-05,2.7495903226295928e-05
46,41,-2.8204704181353097e-05,3.1561794079926005e-05
46,42,-3.208670472741671e-05,3.5980506173023585e-05
46,43,-3.670909360704132e-05,4.050515743560194e-05
46,44,-4.209431714562511e-05,4.541854958143505e-05
46,45,-4.841415843040621e-05,5.04087215369845e-05
46,46,-5.5729219920412625e-05,5.5780754270640004e-05
46,47,-6.420698425852714e-05,6.113058062481004e-05
46,48,-7.394253979283716e-05,6.677937501235553e-05
46,49,-8.507185003150157e-05,7.219286604076458e-05
46,50,-9.770785275526228e-05,7.770374668260366e-05
46,51,-0.00011190134862588195,8.259915213958012e-05
46,52,-0.0001277476886994809,8.723297184007244e-05
46,53,-0.00014512087137018227,9.066141978165779e-05
46,54,-0.00016404805664793767,9.33120383841659e-05
46,55,-0.00018409248239468633,9.396448536373112e-05
46,56,-0.00020518068568440027,9.326646389505031e-05
46,57,-0.00022639967175143222,8.967691278591647e-05
46,58,-0.00024765763855539837,8.438435139942513e-05
46,59,-0.00026736593687773445,7.538540798964699e-05
46,60,-0.00028578474620118827,6.498273500377171e-05
46,61,-0.00029947653454106095,4.8904624406072526e-05
46,62,-0.0003024967171802501,2.0901773855316553e-05
46,63,-0.0002555349720978029,-6.822261162976158e-05
47,0,-0.0005399415873661496,0.00015223244227952805
47,1,-0.00047191100594234296,4.8912022488554356e-05
47,2,-0.0004020701942253128,-3.630937258627282e-05
47,3,-0.0003766138613305951,-6.571174184470576e-05
47,4,-0.0003539555867454262,-8.451971573388893e-05
47,5,-0.0003297102388569804,-9.799370572419425e-05
47,6,-0.0003023768955768019,-0.00010824466275271563
47,7,-0.00027445420779520524,-0.00011445824786966848
47,8,-0.00024614152549877027,-0.0001175447469780361
47,9,-0.00021894240228887912,-0.000117571025184292
47,10,-0.00019305486754862204,-0.0001153212969830657
47,11,-0.00016922822891747775,-0.00011115589560232834
47,12,-0.00014746701087241232,-0.00010569630154122434
47,13,-0.0001280182195880493,-9.929967833082094e-05
47,14,-0.00011074290039653751,-9.239230551518011e-05
47,15,-9.560389615595879e-05,-8.522321188374566e-05
47,16,-8.241171614640431e-05,-7.804711110647467e-05
47,17,-7.099721195538137e-05,-7.099721195537892e-05
47,18,-6.118661983644402e-05,-6.420698425852995e-05
47,19,-5.276642420576089e-05,-5.772032389174208e-05
47,20,-4.56099165230199e-05,-5.15990095200036e-05
47,21,-3.9501565411286e-05,-4.5826958264364e-05
47,22,-3.436928836729704e-05,-4.0431692554715995e-05
47,23,-3.0012095670988787e-05,-3.535872533764804e-05
47,24,-2.6408238774288124e-05,-3.062578319119202e-05
47,25,-2.3375439037398978e-05,-2.6152847130941543e-05
47,26,-2.0933841279233774e-05,-2.1962391978452298e-05
47,27,-1.8919237945805474e-05,-1.7955136302422792e-05
47,28,-1.7385013671358693e-05,-1.4166404713093909e-05
47,29,-1.618332749555237e-05,-1.0479642362471621e-05
47,30,-1.5393559045051266e-05,-6.947390625210038e-06
47,31,-1.4883124152704217e-05,-3.4352537103881782e-06
47,32,-1.475203358564293e-05,-1.5461027241657098e-08
47,33,-1.4883124152701587e-05,3.4662499338442137e-06
47,34,-1.5393559045048365e-05,6.916170471020232e-06
47,35,-1.6183327495550905e-05,1.0511240538735829e-05
47,36,-1.738501367135788e-05,1.413426700934152e-05
47,37,-1.8919237945803414e-05,1.798798584956818e-05
47,38,-2.093384127923082e-05,2.192864359718102e-05
47,39,-2.3375439037396918e-05,2.6187700535592804e-05
47,40,-2.6408238774287582e-05,3.058959394883319e-05
47,41,-3.0012095670989438e-05,3.5396512505617736e-05
47,42,-3.4369288367299205e-05,4.03920058017635e-05
47,43,-3.9501565411289335e-05,4.586889636533865e-05
47,44,-4.560991652302349e-05,5.155440462367048e-05
47,45,-5.27664242057636e-05,5.77680924983394e-05
47,46,-6.118661983644535e-05,6.415544990830135e-05
47,47,-7.099721195538175e-05,7.105325116700595e-05
47,48,-8.241171614640491e-05,7.798564688049056e-05
47,49,-9.560389615596023e-05,8.529126387091284e-05
47,50,-0.0001107429003965383,9.231617243609255e-05
47,51,-0.0001280182195880483,9.938584505174951e-05
47,52,-0.0001474670108724095,0.00010559749655035907
47,53,-0.00016922822891747374,0.0001112708930660771
47,54,-0.00019305486754861927,0.0001151851292716025
47,55,-0.00021894240228887983,0.0001177355481923184
47,56,-0.0002461415254987734,0.00011734112545634963
47,57,-0.00027445420779520795,0.00011471773529142907
47,58,-0.00030237689557680296,0.00010790227156214617
47,59,-0.0003297102388569817,9.847491257820957e-05
47,60,-0.00035395558674542924,8.39738006086441e-05
47,61,-0.0003766138613306,6.91328213417801e-05
47,62,-0.00040207019422532097,6.112981536368739e-05
47,63,-0.0004719110059423523,0.00011071323523561562
48,0,-0.0003653692034129256,-0.00015223244227953564
48,1,-0.00043161030442932867,-0.00010417664907345479
48,2,-0.0004830786894241372,-7.236976981759712e-05
48,3,-0.0004707671488541007,-9.046342453291942e-05
48,4,-0.000443252956605508,-0.00011144931141889276
48,5,-0.00040864298723042737,-0.00012893572317841063
48,6,-0.0003720089208671312,-0.0001405635828970658
48,7,-0.0003337922878123671,-0.00014742973210313043
48,8,-0.0002965040064138037,-0.00014956814253698887
48,9,-0.00026061938844106406,-0.00014806220494631328
48,10,-0.00022743430934095597,-0.00014351329245202885
48,11,-0.00019706381528686602,-0.00013684101692055666
48,12,-0.000169968285576406,-0.00012866636721032892
48,13,-0.00014596956708712373,-0.00011962970922089463
48,14,-0.00012505436610237719,-0.00011017222535219161
48,15,-0.00010692394910766158,-0.00010066443926532013
48,16,-9.135254358322569e-05,-9.135254358322544e-05
48,17,-7.804711110647558e-05,-8.241171614640408e-05
48,18,-6.671791078637635e-05,-7.394253979283911e-05
48,19,-5.7137347943769424e-05,-6.600469486115578e-05
48,20,-4.901996828424541e-05,-5.8606658978286816e-05
48,21,-4.2218699487330574e-05,-5.175284276319019e-05
48,22,-3.6476124649991874e-05,-4.539789667880477e-05
48,23,-3.1719260542720495e-05,-3.952906073542092e-05
48,24,-2.7722237645953903e-05,-3.406943279311906e-05
48,25,-2.4472622102917024e-05,-2.9010544255489467e-05
48,26,-2.1772451075870755e-05,-2.4254715201676787e-05
48,27,-1.96561085924197e-05,-1.9808764765715366e-05
48,28,-1.794875785397429e-05,-1.5557969387753493e-05
48,29,-1.672026695471009e-05,-1.1529558486699796e-05
48,30,-1.5815368615086097e-05,-7.59154711632611e-06
48,31,-1.5331063516031186e-05,-3.793736822664581e-06
48,32,-1.513008948138961e-05,1.5461027239976584e-08
48,33,-1.5331063516031213e-05,3.76274059920636e-06
48,34,-1.581536861508615e-05,7.622767270515714e-06
48,35,-1.672026695471009e-05,1.1497960310436662e-05
48,36,-1.7948757853974344e-05,1.5590107091506525e-05
48,37,-1.9656108592419754e-05,1.977591521857008e-05
48,38,-2.1772451075870782e-05,2.428846358294955e-05
48,39,-2.447262210291705e-05,2.8975690850841323e-05
48,40,-2.7722237645953903e-05,3.41056220354813e-05
48,41,-3.171926054272047e-05,3.949127356745415e-05
48,42,-3.6476124649991874e-05,4.543758343175929e-05
48,43,-4.221869948733056e-05,5.171090466221667e-05
48,44,-4.901996828424547e-05,5.865126387462037e-05
48,45,-5.713734794376944e-05,6.595692625455812e-05
48,46,-6.671791078637632e-05,7.399407414306632e-05
48,47,-7.804711110647556e-05,8.235567693477514e-05
48,48,-9.135254358322569e-05,9.141400780920801e-05
48,49,-0.00010692394910766157,0.00010059638727815064
48,50,-0.00012505436610237719,0.00011024835843127527
48,51,-0.00014596956708712376,0.00011954354249996161
48,52,-0.00016996828557640605,0.00012876517220119035
48,53,-0.000197063815286866,0.0001367260194568063
48,54,-0.00022743430934095597,0.00014364946016349304
48,55,-0.00026061938844106406,0.00014789768193828787
48,56,-0.0002965040064138037,0.00014977176405867414
48,57,-0.0003337922878123671,0.00014717024468136722
48,58,-0.00037200892086713125,0.00014090597408763275
48,59,-0.0004086429872304275,0.0001284545163243929
48,60,-0.00044325295660550807,0.00011199522654413451
48,61,-0.0004707671488541007,8.704234503584103e-05
48,62,-0.0004830786894241372,4.75493270401764e-05
48,63,-0.00043161030442932867,-5.544860865072657e-05
49,0,-0.0008257572052568872,0.0001522324422795376
49,1,-0.000740294271564124,2.7449336406197943e-05
49,2,-0.0006471381751904611,-7.513750937042845e-05
49,3,-0.0006031756345037967,-0.0001196830062992107
49,4,-0.0005592971628313574,-0.00015011675237106508
49,5,-0.0005117215922313852,-0.00017126763825233581
49,6,-0.00046004699365979126,-0.00018515176620296483
49,7,-0.000408461764987712,-0.0001916173716903486
49,8,-0.0003580170414409254,-0.00019214788259911048
49,9,-0.0003110009084017851,-0.00018770349177152032
49,10,-0.0002678203706990253,-0.0001796888262937977
49,11,-0.00022933313881851364,-0.00016917083532689328
49,12,-0.0001953525848687717,-0.000157162252862315
49,13,-0.00016591392998058994,-0.00014443227411165316
49,14,-0.00014056093619578525,-0.0001315576462451531
49,15,-0.00011897090243664567,-0.00011897090243664688
49,16,-0.00010066443926531857,-0.00010692394910765925
49,17,-8.522321188374401e-05,-9.560389615595803e-05
49,18,-7.226091802793561e-05,-8.507185003150384e-05
49,19,-6.137802863063913e-05,-7.536810038876298e-05
49,20,-5.23110022101772e-05,-6.646394138989576e-05
49,21,-4.4713949985350954e-05,-5.8321308381952325e-05
49,22,-3.843579919224157e-05,-5.088332085625936e-05
49,23,-3.318518645310597e-05,-4.407199382743596e-05
49,24,-2.890097015407803e-05,-3.783504257480572e-05
49,25,-2.5336610598721286e-05,-3.207257642979642e-05
49,26,-2.2498538382329848e-05,-2.6752285948975494e-05
49,27,-2.017460735463108e-05,-2.175863908326579e-05
49,28,-1.842078717090485e-05,-1.708539816484962e-05
49,29,-1.705150346477559e-05,-1.2601520633365464e-05
49,30,-1.61591554470545e-05,-8.32847215513192e-06
49,31,-1.5580237055933975e-05,-4.116803319624741e-06
49,32,-1.5434834873121633e-05,-1.5461027239163433e-08
49,33,-1.558023705593235e-05,4.1477995430838716e-06
49,34,-1.6159155447052493e-05,8.297252000942688e-06
49,35,-1.70515034647725e-05,1.2633118809628239e-05
49,36,-1.8420787170901273e-05,1.705326046109452e-05
49,37,-2.017460735462875e-05,2.179148863040615e-05
49,38,-2.2498538382330227e-05,2.671853756769653e-05
49,39,-2.5336610598723617e-05,3.2107429834439956e-05
49,40,-2.8900970154080956e-05,3.779885333244165e-05
49,41,-3.318518645310827e-05,4.41097809954025e-05
49,42,-3.843579919224348e-05,5.084363410330463e-05
49,43,-4.471394998535331e-05,5.8363246482925524e-05
49,44,-5.2311002210180235e-05,6.641933649356273e-05
49,45,-6.137802863064075e-05,7.541586899536149e-05
49,46,-7.22609180279359e-05,8.502031568127731e-05
49,47,-8.522321188374477e-05,9.56599353675869e-05
49,48,-0.00010066443926531988,0.00010686248488167636
49,49,-0.0001189709024366474,0.00011903895442381663
49,50,-0.00014056093619578804,0.0001314815131660694
49,51,-0.00016591392998059309,0.00014451844083258653
49,52,-0.00019535258486877386,0.00015706344787145513
49,53,-0.00022933313881851373,0.0001692858327906454
49,54,-0.0002678203706990243,0.00017955265858233372
49,55,-0.00031100090840178497,0.00018786801477954434
49,56,-0.0003580170414409267,0.0001919442610774239
49,57,-0.0004084617649877134,0.00019187685911211126
49,58,-0.00046004699365979256,0.0001848093750123975
49,59,-0.0005117215922313872,0.00017174884510635365
49,60,-0.0005592971628313607,0.00014957083724582428
49,61,-0.0006031756345038,0.00012310408579629085
49,62,-0.0006471381751904637,9.99579521478516e-05
49,63,-0.0007402942715641259,0.00013217592131798683
50,0,-0.0006842329790673215,-0.0001522324422795361
50,1,-0.0007599271339593415,-0.00013147920782760424
50,2,-0.000808893029994529,-0.0001274398299260141
50,3,-0.0007734605622985239,-0.0001677582521841065
50,4,-0.0007149074098349063,-0.00020465835638864877
50,5,-0.0006455434611051743,-0.0002314885419226926
50,6,-0.0005737805188669657,-0.00024661738536690817
50,7,-0.0005018994714852734,-0.0002519365168686647
50,8,-0.00043405818764029975,-0.0002488948907921407
50,9,-0.00037136881480694903,-0.00023968687838009115
50,10,-0.00031547008282532173,-0.0002261479872172188
50,11,-0.00026626996503689753,-0.00020995738474795012
50,12,-0.00022391388790893478,-0.00019246487244838986
50,13,-0.00018771817634720455,-0.00017462584000699384
50,14,-0.00015719281030430625,-0.00015719281030430256
50,15,-0.00013155764624515643,-0.00014056093619578753
50,16,-0.00011017222535219333,-0.00012505436610237502
50,17,-9.23923055151796e-05,-0.0001107429003965364
50,18,-7.762761360352108e-05,-9.770785275526497e-05
50,19,-6.542839957357179e-05,-8.587052147374484e-05
50,20,-5.530683351937116e-05,-7.519409394049931e-05
50,21,-4.6989822436060085e-05,-6.5554992098677e-05
50,22,-4.0085562737241333e-05,-5.686511771325472e-05
50,23,-3.4458529272965856e-05,-4.9007654243345345e-05
50,24,-2.9791051887448507e-05,-4.187294786194522e-05
50,25,-2.6047690021681764e-05,-3.537289485784043e-05
50,26,-2.296404202112778e-05,-2.9386071166946555e-05
50,27,-2.057549114119721e-05,-2.38601944162733e-05
50,28,-1.8655639292644393e-05,-1.8662282545360513e-05
50,29,-1.7289923418864462e-05,-1.3776375979587116e-05
50,30,-1.628052769812589e-05,-9.053925612839647e-06
50,31,-1.5749155340072634e-05,-4.513285558356396e-06
50,32,-1.552215434265147e-05,1.5461027238892382e-08
50,33,-1.5749155340073068e-05,4.482289334896376e-06
50,34,-1.628052769812627e-05,9.085145767028194e-06
50,35,-1.7289923418864245e-05,1.3744777803323155e-05
50,36,-1.865563929264358e-05,1.8694420249112657e-05
50,37,-2.0575491141196396e-05,2.3827344869126773e-05
50,38,-2.29640420211274e-05,2.9419819548218037e-05
50,39,-2.604769002168114e-05,3.533804145319124e-05
50,40,-2.979105188744718e-05,4.190913710430634e-05
50,41,-3.4458529272964175e-05,4.89698670753768e-05
50,42,-4.008556273724025e-05,5.6904804466206496e-05
50,43,-4.698982243606045e-05,6.551305399770021e-05
50,44,-5.530683351937299e-05,7.523869883683049e-05
50,45,-6.542839957357401e-05,8.582275286714659e-05
50,46,-7.762761360352295e-05,9.775938710549311e-05
50,47,-9.239230551518054e-05,0.00011068686118490939
50,48,-0.00011017222535219308,0.0001251158303283596
50,49,-0.00013155764624515537,0.00014049288420861966
50,50,-0.0001571928103043052,0.00015726894338338718
50,51,-0.00018771817634720395,0.00017453967328606135
50,52,-0.00022391388790893492,0.00019256367743925213
50,53,-0.0002662699650368977,0.00020984238728420112
50,54,-0.0003154700828253215,0.00022628415492868448
50,55,-0.00037136881480694827,0.00023952235537206713
50,56,-0.00043405818764029856,0.000249098512313827
50,57,-0.000501899471485272,0.0002516770294469019
50,58,-0.0005737805188669644,0.00024695977655747484
50,59,-0.0006455434611051731,0.0002310073350686738
50,60,-0.0007149074098349061,0.0002052042715138887
50,61,-0.0007734605622985246,0.00016433717268702654
50,62,-0.0008088930299945298,0.0001026193871485924
50,63,-0.000759927133959342,-2.814604989657793e-05
51,0,-0.001348072428172668,0.00015223244227953708
51,1,-0.0012366560762829592,-1.8217817591298735e-05
51,2,-0.0011020206901408134,-0.00015826744915183036
51,3,-0.0010161489578377242,-0.0002333805366238143
51,4,-0.000923469411644081,-0.00028489815989530973
51,5,-0.0008237367974893621,-0.000317251845225573
51,6,-0.000720158666759393,-0.0003331926714465397
51,7,-0.0006204301549094285,-0.0003347172356219813
51,8,-0.0005273053623181252,-0.0003252801910543534
51,9,-0.0004440418697743173,-0.0003080597904581841
51,10,-0.00037093951064357076,-0.00028596344229129286
51,11,-0.00030841341550832957,-0.0002614101937295009
51,12,-0.0002554572880016766,-0.00023607624081350238
51,13,-0.0002112891074022566,-0.00021128910740225745
51,14,-0.00017462584000699498,-0.0001877181763472048
51,15,-0.00014443227411165444,-0.00016591392998059436
51,16,-0.0001196297092208929,-0.00014596956708712262
51,17,-9.92996783308188e-05,-0.00012801821958804762
51,18,-8.26853188605126e-05,-0.0001119013486258831
51,19,-6.906505674286322e-05,-9.756803657719884e-05
51,20,-5.7970131589049704e-05,-8.478932592380313e-05
51,21,-4.885111655468619e-05,-7.344835019022685e-05
51,22,-4.1456469726589105e-05,-6.332955786776806e-05
51,23,-3.536227803587475e-05,-5.4298939919944435e-05
51,24,-3.0469311610697514e-05,-4.6185983906417e-05
51,25,-2.643876997239611e-05,-3.885386971061138e-05
51,26,-2.3275155654151525e-05,-3.218469048589618e-05
51,27,-2.069638934198959e-05,-2.603814928858625e-05
51,28,-1.877737500515853e-05,-2.034689485842599e-05
51,29,-1.72750870378746e-05,-1.4960787393139736e-05
51,30,-1.6313114029734227e-05,-9.857932771648452e-06
51,31,-1.5678003005818665e-05,-4.870139858706917e-06
51,32,-1.552868380011083e-05,-1.5461027240613553e-08
51,33,-1.5678003005819424e-05,4.9011360821641895e-06
51,34,-1.6313114029735637e-05,9.826712617458665e-06
51,35,-1.727508703787601e-05,1.4992385569403819e-05
51,36,-1.8777375005159832e-05,2.0314757154674633e-05
51,37,-2.0696389341990674e-05,2.60709988357332e-05
51,38,-2.3275155654152717e-05,3.2150942104624994e-05
51,39,-2.6438769972396436e-05,3.8888723115260376e-05
51,40,-3.0469311610696918e-05,4.61497946640555e-05
51,41,-3.5362278035873965e-05,5.433672708791222e-05
51,42,-4.145646972658867e-05,6.3289871114814e-05
51,43,-4.8851116554686404e-05,7.349028829120027e-05
51,44,-5.797013158905072e-05,8.474472102746949e-05
51,45,-6.90650567428644e-05,9.761580518379646e-05
51,46,-8.268531886051389e-05,0.00011184981427565628
51,47,-9.929967833082012e-05,0.00012807425879967746
51,48,-0.00011962970922089409,0.00014590810286114098
51,49,-0.00014443227411165512,0.00016598198196776445
51,50,-0.00017462584000699533,0.00018764204326812188
51,51,-0.0002112891074022572,0.0002113752741231918
51,52,-0.00025545728800167747,0.00023597743582264372
51,53,-0.0003084134155083303,0.0002615251911932552
51,54,-0.00037093951064357114,0.0002858272745798326
51,55,-0.00044404186977431686,0.0003082243134662126
51,56,-0.0005273053623181241,0.00032507656953267004
51,57,-0.0006204301549094271,0.00033497672304374517
51,58,-0.0007201586667593914,0.0003328502802559724
51,59,-0.000823736797489361,0.00031773305207958967
51,60,-0.0009234694116440805,0.00028435224477006677
51,61,-0.0010161489578377238,0.00023680161612089245
51,62,-0.001102020690140813,0.000183087891929252
51,63,-0.0012366560762829583,0.00017784307531548213
52,0,-0.0013378234009444774,-0.00015223244227953646
52,1,-0.0014175458288091447,-0.00019532646778596763
52,2,-0.0014414009486069762,-0.00025203682569614397
52,3,-0.0013449704902412972,-0.00033811360069454946
52,4,-0.0012105870830650886,-0.00040373813996223695
52,5,-0.0010607138344667923,-0.0004426567114536247
52,6,-0.0009115814443040657,-0.0004562212910806635
52,7,-0.0007698255484969655,-0.00044971347829401856
52,8,-0.0006422415860111627,-0.0004286542974425314
52,9,-0.0005303434138354906,-0.0003982787929419555
52,10,-0.00043524299806186565,-0.00036306119538379175
52,11,-0.0003555063192873425,-0.00032610870793941876
52,12,-0.00028983648277268237,-0.0002898364827726836
52,13,-0.00023607624081350121,-0.0002554572880016755
52,14,-0.00019246487244838973,-0.00022391388790893302
52,15,-0.0001571622528623184,-0.00019535258486877362
52,16,-0.00012866636721032795,-0.00016996828557640562
52,17,-0.00010569630154122524,-0.00014746701087241059
52,18,-8.713416684921042e-05,-0.0001277476886994809
52,19,-7.218866682490177e-05,-0.00011040709671824802
52,20,-6.0056702097151016e-05,-9.526157072816054e-05
52,21,-5.030183692995369e-05,-8.193864420422916e-05
52,22,-4.233802061516168e-05,-7.025199846873897e-05
52,23,-3.596725584209461e-05,-5.9905264267453884e-05
52,24,-3.074287868615698e-05,-5.072870563588354e-05
52,25,-2.66225573891952e-05,-4.250787621679558e-05
52,26,-2.3247116788146648e-05,-3.508543323714892e-05
52,27,-2.067551177242495e-05,-2.8321064813180094e-05
52,28,-1.8604418056508546e-05,-2.20584219910616e-05
52,29,-1.7159727768973547e-05,-1.6220525915472877e-05
52,30,-1.6076334662664294e-05,-1.0639434563864295e-05
52,31,-1.5526099840497604e-05,-5.291338901911006e-06
52,32,-1.5274036012749006e-05,1.5461027240572895e-08
52,33,-1.552609984049782e-05,5.260342678453783e-06
52,34,-1.607633466266462e-05,1.0670654718054773e-05
52,35,-1.715972776897398e-05,1.6188927739210448e-05
52,36,-1.8604418056509197e-05,2.209055969481537e-05
52,37,-2.0675511772425383e-05,2.8288215266035667e-05
52,38,-2.3247116788146865e-05,3.5119181618422545e-05
52,39,-2.6622557389195146e-05,4.247302281214815e-05
52,40,-3.074287868615655e-05,5.076489487824639e-05
52,41,-3.596725584209385e-05,5.986747709948737e-05
52,42,-4.233802061516065e-05,7.029168522169364e-05
52,43,-5.030183692995247e-05,8.189670610325578e-05
52,44,-6.005670209714992e-05,9.530617562449421e-05
52,45,-7.218866682490076e-05,0.0001103593281116504
52,46,-8.713416684920957e-05,0.00012779922304970832
52,47,-0.00010569630154122446,0.0001474109716607819
52,48,-0.0001286663672103273,0.00017002974980238845
52,49,-0.00015716225286231772,0.0001952845328816044
52,50,-0.00019246487244838932,0.00022399002098801685
52,51,-0.00023607624081350108,0.0002553711212807426
52,52,-0.00028983648277268275,0.00028993528776354493
52,53,-0.000355506319287343,0.0003259937104756679
52,54,-0.0004352429980618665,0.00036319736309525514
52,55,-0.0005303434138354916,0.00039811426993392914
52,56,-0.0006422415860111637,0.0004288579189642155
52,57,-0.0007698255484969668,0.00044945399087225414
52,58,-0.0009115814443040669,0.00045656368227122926
52,59,-0.001060713834466794,0.0004421755045996058
52,60,-0.0012105870830650908,0.00040428405508747764
52,61,-0.0013449704902412994,0.00033469252119747
52,62,-0.0014414009486069788,0.00022721638291872204
52,63,-0.0014175458288091464,3.570121006178489e-05
53,0,-0.0024033840960058436,0.0001522324422795337
53,1,-0.0022449561366759633,-0.00012709067030672945
53,2,-0.0020189828135953646,-0.000355709505356624
53,3,-0.001824579965380047,-0.0004963680171639213
53,4,-0.0016078807620963766,-0.000585258807548112
53,5,-0.001382073917553225,-0.0006284359271400172
53,6,-0.0011609354623906953,-0.0006337834984160575
53,7,-0.0009592585069468409,-0.0006107873682483668
53,8,-0.0007820391920482293,-0.0005691898916325854
53,9,-0.0006322779896701747,-0.0005175972703814838
53,10,-0.0005080971982450016,-0.00046209814295704007
53,11,-0.00040728849286513944,-0.00040728849286513933
53,12,-0.00032610870793941746,-0.00035550631928734234
53,13,-0.0002614101937295018,-0.0003084134155083284
53,14,-0.00020995738474795163,-0.00026626996503689666
53,15,-0.00016917083532689834,-0.0002293331388185135
53,16,-0.00013684101692055644,-0.0001970638152868656
53,17,-0.00011115589560233276,-0.00016922822891747693
53,18,-9.077641724540808e-05,-0.00014512087137018198
53,19,-7.447996892385698e-05,-0.0001244135299967711
53,20,-6.152876692869344e-05,-0.00010647450206393834
53,21,-5.108365297888185e-05,-9.101146937579333e-05
53,22,-4.279127415588222e-05,-7.752944805722973e-05
53,23,-3.604559548098924e-05,-6.579360182758771e-05
53,24,-3.073260513391493e-05,-5.54432419406553e-05
53,25,-2.6384638352078347e-05,-4.628663426979249e-05
53,26,-2.3036556710287395e-05,-3.807685420750069e-05
53,27,-2.030343578638587e-05,-3.0643168925615207e-05
53,28,-1.8314189090978404e-05,-2.3830717840488027e-05
53,29,-1.673576350892333e-05,-1.7468947752322236e-05
53,30,-1.5758438550989625e-05,-1.147687168706038e-05
53,31,-1.5085520787755553e-05,-5.6662203135598044e-06
53,32,-1.4949819694417589e-05,-1.5461027240193425e-08
53,33,-1.508552078775577e-05,5.697216537017033e-06
53,34,-1.575843855098919e-05,1.1445651532868763e-05
53,35,-1.6735763508923004e-05,1.7500545928582877e-05
53,36,-1.8314189090978513e-05,2.3798580136732278e-05
53,37,-2.0303435786386413e-05,3.067601847275749e-05
53,38,-2.3036556710287937e-05,3.804310582622547e-05
53,39,-2.6384638352078293e-05,4.6321487674439344e-05
53,40,-3.073260513391482e-05,5.5407052698292067e-05
53,41,-3.6045595480989725e-05,6.583138899555319e-05
53,42,-4.279127415588311e-05,7.748976130427407e-05
53,43,-5.108365297888269e-05,9.105340747676602e-05
53,44,-6.152876692869374e-05,0.00010642989716760419
53,45,-7.44799689238566e-05,0.0001244612986033689
53,46,-9.07764172454073e-05,0.00014506933701995578
53,47,-0.000111155895602332,0.00016928426812910726
53,48,-0.0001368410169205559,0.0001970023510608844
53,49,-0.00016917083532689802,0.0002294011908056843
53,50,-0.00020995738474795163,0.000266193831957814
53,51,-0.00026141019372950206,0.00030849958222926166
53,52,-0.0003261087079394177,0.00035540751429648026
53,53,-0.0004072884928651394,0.0004074034903288889
53,54,-0.0005080971982450017,0.0004619619752455754
53,55,-0.0006322779896701746,0.0005177617933895087
53,56,-0.0007820391920482287,0.0005689862701108999
53,57,-0.0009592585069468401,0.00061104685567013
53,58,-0.001160935462390695,0.0006334411072254909
53,59,-0.0013820739175532245,0.0006289171339940352
53,60,-0.001607880762096376,0.0005847128924228702
53,61,-0.0018245799653800454,0.0004997890966609988
53,62,-0.0020189828135953637,0.0003805299481340425
53,63,-0.0022449561366759624,0.0002867159280309073
54,0,-0.002803613548770598,-0.0001522324422795394
54,1,-0.0028629787869522754,-0.00036349424185818275
54,2,-0.00278357913717472,-0.0005684575197964193
54,3,-0.0025092970152754603,-0.0007545394426000737
54,4,-0.0021700136223781604,-0.0008680669156920525
54,5,-0.0018177411632765664,-0.0009093599748781923
54,6,-0.0014882394430933404,-0.0008931550948245405
54,7,-0.0011965065716638057,-0.0008379208430562871
54,8,-0.0009509285703023445,-0.0007609470073262051
54,9,-0.0007496916586197042,-0.0006748834923023094
54,10,-0.0005890003580664009,-0.0005890003580664
54,11,-0.00046209814295704234,-0.0005080971982450021
54,12,-0.00036306119538379175,-0.00043524299806186673
54,13,-0.000285963442291296,-0.0003709395106435724
54,14,-0.00022614798721722095,-0.00031547008282532195
54,15,-0.00017968882629380143,-0.0002678203706990247
54,16,-0.00014351329245202823,-0.00022743430934095695
54,17,-0.00011532129698307096,-0.00019305486754862486
54,18,-9.31758706727015e-05,-0.00016404805664793778
54,19,-7.583634809579727e-05,-0.00013933630597108
54,20,-6.205908679480726e-05,-0.00011841708918231618
54,21,-5.1242554598373175e-05,-0.00010047148009357555
54,22,-4.254071150026011e-05,-8.514018725674244e-05
54,23,-3.572905480994697e-05,-7.183466855092047e-05
54,24,-3.0184732498300725e-05,-6.029806805281428e-05
54,25,-2.5906491525003552e-05,-5.0123588904329715e-05
54,26,-2.239723848977671e-05,-4.111203095381351e-05
54,27,-1.97903868524638e-05,-3.2995397900547545e-05
54,28,-1.7662013129800085e-05,-2.5595566528195722e-05
54,29,-1.6229279220276224e-05,-1.875079202193062e-05
54,30,-1.5114467600312086e-05,-1.227601710010451e-05
54,31,-1.458942374551477e-05,-6.091980452336919e-06
54,32,-1.4310806233289348e-05,1.5461027239244748e-08
54,33,-1.458942374551347e-05,6.060984228877821e-06
54,34,-1.5114467600310134e-05,1.2307237254294528e-05
54,35,-1.6229279220274706e-05,1.8719193845669058e-05
54,36,-1.7662013129799434e-05,2.5627704231950712e-05
54,37,-1.9790386852463907e-05,3.296254835340385e-05
54,38,-2.2397238489776494e-05,4.114577933508727e-05
54,39,-2.5906491525003444e-05,5.008873549968221e-05
54,40,-3.018473249830078e-05,6.033425729517691e-05
54,41,-3.5729054809947186e-05,7.17968813829536e-05
54,42,-4.254071150026022e-05,8.51798740096966e-05
54,43,-5.124255459837269e-05,0.00010042954199260195
54,44,-6.205908679480704e-05,0.0001184616940786502
54,45,-7.583634809579753e-05,0.00013928853736448307
54,46,-9.317587067270206e-05,0.00016409959099816568
54,47,-0.00011532129698307172,0.00019299882833699665
54,48,-0.0001435132924520285,0.00022749577356694027
54,49,-0.00017968882629380132,0.00026775231871185607
54,50,-0.0002261479872172204,0.0003155462159044065
54,51,-0.0002859634422912952,0.00037085334392264116
54,52,-0.0003630611953837911,0.0004353418030527311
54,53,-0.00046209814295704267,0.0005079822007812545
54,54,-0.0005890003580664017,0.0005891365257778662
54,55,-0.0007496916586197048,0.0006747189692942842
54,56,-0.0009509285703023442,0.0007611506288478904
54,57,-0.0011965065716638048,0.0008376613556345241
54,58,-0.0014882394430933395,0.0008934974860151075
54,59,-0.0018177411632765666,0.0009088787680241751
54,60,-0.002170013622378162,0.0008686128308172947
54,61,-0.0025092970152754634,0.0007511183631029948
54,62,-0.0027835791371747243,0.0005436370770189957
54,63,-0.002862978786952279,0.00020386898413399558
55,0,-0.004815072524633996,0.00015223244227953448
55,1,-0.0045436582243939694,-0.0004277871843007526
55,2,-0.0040610491671276856,-0.0008909902942994804
55,3,-0.0035400834068522228,-0.0011786860792498562
55,4,-0.0029707820851969527,-0.0013207722651422836
55,5,-0.002414662162313478,-0.0013415421079804278
55,6,-0.0019133190515299278,-0.001275867859569826
55,7,-0.0014912220837696318,-0.0011599712196426223
55,8,-0.0011494179337953408,-0.001021841717209854
55,9,-0.000881561259849538,-0.0008815612598495362
55,10,-0.0006748834923023105,-0.0007496916586197037
55,11,-0.0005175972703814866,-0.0006322779896701751
55,12,-0.00039827879294195457,-0.0005303434138354917
55,13,-0.0003080597904581869,-0.00044404186977431843
55,14,-0.00023968687838009172,-0.000371368814806948
55,15,-0.00018770349177152072,-0.0003110009084017846
55,16,-0.00014806220494631198,-0.00026061938844106536
55,17,-0.00011757102518429385,-0.00021894240228888392
55,18,-9.412900837175702e-05,-0.00018409248239468568
55,19,-7.583053795161493e-05,-0.00015515124077240694
55,20,-6.167161035454817e-05,-0.00013075326241872607
55,21,-5.043799553779729e-05,-0.00011030434386061498
55,22,-4.173407588129965e-05,-9.285093038316147e-05
55,23,-3.471148549366647e-05,-7.801662068719774e-05
55,24,-2.9315668484635187e-05,-6.514898287829569e-05
55,25,-2.4892856254462507e-05,-5.399649452249983e-05
55,26,-2.158439492769954e-05,-4.412287579350126e-05
55,27,-1.8842544984550144e-05,-3.5334421418945676e-05
55,28,-1.692493104099536e-05,-2.7352203802474264e-05
55,29,-1.5345059624312807e-05,-1.9994104532387804e-05
55,30,-1.4432621183443212e-05,-1.309881965007618e-05
55,31,-1.3741330617924805e-05,-6.4630295442881405e-06
55,32,-1.3648632024644645e-05,-1.546102724123697e-08
55,33,-1.3741330617923504e-05,6.494025767744501e-06
55,34,-1.4432621183441477e-05,1.306759949588562e-05
55,35,-1.5345059624311073e-05,2.002570270865072e-05
55,36,-1.6924931040995144e-05,2.7320066098720738e-05
55,37,-1.8842544984549927e-05,3.536727096608997e-05
55,38,-2.1584394927698456e-05,4.4089127412228315e-05
55,39,-2.4892856254461748e-05,5.403134792714853e-05
55,40,-2.931566848463497e-05,6.511279363593484e-05
55,41,-3.471148549366777e-05,7.805440785516667e-05
55,42,-4.17340758813029e-05,9.281124363020774e-05
55,43,-5.0437995537800544e-05,0.00011034628196158742
55,44,-6.167161035454947e-05,0.00013070865752238988
55,45,-7.583053795161378e-05,0.00015519900937900247
55,46,-9.412900837175483e-05,0.0001840409480444572
55,47,-0.00011757102518429198,0.00021899844150051142
55,48,-0.0001480622049463105,0.0002605579242150811
55,49,-0.00018770349177151972,0.000311068960388953
55,50,-0.00023968687838009104,0.0003712926817278639
55,51,-0.0003080597904581868,0.0004441280364952518
55,52,-0.0003982787929419537,0.0005302446088446301
55,53,-0.0005175972703814851,0.0006323929871339246
55,54,-0.0006748834923023085,0.0007495554909082389
55,55,-0.0008815612598495354,0.0008817257828575614
55,56,-0.0011494179337953377,0.0010216380956881693
55,57,-0.0014912220837696305,0.0011602307070643875
55,58,-0.0019133190515299278,0.0012755254683792607
55,59,-0.002414662162313479,0.001342023314834446
55,60,-0.0029707820851969536,0.0013202263500170428
55,61,-0.0035400834068522236,0.0011821071587469353
55,62,-0.004061049167127687,0.000915810737076901
55,63,-0.004543658224393973,0.0005874124420249323
56,0,-0.0065183258568775795,-0.00015223244227953567
56,1,-0.006447030997604023,-0.0008830714867911837
56,2,-0.0059547930868857,-0.001500398079465355
56,3,-0.005086501734562307,-0.0019090842100984939
56,4,-0.004127641801417388,-0.0020637789396237612
56,5,-0.003226140629801969,-0.0020166513447016916
56,6,-0.0024602160900719173,-0.001845219511763255
56,7,-0.0018463189767749448,-0.001615649854149134
56,8,-0.0013753091960468514,-0.0013753091960468508
56,9,-0.0010218417172098537,-0.00114941793379534
56,10,-0.0007609470073262048,-0.0009509285703023451
56,11,-0.0005691898916325857,-0.00078203919204823
56,12,-0.00042865429744252926,-0.0006422415860111643
56,13,-0.0003252801910543551,-0.0005273053623181272
56,14,-0.0002488948907921412,-0.00043405818764029845
56,15,-0.00019214788259910983,-0.0003580170414409254
56,16,-0.00014956814253698866,-0.0002965040064138042
56,17,-0.00011754474697803528,-0.0002461415254987742
56,18,-9.30628423733676e-05,-0.0002051806856843993
56,19,-7.445658839672667e-05,-0.00017130153803629223
56,20,-5.993714391254825e-05,-0.00014346681256602843
56,21,-4.884361431648404e-05,-0.00012012165290168752
56,22,-3.999515337525225e-05,-0.00010067347210299089
56,23,-3.32606939742508e-05,-8.408338625788959e-05
56,24,-2.776410071863428e-05,-7.000768040496563e-05
56,25,-2.366291930548214e-05,-5.775417536351855e-05
56,26,-2.0237174204782533e-05,-4.710143591329138e-05
56,27,-1.7807824139707542e-05,-3.759645726286731e-05
56,28,-1.5738446395868137e-05,-2.906066071056701e-05
56,29,-1.4446629388277163e-05,-2.1212668985465927e-05
56,30,-1.3345065089102187e-05,-1.3865713190390483e-05
56,31,-1.2911692928369196e-05,-6.866522127369618e-06
56,32,-1.2594194964000993e-05,1.5461027239990137e-08
56,33,-1.2911692928370064e-05,6.8355259039113055e-06
56,34,-1.334506508910262e-05,1.3896933344580012e-05
56,35,-1.4446629388277163e-05,2.118107080920301e-05
56,36,-1.573844639586857e-05,2.9092798414320428e-05
56,37,-1.780782413970841e-05,3.7563607715721935e-05
56,38,-2.0237174204782533e-05,4.713518429456389e-05
56,39,-2.3662919305481814e-05,5.7719321958870176e-05
56,40,-2.776410071863428e-05,7.004386964732778e-05
56,41,-3.326069397425048e-05,8.404559908992278e-05
56,42,-3.9995153375251816e-05,0.00010071315885594554
56,43,-4.8843614316484095e-05,0.00012007971480071448
56,44,-5.993714391254847e-05,0.00014351141746236202
56,45,-7.445658839672664e-05,0.00017125376942969428
56,46,-9.30628423733675e-05,0.00020523222003462644
56,47,-0.00011754474697803522,0.00024608548628714505
56,48,-0.00014956814253698855,0.00029656547063978674
56,49,-0.00019214788259910935,0.00035794898945375636
56,50,-0.0002488948907921411,0.0004341343207193824
56,51,-0.0003252801910543555,0.000527219195597194
56,52,-0.0004286542974425297,0.0006423403910020256
56,53,-0.0005691898916325851,0.0007819241945844794
56,54,-0.0007609470073262046,0.0009510647380138091
56,55,-0.001021841717209854,0.0011492534107873135
56,56,-0.0013753091960468514,0.001375512817568536
56,57,-0.0018463189767749448,0.0016153903667273717
56,58,-0.0024602160900719173,0.0018455619029538223
56,59,-0.003226140629801969,0.0020161701378476732
56,60,-0.004127641801417389,0.0020643248547490022
56,61,-0.005086501734562307,0.0019056631306014161
56,62,-0.005954793086885701,0.0014755776366879344
56,63,-0.006447030997604023,0.0007234462290670021
57,0,-0.011247858667491131,0.00015223244227953887
57,1,-0.010591035442557236,-0.0014358944204163756
57,2,-0.00917072182597374,-0.0026086631920059053
57,3,-0.007487879134731295,-0.0032076907109728947
57,4,-0.005795155971274027,-0.003311804469104042
57,5,-0.004318153265350598,-0.0030843636062424275
57,6,-0.0031400606596096964,-0.0026915959680936536
57,7,-0.0022567445417893085,-0.0022567445417893076
57,8,-0.0016156498541491358,-0.0018463189767749437
57,9,-0.0011599712196426234,-0.00149122208376963
57,10,-0.000837920843056287,-0.0011965065716638035
57,11,-0.0006107873682483647,-0.0009592585069468372
57,12,-0.0004497134782940149,-0.0007698255484969645
57,13,-0.0003347172356219806,-0.0006204301549094294
57,14,-0.0002519365168686646,-0.0005018994714852704
57,15,-0.000191617371690348,-0.0004084617649877108
57,16,-0.00014742973210312872,-0.0003337922878123651
57,17,-0.00011445824786966631,-0.00027445420779520567
57,18,-8.993640020768252e-05,-0.00022639967175142907
57,19,-7.116541527416509e-05,-0.00018775035999249543
57,20,-5.707534128832894e-05,-0.00015593248524749617
57,21,-4.598902160280827e-05,-0.00012996516157486808
57,22,-3.767114449954143e-05,-0.00010818688940762537
57,23,-3.092478690081685e-05,-9.009620184467076e-05
57,24,-2.59436115271584e-05,-7.46031167962398e-05
57,25,-2.176225097446174e-05,-6.1441633420332e-05
57,26,-1.8805592504525688e-05,-4.989416338151229e-05
57,27,-1.622390910204028e-05,-3.9789816478472e-05
57,28,-1.457289789073661e-05,-3.066675082498372e-05
57,29,-1.3064604328743862e-05,-2.2366524831292584e-05
57,30,-1.2332574599527996e-05,-1.461282977143429e-05
57,31,-1.1627207578025246e-05,-7.20766488946365e-06
57,32,-1.1631499423707045e-05,-1.5461027240288292e-08
57,33,-1.1627207578024379e-05,7.238661112920607e-06
57,34,-1.2332574599527996e-05,1.4581609617242159e-05
57,35,-1.3064604328743429e-05,2.2398123007553658e-05
57,36,-1.4572897890737478e-05,3.0634613121228354e-05
57,37,-1.6223909102042883e-05,3.982266602561412e-05
57,38,-1.8805592504527856e-05,4.986041500023761e-05
57,39,-2.1762250974463474e-05,6.147648682498005e-05
57,40,-2.5943611527159374e-05,7.456692755387732e-05
57,41,-3.0924786900817175e-05,9.01339890126366e-05
57,42,-3.767114449954284e-05,0.00010814720265466947
57,43,-4.5989021602810276e-05,0.00013000709967584052
57,44,-5.707534128833179e-05,0.00015588788035116264
57,45,-7.116541527416696e-05,0.00018779812859909495
57,46,-8.993640020768345e-05,0.00022634813740120442
57,47,-0.0001144582478696684,0.00027451024700683605
57,48,-0.00014742973210313127,0.0003337308235863842
57,49,-0.00019161737169035183,0.0004085298169748833
57,50,-0.0002519365168686681,0.0005018233384061897
57,51,-0.00033471723562198373,0.0006205163216303653
57,52,-0.00044971347829401683,0.000769726743506106
57,53,-0.0006107873682483654,0.0009593735044105908
57,54,-0.0008379208430562869,0.0011963704039523416
57,55,-0.0011599712196426228,0.0014913866067776571
57,56,-0.001615649854149135,0.0018461153552532606
57,57,-0.0022567445417893085,0.0022570040292110723
57,58,-0.003140060659609697,0.002691253576903087
57,59,-0.004318153265350598,0.003084844813096444
57,60,-0.005795155971274027,0.0033112585539788004
57,61,-0.007487879134731295,0.003211111790469976
57,62,-0.00917072182597374,0.0026334836347833308
57,63,-0.010591035442557236,0.001595519678140562
58,0,-0.017570288797975113,-0.00015223244227952982
58,1,-0.016779560661338663,-0.0028737735364233316
58,2,-0.01439006302777815,-0.004808375768294827
58,3,-0.011199299209746385,-0.005601187279741722
58,4,-0.008172291658331438,-0.00544811390706771
58,5,-0.005730251416106547,-0.004775340454712594
58,6,-0.00393994155217421,-0.003939941552174211
58,7,-0.0026915959680936527,-0.0031400606596096972
58,8,-0.0018452195117632532,-0.0024602160900719173
58,9,-0.001275867859569823,-0.0019133190515299287
58,10,-0.0008931550948245389,-0.00148823944309334
58,11,-0.0006337834984160565,-0.0011609354623906929
58,12,-0.0004562212910806605,-0.0009115814443040649
58,13,-0.00033319267144653667,-0.0007201586667593935
58,14,-0.0002466173853669072,-0.0005737805188669633
58,15,-0.0001851517662029638,-0.0004600469936597898
58,16,-0.00014056358289706212,-0.000372008920867131
58,17,-0.00010824466275271335,-0.00030237689557680166
58,18,-8.40419602088614e-05,-0.000247657638555397
58,19,-6.626456123477774e-05,-0.0002035025857539492
58,20,-5.248853166137622e-05,-0.0001682344824780952
58,21,-4.2350166133126596e-05,-0.00013916538070446222
58,22,-3.418274878794463e-05,-0.00011553002802836031
58,23,-2.8262377654245043e-05,-9.56064495413122e-05
58,24,-2.3264868358673e-05,-7.906393540708001e-05
58,25,-1.979364497777642e-05,-6.47733621762397e-05
58,26,-1.6684620669752456e-05,-5.2585742874823246e-05
58,27,-1.4718543861366902e-05,-4.176076024527348e-05
58,28,-1.2809839988565594e-05,-3.219360129081642e-05
58,29,-1.1840595359998221e-05,-2.3417392086198547e-05
58,30,-1.0768173149003357e-05,-1.529239774780873e-05
58,31,-1.053576032467897e-05,-7.55653613166026e-06
58,32,-1.0130675916826537e-05,1.5461027240450923e-08
58,33,-1.053576032467897e-05,7.525539908202544e-06
58,34,-1.0768173149003357e-05,1.5323617901998043e-05
58,35,-1.1840595359998221e-05,2.3385793909935088e-05
58,36,-1.2809839988565594e-05,3.222573899456897e-05
58,37,-1.471854386136777e-05,4.172791069812897e-05
58,38,-1.668462066975289e-05,5.2619491256095975e-05
58,39,-1.979364497777642e-05,6.473850877159034e-05
58,40,-2.3264868358673107e-05,7.910012464944216e-05
58,41,-2.82623776542445e-05,9.556866237334723e-05
58,42,-3.418274878794295e-05,0.00011556971478131643
58,43,-4.2350166133125404e-05,0.00013912344260348913
58,44,-5.2488531661375437e-05,0.00016827908737442976
58,45,-6.626456123477826e-05,0.00020345481714735146
58,46,-8.404196020886272e-05,0.0002477091729056244
58,47,-0.00010824466275271405,0.00030232085636517253
58,48,-0.00014056358289706364,0.0003720703850931139
58,49,-0.0001851517662029645,0.0004599789416726219
58,50,-0.0002466173853669085,0.0005738566519460486
58,51,-0.0003331926714465372,0.0007200725000384616
58,52,-0.00045622129108066145,0.0009116802492949276
58,53,-0.0006337834984160553,0.0011608204649269439
58,54,-0.0008931550948245389,0.0014883756108048049
58,55,-0.0012758678595698233,0.0019131545285219038
58,56,-0.001845219511763253,0.0024604197115936028
58,57,-0.0026915959680936545,0.0031398011721879343
58,58,-0.00393994155217421,0.003940283943364777
58,59,-0.005730251416106548,0.004774859247858577
58,60,-0.00817229165833144,0.0054486598221929515
58,61,-0.011199299209746388,0.005597766200244644
58,62,-0.014390063027778156,0.004783555325517412
58,63,-0.01677956066133867,0.002714148278699158
59,0,-0.03190487214309062,0.0001522324422795434
59,1,-0.029333865783819177,-0.005789648336978523
59,2,-0.023432187969257265,-0.009361234673548581
59,3,-0.016911248628883158,-0.010145366620402878
59,4,-0.011402493780718503,-0.009122100038180155
59,5,-0.007423163326980961,-0.007423163326980965
59,6,-0.0047753404547125925,-0.005730251416106547
59,7,-0.003084363606242429,-0.004318153265350597
59,8,-0.002016651344701692,-0.0032261406298019673
59,9,-0.0013415421079804285,-0.0024146621623134766
59,10,-0.0009093599748781919,-0.0018177411632765653
59,11,-0.0006284359271400186,-0.0013820739175532228
59,12,-0.0004426567114536239,-0.0010607138344667923
59,13,-0.00031725184522557275,-0.0008237367974893638
59,14,-0.00023148854192269304,-0.000645543461105172
59,15,-0.0001712676382523364,-0.0005117215922313845
59,16,-0.00012893572317841103,-0.00040864298723042845
59,17,-9.799370572419414e-05,-0.00032971023885698214
59,18,-7.586661484367072e-05,-0.00026736593687773586
59,19,-5.897983106779858e-05,-0.00021871728618142903
59,20,-4.6874684578079254e-05,-0.00017931643970402157
59,21,-3.715860435779062e-05,-0.00014799528584609999
59,22,-3.0324358635948172e-05,-0.00012198085023638243
59,23,-2.4477734356920613e-05,-0.00010088462728153431
59,24,-2.057239083443378e-05,-8.290161897751792e-05
59,25,-1.6931316439102763e-05,-6.796231961436706e-05
59,26,-1.4747538987649935e-05,-5.4868892104426806e-05
59,27,-1.2441882627878958e-05,-4.3638434031440486e-05
59,28,-1.1339576111806665e-05,-3.348794450456095e-05
59,29,-9.908695889283142e-06,-2.439777789835923e-05
59,30,-9.551352728461027e-06,-1.5891870837842458e-05
59,31,-8.763502902747397e-06,-7.842463683912972e-06
59,32,-8.994137913991007e-06,-1.5461027240247635e-08
59,33,-8.763502902747397e-06,7.873459907371556e-06
59,34,-9.551352728459292e-06,1.5860650683652278e-05
59,35,-9.908695889281408e-06,2.4429376074623123e-05
59,36,-1.1339576111809267e-05,3.3455806800808396e-05
59,37,-1.2441882627882428e-05,4.367128357858413e-05
59,38,-1.4747538987648634e-05,5.483514372315408e-05
59,39,-1.6931316439101245e-05,6.799717301901381e-05
59,40,-2.057239083443356e-05,8.286542973515447e-05
59,41,-2.4477734356919854e-05,0.00010092241444949971
59,42,-3.0324358635948063e-05,0.0001219411634834287
59,43,-3.715860435778921e-05,0.000148037223947076
59,44,-4.687468457807966e-05,0.00017927183480768842
59,45,-5.8979831067796956e-05,0.00021876505478802307
59,46,-7.58666148436712e-05,0.00026731440252750676
59,47,-9.799370572419642e-05,0.00032976627806860964
59,48,-0.0001289357231784118,0.0004085815230044451
59,49,-0.00017126763825233695,0.0005117896442185549
59,50,-0.00023148854192269353,0.0006454673280260905
59,51,-0.0003172518452255746,0.0008238229642102972
59,52,-0.0004426567114536252,0.0010606150294759317
59,53,-0.0006284359271400172,0.0013821889150169731
59,54,-0.0009093599748781923,0.0018176049955651
59,55,-0.001341542107980427,0.002414826685321503
59,56,-0.0020166513447016916,0.003225937008280282
59,57,-0.0030843636062424305,0.004318412752772357
59,58,-0.004775340454712595,0.005729909024915977
59,59,-0.007423163326980965,0.007423644533834981
59,60,-0.011402493780718509,0.00912155412305491
59,61,-0.016911248628883154,0.010148787699899957
59,62,-0.023432187969257265,0.009386055116326009
59,63,-0.02933386578381917,0.005949273594702717
60,0,-0.05670129471749187,-0.00015223244227953383
60,1,-0.05121757713951387,-0.012881538814296621
60,2,-0.0383494588723574,-0.019186463170173494
60,3,-0.02511220600045834,-0.01883553569763259
60,4,-0.015325710689057423,-0.015325710689057425
60,5,-0.009122100038180148,-0.01140249378071851
60,6,-0.005448113907067708,-0.00817229165833144
60,7,-0.003311804469104043,-0.005795155971274028
60,8,-0.0020637789396237612,-0.0041276418014173895
60,9,-0.0013207722651422827,-0.0029707820851969506
60,10,-0.0008680669156920513,-0.0021700136223781596
60,11,-0.0005852588075481136,-0.0016078807620963768
60,12,-0.0004037381399622362,-0.0012105870830650864
60,13,-0.00028489815989531206,-0.00092346941164408
60,14,-0.000204658356388647,-0.0007149074098349041
60,15,-0.00015011675237106516,-0.000559297162831353
60,16,-0.00011144931141889174,-0.00044325295660550693
60,17,-8.451971573388787e-05,-0.00035395558674542913
60,18,-6.44368198785359e-05,-0.000285784746201191
60,19,-5.0355562489909876e-05,-0.00023176994816308857
60,20,-3.922312724953959e-05,-0.00018965555352764988
60,21,-3.1553731463140194e-05,-0.00015533735798460287
60,22,-2.502271877660462e-05,-0.00012802753722100484
60,23,-2.075850283810108e-05,-0.00010514829229791027
60,24,-1.6738245972437163e-05,-8.652681179325281e-05
60,25,-1.4391805462735455e-05,-7.047664410692695e-05
60,26,-1.1825731985147438e-05,-5.7038276402607974e-05
60,27,-1.0629047626687163e-05,-4.509841920017233e-05
60,28,-8.966187260142297e-06,-3.471153396841266e-05
60,29,-8.51548261717773e-06,-2.5168747677013076e-05
60,30,-7.470617753076864e-06,-1.6432298020226804e-05
60,31,-7.562530658374034e-06,-8.102238307342025e-06
60,32,-7.0053369851073855e-06,1.5461027239610666e-08
60,33,-7.562530658377503e-06,8.071242083879972e-06
60,34,-7.470617753073394e-06,1.6463518174416117e-05
60,35,-8.5154826171812e-06,2.513714950074658e-05
60,36,-8.966187260144032e-06,3.4743671672166077e-05
60,37,-1.06290476266915e-05,4.506556965303259e-05
60,38,-1.1825731985146571e-05,5.707202478387723e-05
60,39,-1.4391805462734154e-05,7.04417907022737e-05
60,40,-1.673824597243738e-05,8.656300103561474e-05
60,41,-2.0758502838101622e-05,0.00010511050512994726
60,42,-2.5022718776605325e-05,0.0001280672239739615
60,43,-3.155373146313998e-05,0.00015529541988362804
60,44,-3.9223127249540346e-05,0.00018970015842398194
60,45,-5.035556248991314e-05,0.00023172217955649008
60,46,-6.443681987853485e-05,0.000285836280551416
60,47,-8.451971573388882e-05,0.00035389954753379757
60,48,-0.00011144931141889223,0.0004433144208314892
60,49,-0.0001501167523710661,0.0005592291108441863
60,50,-0.00020465835638864942,0.0007149835429139913
60,51,-0.0002848981598953136,0.0009233832449231484
60,52,-0.0004037381399622378,0.0012106858880559508
60,53,-0.0005852588075481143,0.001607765764632624
60,54,-0.0008680669156920541,0.002170149790089626
60,55,-0.0013207722651422853,0.002970617562188929
60,56,-0.0020637789396237612,0.004127845422939076
60,57,-0.0033118044691040406,0.005794896483852266
60,58,-0.00544811390706771,0.008172634049522006
60,59,-0.009122100038180153,0.01140201257386449
60,60,-0.015325710689057427,0.015326256604182664
60,61,-0.02511220600045834,0.018832114618135515
60,62,-0.0383494588723574,0.019161642727396077
60,63,-0.05121757713951387,0.012721913556572446
61,0,-0.10692497781808427,0.0001522324422795333
61,1,-0.0916855395666871,-0.030485169459953748
61,2,-0.0609381889052954,-0.040612840795159484
61,3,-0.03489957867260458,-0.03489957867260457
61,4,-0.01883553569763259,-0.025112206000458347
61,5,-0.010145366620402874,-0.016911248628883158
61,6,-0.00560118727974172,-0.011199299209746386
61,7,-0.0032076907109728887,-0.007487879134731298
61,8,-0.0019090842100984956,-0.005086501734562305
61,9,-0.001178686079249849,-0.0035400834068522206
61,10,-0.0007545394426000669,-0.002509297015275462
61,11,-0.0004963680171639179,-0.0018245799653800463
61,12,-0.00033811360069454583,-0.0013449704902412964
61,13,-0.000233380536623814,-0.0010161489578377257
61,14,-0.00016775825218410287,-0.0007734605622985153
61,15,-0.00011968300629921392,-0.0006031756345037906
61,16,-9.046342453291928e-05,-0.00047076714885410507
61,17,-6.571174184470587e-05,-0.00037661386133059326
61,18,-5.232570390315862e-05,-0.0002994765345410589
61,19,-3.808339955672056e-05,-0.0002443539351335497
61,20,-3.2196541524439834e-05,-0.00019675699661751613
61,21,-2.3062309832011085e-05,-0.00016274485333165906
61,22,-2.0994960248995644e-05,-0.00013181328086243438
61,23,-1.4512066389585614e-05,-0.00010968916475128558
61,24,-1.4519449772189817e-05,-8.85742469707183e-05
61,25,-9.500117227774756e-06,-7.330455356447784e-05
61,26,-1.0706153485110989e-05,-5.814427602106927e-05
61,27,-6.550486225163563e-06,-4.681310798386462e-05
61,28,-8.49769082952867e-06,-3.528944394426935e-05
61,29,-4.8981974927996e-06,-2.60845621596964e-05
61,30,-7.346514623349232e-06,-1.6692171003421935e-05
61,31,-4.1543709147287555e-06,-8.371745404998215e-06
61,32,-6.988977418354025e-06,-1.546102723802502e-08
61,33,-4.1543709147287555e-06,8.402741628459401e-06
61,34,-7.3465146233631096e-06,1.666095084922742e-05
61,35,-4.89819749279613e-06,2.6116160335959426e-05
61,36,-8.497690829535609e-06,3.5257306240517663e-05
61,37,-6.550486225173104e-06,4.684595753100783e-05
61,38,-1.0706153485112724e-05,5.811052763979481e-05
61,39,-9.500117227773022e-06,7.333940696912589e-05
61,40,-1.4519449772190684e-05,8.853805772835463e-05
61,41,-1.4512066389585831e-05,0.0001097269519192486
61,42,-2.0994960248994126e-05,0.00013177359410947707
61,43,-2.3062309832009404e-05,0.00016278679143263346
61,44,-3.219654152443772e-05,0.00019671239172118146
61,45,-3.808339955671448e-05,0.00024440170374014623
61,46,-5.232570390315796e-05,0.00029942500019083083
61,47,-6.571174184470635e-05,0.0003766699005422271
61,48,-9.046342453291711e-05,0.00047070568462812137
61,49,-0.00011968300629920745,0.0006032436864909594
61,50,-0.00016775825218410569,0.000773384429219438
61,51,-0.00023338053662381487,0.0010162351245586558
61,52,-0.00033811360069455065,0.0013448716852504363
61,53,-0.0004963680171639214,0.00182469496284379
61,54,-0.0007545394426000723,0.0025091608475639954
61,55,-0.0011786860792498527,0.0035402479298602438
61,56,-0.0019090842100984947,0.005086298113040618
61,57,-0.0032076907109728904,0.007488138622153056
61,58,-0.005601187279741718,0.011198956818555813
61,59,-0.010145366620402876,0.01691172983573717
61,60,-0.01883553569763259,0.025111660085333096
61,61,-0.03489957867260457,0.034902999752101656
61,62,-0.0609381889052954,0.04063766123793691
61,63,-0.0916855395666871,0.030644794717677927
62,0,-0.17957102125783025,-0.00015223244227952906
62,1,-0.1448702045544667,-0.0725181065647933
62,2,-0.0831479588178963,-0.0831479588178963
62,3,-0.040612840795159484,-0.0609381889052954
62,4,-0.0191864631701735,-0.0383494588723574
62,5,-0.009361234673548581,-0.023432187969257275
62,6,-0.00480837576829483,-0.014390063027778158
62,7,-0.0026086631920059066,-0.009170721825973753
62,8,-0.0015003980794653612,-0.005954793086885703
62,9,-0.0008909902942994744,-0.004061049167127688
62,10,-0.0005684575197964165,-0.002783579137174719
62,11,-0.000355709505356622,-0.002018982813595367
62,12,-0.0002520368256961479,-0.0014414009486069762
62,13,-0.00015826744915183304,-0.0011020206901408178
62,14,-0.00012743982992601278,-0.0008088930299945197
62,15,-7.513750937042263e-05,-0.0006471381751904471
62,16,-7.23697698176027e-05,-0.00048307868942414273
62,17,-3.6309372586262184e-05,-0.00040207019422532075
62,18,-4.5722216632747975e-05,-0.00030249671718024854
62,19,-1.662345205800421e-05,-0.00026055602448010577
62,20,-3.1874100680145956e-05,-0.00019604035915960286
62,21,-5.9766038791940305e-06,-0.00017373407064462713
62,22,-2.4267425824965258e-05,-0.00012976430369207354
62,23,7.009345805511491e-08,-0.00011738551111530743
62,24,-1.9919054236000318e-05,-8.62951519448609e-05
62,25,3.613555253048368e-06,-7.86846214858479e-05
62,26,-1.738275852678113e-05,-5.6161332728645735e-05
62,27,5.700762631781486e-06,-5.0397890711319573e-05
62,28,-1.5925203759620254e-05,-3.385915380882398e-05
62,29,6.871432211820461e-06,-2.815513416088919e-05
62,30,-1.5169639777323773e-05,-1.593699288379713e-05
62,31,7.3989957476428e-06,-9.068276760768046e-06
62,32,-1.4935654409561905e-05,1.546102724054579e-08
62,33,7.3989957476289225e-06,9.037280537305126e-06
62,34,-1.5169639777337651e-05,1.5968213037981238e-05
62,35,6.871432211820461e-06,2.8123535984629633e-05
62,36,-1.5925203759623724e-05,3.3891291512586075e-05
62,37,5.700762631766741e-06,5.036504116416249e-05
62,38,-1.7382758526787202e-05,5.61950811099176e-05
62,39,3.6135552530461995e-06,7.864976808118727e-05
62,40,-1.9919054236003245e-05,8.633134118722066e-05
62,41,7.00934580684506e-08,0.0001173477239473442
62,42,-2.426742582496271e-05,0.00012980399044503128
62,43,-5.976603879197988e-06,0.00017369213254365447
62,44,-3.1874100680142066e-05,0.0001960849640559345
62,45,-1.6623452057992934e-05,0.00026050825587350566
62,46,-4.572221663274854e-05,0.0003025482515304776
62,47,-3.630937258626676e-05,0.00040201415501368474
62,48,-7.236976981759977e-05,0.00048314015365012524
62,49,-7.513750937042721e-05,0.0006470701232032944
62,50,-0.00012743982992601335,0.0008089691630736133
62,51,-0.00015826744915183218,0.001101934523419881
62,52,-0.00025203682569615096,0.0014414997535978427
62,53,-0.00035570950535662336,0.0020188678161316195
62,54,-0.0005684575197964208,0.0027837153048861857
62,55,-0.0008909902942994818,0.004060884644119661
62,56,-0.0015003980794653605,0.005954996708407391
62,57,-0.002608663192005902,0.00917046233855199
62,58,-0.004808375768294829,0.01439040541896872
62,59,-0.009361234673548576,0.023431706762403248
62,60,-0.019186463170173498,0.038350004787482635
62,61,-0.040612840795159484,0.06093476782579832
62,62,-0.0831479588178963,0.0831231383751189
62,63,-0.1448702045544667,0.07235848130706914
63,0,-0.19956953075987616,0.0001522324422795398
63,1,-0.14900852579970436,-0.14900852579970433
63,2,-0.0725181065647933,-0.1448702045544667
63,3,-0.030485169459953748,-0.09168553956668708
63,4,-0.01288153881429662,-0.05121757713951388
63,5,-0.005789648336978515,-0.029333865783819184
63,6,-0.002873773536423342,-0.016779560661338674
63,7,-0.0014358944204163776,-0.010591035442557253
63,8,-0.0008830714867911736,-0.006447030997604021
63,9,-0.00042778718430074025,-0.004543658224393955
63,10,-0.00036349424185816594,-0.002862978786952266
63,11,-0.00012709067030671818,-0.00224495613667596
63,12,-0.00019532646778596413,-0.001417545828809126
63,13,-1.8217817591303116e-05,-0.001236656076282941
63,14,-0.00013147920782759058,-0.0007599271339593316
63,15,2.7449336406197716e-05,-0.0007402942715641047
63,16,-0.00010417664907346057,-0.00043161030442933083
63,17,4.8912022488550866e-05,-0.00047191100594233537
63,18,-9.140264609443574e-05,-0.00025553497209780673
63,19,5.994052465903028e-05,-0.00031487436095324443
63,20,-8.500165309255738e-05,-0.00015569634547970244
63,21,6.601695559373903e-05,-0.00021636985601614957
63,22,-8.16232789080289e-05,-9.651387481799528e-05
63,23,6.954388344551036e-05,-0.00015045108334318024
63,24,-7.977308449358687e-05,-6.007437105666523e-05
63,25,7.16583322106874e-05,-0.00010343524110652431
63,26,-7.873998796345105e-05,-3.6759604697048434e-05
63,27,7.29307406930643e-05,-6.760892789786817e-05
63,28,-7.816980503424532e-05,-2.1065765213802712e-05
63,29,7.365705564815576e-05,-3.829916799539396e-05
63,30,-7.788348709787674e-05,-9.596157075214551e-06
63,31,7.398817738460406e-05,-1.2401902909381368e-05
63,32,-7.779637390424587e-05,-1.546102724087105e-08
63,33,7.398817738459018e-05,1.2432899132802655e-05
63,34,-7.788348709789061e-05,9.564936921016565e-06
63,35,7.365705564815576e-05,3.8330766171643105e-05
63,36,-7.816980503424185e-05,2.1033627510054498e-05
63,37,7.293074069306214e-05,6.764177744502352e-05
63,38,-7.873998796346319e-05,3.6725856315766164e-05
63,39,7.165833221068002e-05,0.00010347009451115805
63,40,-7.977308449358747e-05,6.00381818143007e-05
63,41,6.954388344550949e-05,0.0001504888705111682
63,42,-8.16232789080334e-05,9.647418806505077e-05
63,43,6.60169555937453e-05,0.00021641179411711355
63,44,-8.500165309255209e-05,0.00015565174058336647
63,45,5.994052465902791e-05,0.00031492212955983024
63,46,-9.140264609442701e-05,0.00025548343774756945
63,47,4.8912022488560434e-05,0.0004719670451539792
63,48,-0.0001041766490734577,0.00043154884020335223
63,49,2.7449336406193403e-05,0.0007403623235512913
63,50,-0.00013147920782759573,0.00075985100088026
63,51,-1.8217817591303746e-05,0.001236742243003892
63,52,-0.00019532646778597272,0.0014174470238182777
63,53,-0.00012709067030672924,0.002245071134139706
63,54,-0.0003634942418581774,0.002862842619240807
63,55,-0.00042778718430074806,0.004543822747401996
63,56,-0.0008830714867911721,0.006446827376082336
63,57,-0.001435894420416364,0.010591294929979
63,58,-0.0028737735364233333,0.016779218270148097
63,59,-0.005789648336978528,0.0293343469906732
63,60,-0.012881538814296612,0.05121703122438863
63,61,-0.030485169459953734,0.09168896064618418
63,62,-0.07251810656479328,0.14489502499724413
63,63,-0.14900852579970433,0.1491681510574285
