64,64
0,0,0.08637541231806348,0.0
0,1,0.04475483244157041,0.0
0,2,0.014841223709338675,0.0
0,3,-0.006151903302235546,0.0
0,4,-0.020400427879133712,0.0
0,5,-0.029596960286496877,0.0
0,6,-0.03505248841019262,0.0
0,7,-0.0377773936237499,0.0
0,8,-0.03854591916683232,0.0
0,9,-0.03794738113439424,0.0
0,10,-0.036426770853697533,0.0
0,11,-0.034316879226136784,0.0
0,12,-0.031863655178373175,0.0
0,13,-0.029246172735373676,0.0
0,14,-0.02659230899872868,0.0
0,15,-0.023991015992502366,0.0
0,16,-0.021501892791909314,0.0
0,17,-0.019162622362022545,0.0
0,18,-0.01699472344803098,0.0
0,19,-0.015007976284743563,0.0
0,20,-0.013203807468177398,0.0
0,21,-0.011577860527080366,0.0
0,22,-0.010121931694263708,0.0
0,23,-0.008825412801955842,0.0
0,24,-0.007676353251444951,0.0
0,25,-0.006662229134084468,0.0
0,26,-0.005770488598361304,0.0
0,27,-0.004988927491633935,0.0
0,28,-0.004305937371071206,0.0
0,29,-0.003710658545692845,0.0
0,30,-0.003193063373725989,0.0
0,31,-0.0027439891903195883,0.0
0,32,-0.0023551356542323943,0.0
0,33,-0.0027439891903195883,0.0
0,34,-0.003193063373725989,0.0
0,35,-0.003710658545692845,0.0
0,36,-0.004305937371071206,0.0
0,37,-0.004988927491633935,0.0
0,38,-0.005770488598361304,0.0
0,39,-0.006662229134084468,0.0
0,40,-0.007676353251444951,0.0
0,41,-0.008825412801955842,0.0
0,42,-0.010121931694263708,0.0
0,43,-0.011577860527080366,0.0
0,44,-0.013203807468177398,0.0
0,45,-0.015007976284743563,0.0
0,46,-0.01699472344803098,0.0
0,47,-0.019162622362022545,0.0
0,48,-0.021501892791909314,0.0
0,49,-0.023991015992502366,0.0
0,50,-0.02659230899872868,0.0
0,51,-0.029246172735373676,0.0
0,52,-0.031863655178373175,0.0
0,53,-0.034316879226136784,0.0
0,54,-0.036426770853697533,0.0
0,55,-0.03794738113439424,0.0
0,56,-0.03854591916683232,0.0
0,57,-0.0377773936237499,0.0
0,58,-0.03505248841019262,0.0
0,59,-0.029596960286496877,0.0
0,60,-0.020400427879133712,0.0
0,61,-0.006151903302235546,0.0
0,62,0.014841223709338675,0.0
0,63,0.04475483244157041,0.0
1,0,0.04475483244157041,0.0
1,1,0.031118822814431405,0.0
1,2,0.00917087148795109,0.0
1,3,-0.008872732361035475,0.0
1,4,-0.0217755087186659,0.0
1,5,-0.030285428295892813,0.0
1,6,-0.035369652090153574,0.0
1,7,-0.03788869903736456,0.0
1,8,-0.038543313255445355,0.0
1,9,-0.037883769891836006,0.0
1,10,-0.03633314773979292,0.0
1,11,-0.03421146113556658,0.0
1,12,-0.03175701677077096,0.0
1,13,-0.029144246614316877,0.0
1,14,-0.02649819026298902,0.0
1,15,-0.02390607054465753,0.0
1,16,-0.021426447697313285,0.0
1,17,-0.019096399297413406,0.0
1,18,-0.016937111342448498,0.0
1,19,-0.014958201963042506,0.0
1,20,-0.013161041026620343,0.0
1,21,-0.011541278755954868,0.0
1,22,-0.010090754534957757,0.0
1,23,-0.008798922562311559,0.0
1,24,-0.007653902926335077,0.0
1,25,-0.006643243985471139,0.0
1,26,-0.005754463711857651,0.0
1,27,-0.004975423077979555,0.0
1,28,-0.004294572952040921,0.0
1,29,-0.0037011067462454786,0.0
1,30,-0.0031850437650154315,0.0
1,31,-0.0027372624450332974,0.0
1,32,-0.0023494981556995867,0.0
1,33,-0.0027372624450332974,0.0
1,34,-0.0031850437650154315,0.0
1,35,-0.0037011067462454786,0.0
1,36,-0.004294572952040921,0.0
1,37,-0.004975423077979555,0.0
1,38,-0.005754463711857651,0.0
1,39,-0.006643243985471139,0.0
1,40,-0.007653902926335077,0.0
1,41,-0.008798922562311559,0.0
1,42,-0.010090754534957757,0.0
1,43,-0.011541278755954868,0.0
1,44,-0.013161041026620343,0.0
1,45,-0.014958201963042506,0.0
1,46,-0.016937111342448498,0.0
1,47,-0.019096399297413406,0.0
1,48,-0.021426447697313285,0.0
1,49,-0.02390607054465753,0.0
1,50,-0.02649819026298902,0.0
1,51,-0.029144246614316877,0.0
1,52,-0.03175701677077096,0.0
1,53,-0.03421146113556658,0.0
1,54,-0.03633314773979292,0.0
1,55,-0.037883769891836006,0.0
1,56,-0.038543313255445355,0.0
1,57,-0.03788869903736456,0.0
1,58,-0.035369652090153574,0.0
1,59,-0.030285428295892813,0.0
1,60,-0.0217755087186659,0.0
1,61,-0.008872732361035475,0.0
1,62,0.00917087148795109,0.0
1,63,0.031118822814431405,0.0
2,0,0.014841223709338675,0.0
2,1,0.00917087148795109,0.0
2,2,-0.0030830057836658364,0.0
2,3,-0.015467951586725068,0.0
2,4,-0.025283926120308376,0.0
2,5,-0.032080070315734587,0.0
2,6,-0.036194449938449204,0.0
2,7,-0.038161520057327196,0.0
2,8,-0.03850608768310514,0.0
2,9,-0.03767940005253812,0.0
2,10,-0.036046824095835546,0.0
2,11,-0.03389384922105808,0.0
2,12,-0.031437752389108925,0.0
2,13,-0.028840021553998035,0.0
2,14,-0.026217706314167682,0.0
2,15,-0.02365312485316979,0.0
2,16,-0.02120187537833355,0.0
2,17,-0.018899303432064175,0.0
2,18,-0.016765641827356657,0.0
2,19,-0.01481004558512508,0.0
2,20,-0.013033725376887741,0.0
2,21,-0.011432355749963478,0.0
2,22,-0.009997906154827159,0.0
2,23,-0.008720016653155605,0.0
2,24,-0.007587017316480093,0.0
2,25,-0.006586670945839473,0.0
2,26,-0.005706702645740012,0.0
2,27,-0.0049351665961974355,0.0
2,28,-0.0042606896662707,0.0
2,29,-0.0036726228981178682,0.0
2,30,-0.0031611249993815835,0.0
2,31,-0.002717196499339582,0.0
2,32,-0.002332678884812643,0.0
2,33,-0.002717196499339582,0.0
2,34,-0.0031611249993815835,0.0
2,35,-0.0036726228981178682,0.0
2,36,-0.0042606896662707,0.0
2,37,-0.0049351665961974355,0.0
2,38,-0.005706702645740012,0.0
2,39,-0.006586670945839473,0.0
2,40,-0.007587017316480093,0.0
2,41,-0.008720016653155605,0.0
2,42,-0.009997906154827159,0.0
2,43,-0.011432355749963478,0.0
2,44,-0.013033725376887741,0.0
2,45,-0.01481004558512508,0.0
2,46,-0.016765641827356657,0.0
2,47,-0.018899303432064175,0.0
2,48,-0.02120187537833355,0.0
2,49,-0.02365312485316979,0.0
2,50,-0.026217706314167682,0.0
2,51,-0.028840021553998035,0.0
2,52,-0.031437752389108925,0.0
2,53,-0.03389384922105808,0.0
2,54,-0.036046824095835546,0.0
2,55,-0.03767940005253812,0.0
2,56,-0.03850608768310514,0.0
2,57,-0.038161520057327196,0.0
2,58,-0.036194449938449204,0.0
2,59,-0.032080070315734587,0.0
2,60,-0.025283926120308376,0.0
2,61,-0.015467951586725068,0.0
2,62,-0.0030830057836658364,0.0
2,63,0.00917087148795109,0.0
3,0,-0.006151903302235546,0.0
3,1,-0.008872732361035475,0.0
3,2,-0.015467951586725068,0.0
3,3,-0.023040468748929146,0.0
3,4,-0.029596960286496877,0.0
3,5,-0.034346410526913874,0.0
3,6,-0.037214954985952856,0.0
3,7,-0.0384409534831853,0.0
3,8,-0.038358528229201785,0.0
3,9,-0.03729937149666369,0.0
3,10,-0.03555407706628505,0.0
3,11,-0.0333611767432474,0.0
3,12,-0.030908337019631076,0.0
3,13,-0.02833835269119054,0.0
3,14,-0.025756515345263613,0.0
3,15,-0.023237823847699648,0.0
3,16,-0.02083341120306728,0.0
3,17,-0.018575994910558738,0.0
3,18,-0.016484358360939932,0.0
3,19,-0.014566956558473036,0.0
3,20,-0.012824768774634416,0.0
3,21,-0.011253522975456702,0.0
3,22,-0.009845406906858286,0.0
3,23,-0.008590366123446817,0.0
3,24,-0.007477073761053383,0.0
3,25,-0.006493642257264215,0.0
3,26,-0.005628134261377946,0.0
3,27,-0.004868918859457686,0.0
3,28,-0.004204909923291621,0.0
3,29,-0.003625715706975905,0.0
3,30,-0.0031217225510852186,0.0
3,31,-0.0026841304972852523,0.0
3,32,-0.0023049545656072005,0.0
3,33,-0.0026841304972852523,0.0
3,34,-0.0031217225510852186,0.0
3,35,-0.003625715706975905,0.0
3,36,-0.004204909923291621,0.0
3,37,-0.004868918859457686,0.0
3,38,-0.005628134261377946,0.0
3,39,-0.006493642257264215,0.0
3,40,-0.007477073761053383,0.0
3,41,-0.008590366123446817,0.0
3,42,-0.009845406906858286,0.0
3,43,-0.011253522975456702,0.0
3,44,-0.012824768774634416,0.0
3,45,-0.014566956558473036,0.0
3,46,-0.016484358360939932,0.0
3,47,-0.018575994910558738,0.0
3,48,-0.02083341120306728,0.0
3,49,-0.023237823847699648,0.0
3,50,-0.025756515345263613,0.0
3,51,-0.02833835269119054,0.0
3,52,-0.030908337019631076,0.0
3,53,-0.0333611767432474,0.0
3,54,-0.03555407706628505,0.0
3,55,-0.03729937149666369,0.0
3,56,-0.038358528229201785,0.0
3,57,-0.0384409534831853,0.0
3,58,-0.037214954985952856,0.0
3,59,-0.034346410526913874,0.0
3,60,-0.029596960286496877,0.0
3,61,-0.023040468748929146,0.0
3,62,-0.015467951586725068,0.0
3,63,-0.008872732361035475,0.0
4,0,-0.020400427879133712,0.0
4,1,-0.0217755087186659,0.0
4,2,-0.025283926120308376,0.0
4,3,-0.029596960286496877,0.0
4,4,-0.03353366142621698,0.0
4,5,-0.036431216275517854,0.0
4,6,-0.038080246244182804,0.0
4,7,-0.038543313255445355,0.0
4,8,-0.03800855996503652,0.0
4,9,-0.03670149439117898,0.0
4,10,-0.03483954789118895,0.0
4,11,-0.03261212522447491,0.0
4,12,-0.030174388601983352,0.0
4,13,-0.027647872959512314,0.0
4,14,-0.025124138875441952,0.0
4,15,-0.022669467391629426,0.0
4,16,-0.02032959692868476,0.0
4,17,-0.01813404123529021,0.0
4,18,-0.016099812384950226,0.0
4,19,-0.01423451878037093,0.0
4,20,-0.012538878386267945,0.0
4,21,-0.011008716988200388,0.0
4,22,-0.009636529479084662,0.0
4,23,-0.008412679647160205,0.0
4,24,-0.007326306505873491,0.0
4,25,-0.006365996007786266,0.0
4,26,-0.005520267659460514,0.0
4,27,-0.004777916902815307,0.0
4,28,-0.004128246488783336,0.0
4,29,-0.0035612135299280924,0.0
4,30,-0.0030675134401974805,0.0
4,31,-0.002638617451980039,0.0
4,32,-0.0022667767203098784,0.0
4,33,-0.002638617451980039,0.0
4,34,-0.0030675134401974805,0.0
4,35,-0.0035612135299280924,0.0
4,36,-0.004128246488783336,0.0
4,37,-0.004777916902815307,0.0
4,38,-0.005520267659460514,0.0
4,39,-0.006365996007786266,0.0
4,40,-0.007326306505873491,0.0
4,41,-0.008412679647160205,0.0
4,42,-0.009636529479084662,0.0
4,43,-0.011008716988200388,0.0
4,44,-0.012538878386267945,0.0
4,45,-0.01423451878037093,0.0
4,46,-0.016099812384950226,0.0
4,47,-0.01813404123529021,0.0
4,48,-0.02032959692868476,0.0
4,49,-0.022669467391629426,0.0
4,50,-0.025124138875441952,0.0
4,51,-0.027647872959512314,0.0
4,52,-0.030174388601983352,0.0
4,53,-0.03261212522447491,0.0
4,54,-0.03483954789118895,0.0
4,55,-0.03670149439117898,0.0
4,56,-0.03800855996503652,0.0
4,57,-0.038543313255445355,0.0
4,58,-0.038080246244182804,0.0
4,59,-0.036431216275517854,0.0
4,60,-0.03353366142621698,0.0
4,61,-0.029596960286496877,0.0
4,62,-0.025283926120308376,0.0
4,63,-0.0217755087186659,0.0
5,0,-0.029596960286496877,0.0
5,1,-0.030285428295892813,0.0
5,2,-0.032080070315734587,0.0
5,3,-0.034346410526913874,0.0
5,4,-0.036431216275517854,0.0
5,5,-0.03788869903736456,0.0
5,6,-0.03852093687982136,0.0
5,7,-0.03831784849854667,0.0
5,8,-0.037378910947944446,0.0
5,9,-0.03585184888667505,0.0
5,10,-0.03389384922105808,0.0
5,11,-0.03165048065279389,0.0
5,12,-0.029246172735373676,0.0
5,13,-0.026781477428361837,0.0
5,14,-0.024333958727474545,0.0
5,15,-0.021960794109884718,0.0
5,16,-0.019701990142643896,0.0
5,17,-0.01758362000871889,0.0
5,18,-0.01562078992931548,0.0
5,19,-0.01382021256850953,0.0
5,20,-0.012182359505924894,0.0
5,21,-0.010703213476603282,0.0
5,22,-0.009375663538073249,0.0
5,23,-0.00819059412092511,0.0
5,24,-0.007137718832341472,0.0
5,25,-0.006206205863393187,0.0
5,26,-0.005385136160840561,0.0
5,27,-0.004663829418256412,0.0
5,28,-0.004032067082566455,0.0
5,29,-0.0034802362784495068,0.0
5,30,-0.0029994139452487706,0.0
5,31,-0.002581406571209836,0.0
5,32,-0.002218757653692788,0.0
5,33,-0.002581406571209836,0.0
5,34,-0.0029994139452487706,0.0
5,35,-0.0034802362784495068,0.0
5,36,-0.004032067082566455,0.0
5,37,-0.004663829418256412,0.0
5,38,-0.005385136160840561,0.0
5,39,-0.006206205863393187,0.0
5,40,-0.007137718832341472,0.0
5,41,-0.00819059412092511,0.0
5,42,-0.009375663538073249,0.0
5,43,-0.010703213476603282,0.0
5,44,-0.012182359505924894,0.0
5,45,-0.01382021256850953,0.0
5,46,-0.01562078992931548,0.0
5,47,-0.01758362000871889,0.0
5,48,-0.019701990142643896,0.0
5,49,-0.021960794109884718,0.0
5,50,-0.024333958727474545,0.0
5,51,-0.026781477428361837,0.0
5,52,-0.029246172735373676,0.0
5,53,-0.03165048065279389,0.0
5,54,-0.03389384922105808,0.0
5,55,-0.03585184888667505,0.0
5,56,-0.037378910947944446,0.0
5,57,-0.03831784849854667,0.0
5,58,-0.03852093687982136,0.0
5,59,-0.03788869903736456,0.0
5,60,-0.036431216275517854,0.0
5,61,-0.034346410526913874,0.0
5,62,-0.032080070315734587,0.0
5,63,-0.030285428295892813,0.0
6,0,-0.03505248841019262,0.0
6,1,-0.035369652090153574,0.0
6,2,-0.036194449938449204,0.0
6,3,-0.037214954985952856,0.0
6,4,-0.038080246244182804,0.0
6,5,-0.03852093687982136,0.0
6,6,-0.03839571080749347,0.0
6,7,-0.03767940005253812,0.0
6,8,-0.036426770853697533,0.0
6,9,-0.03473568559960101,0.0
6,10,-0.03271920030179997,0.0
6,11,-0.030487783825963167,0.0
6,12,-0.028139632943737978,0.0
6,13,-0.025756515345263613,0.0
6,14,-0.023403005922762874,0.0
6,15,-0.021127602643752633,0.0
6,16,-0.018964740829429626,0.0
6,17,-0.016937111342448498,0.0
6,18,-0.015057946449846756,0.0
6,19,-0.013333100580337856,0.0
6,20,-0.011762852181121964,0.0
6,21,-0.010343410068852163,0.0
6,22,-0.009068138653616489,0.0
6,23,-0.00792853144488327,0.0
6,24,-0.006914967876162431,0.0
6,25,-0.0060172888101436145,0.0
6,26,-0.0052252236232748946,0.0
6,27,-0.004528698026687264,0.0
6,28,-0.0039180476368301,0.0
6,29,-0.0033841582517680807,0.0
6,30,-0.002918550067762228,0.0
6,31,-0.002513419793752706,0.0
6,32,-0.0021616518149952324,0.0
6,33,-0.002513419793752706,0.0
6,34,-0.002918550067762228,0.0
6,35,-0.0033841582517680807,0.0
6,36,-0.0039180476368301,0.0
6,37,-0.004528698026687264,0.0
6,38,-0.0052252236232748946,0.0
6,39,-0.0060172888101436145,0.0
6,40,-0.006914967876162431,0.0
6,41,-0.00792853144488327,0.0
6,42,-0.009068138653616489,0.0
6,43,-0.010343410068852163,0.0
6,44,-0.011762852181121964,0.0
6,45,-0.013333100580337856,0.0
6,46,-0.015057946449846756,0.0
6,47,-0.016937111342448498,0.0
6,48,-0.018964740829429626,0.0
6,49,-0.021127602643752633,0.0
6,50,-0.023403005922762874,0.0
6,51,-0.025756515345263613,0.0
6,52,-0.028139632943737978,0.0
6,53,-0.030487783825963167,0.0
6,54,-0.03271920030179997,0.0
6,55,-0.03473568559960101,0.0
6,56,-0.036426770853697533,0.0
6,57,-0.03767940005253812,0.0
6,58,-0.03839571080749347,0.0
6,59,-0.03852093687982136,0.0
6,60,-0.038080246244182804,0.0
6,61,-0.037214954985952856,0.0
6,62,-0.036194449938449204,0.0
6,63,-0.035369652090153574,0.0
7,0,-0.0377773936237499,0.0
7,1,-0.03788869903736456,0.0
7,2,-0.038161520057327196,0.0
7,3,-0.0384409534831853,0.0
7,4,-0.038543313255445355,0.0
7,5,-0.03831784849854667,0.0
7,6,-0.03767940005253812,0.0
7,7,-0.036610996534388505,0.0
7,8,-0.03514869341155454,0.0
7,9,-0.0333611767432474,0.0
7,10,-0.03133157796155874,0.0
7,11,-0.029144246614316877,0.0
7,12,-0.026876525163311436,0.0
7,13,-0.024594492989895446,0.0
7,14,-0.02235146219575557,0.0
7,15,-0.020188189519978316,0.0
7,16,-0.01813404123529021,0.0
7,17,-0.016208596870314368,0.0
7,18,-0.01442336960695521,0.0
7,19,-0.01278345653176585,0.0
7,20,-0.01128902170545435,0.0
7,21,-0.009936571642367643,0.0
7,22,-0.008720016653155605,0.0
7,23,-0.007631530372248576,0.0
7,24,-0.006662229134084468,0.0
7,25,-0.005802696374499351,0.0
7,26,-0.0050433773436233155,0.0
7,27,-0.004374867677629899,0.0
7,28,-0.0037881167569637103,0.0
7,29,-0.0032745638621026105,0.0
7,30,-0.002826222260699625,0.0
7,31,-0.002435723701698483,0.0
7,32,-0.0020963334355767796,0.0
7,33,-0.002435723701698483,0.0
7,34,-0.002826222260699625,0.0
7,35,-0.0032745638621026105,0.0
7,36,-0.0037881167569637103,0.0
7,37,-0.004374867677629899,0.0
7,38,-0.0050433773436233155,0.0
7,39,-0.005802696374499351,0.0
7,40,-0.006662229134084468,0.0
7,41,-0.007631530372248576,0.0
7,42,-0.008720016653155605,0.0
7,43,-0.009936571642367643,0.0
7,44,-0.01128902170545435,0.0
7,45,-0.01278345653176585,0.0
7,46,-0.01442336960695521,0.0
7,47,-0.016208596870314368,0.0
7,48,-0.01813404123529021,0.0
7,49,-0.020188189519978316,0.0
7,50,-0.02235146219575557,0.0
7,51,-0.024594492989895446,0.0
7,52,-0.026876525163311436,0.0
7,53,-0.029144246614316877,0.0
7,54,-0.03133157796155874,0.0
7,55,-0.0333611767432474,0.0
7,56,-0.03514869341155454,0.0
7,57,-0.036610996534388505,0.0
7,58,-0.03767940005253812,0.0
7,59,-0.03831784849854667,0.0
7,60,-0.038543313255445355,0.0
7,61,-0.0384409534831853,0.0
7,62,-0.038161520057327196,0.0
7,63,-0.03788869903736456,0.0
8,0,-0.03854591916683232,0.0
8,1,-0.038543313255445355,0.0
8,2,-0.03850608768310514,0.0
8,3,-0.038358528229201785,0.0
8,4,-0.03800855996503652,0.0
8,5,-0.037378910947944446,0.0
8,6,-0.036426770853697533,0.0
8,7,-0.03514869341155454,0.0
8,8,-0.033574630489933185,0.0
8,9,-0.03175701677077096,0.0
8,10,-0.029759516676560967,0.0
8,11,-0.027647872959512314,0.0
8,12,-0.025483592960483577,0.0
8,13,-0.023320258850078237,0.0
8,14,-0.02120187537833355,0.0
8,15,-0.019162622362022545,0.0
8,16,-0.0172274753926457,0.0
8,17,-0.01541329320504691,0.0
8,18,-0.013730096020374918,0.0
8,19,-0.012182359505924894,0.0
8,20,-0.01077022214034468,0.0
8,21,-0.009490553828688438,0.0
8,22,-0.008337866031076923,0.0
8,23,-0.007305063459487809,0.0
8,24,-0.006384048560725438,0.0
8,25,-0.005566195507904009,0.0
8,26,-0.004842712367081849,0.0
8,27,-0.004204909923291621,0.0
8,28,-0.0036443942903992698,0.0
8,29,-0.0031531985018065653,0.0
8,30,-0.0027238661620020213,0.0
8,31,-0.0023494981556995867,0.0
8,32,-0.0020237714842183817,0.0
8,33,-0.0023494981556995867,0.0
8,34,-0.0027238661620020213,0.0
8,35,-0.0031531985018065653,0.0
8,36,-0.0036443942903992698,0.0
8,37,-0.004204909923291621,0.0
8,38,-0.004842712367081849,0.0
8,39,-0.005566195507904009,0.0
8,40,-0.006384048560725438,0.0
8,41,-0.007305063459487809,0.0
8,42,-0.008337866031076923,0.0
8,43,-0.009490553828688438,0.0
8,44,-0.01077022214034468,0.0
8,45,-0.012182359505924894,0.0
8,46,-0.013730096020374918,0.0
8,47,-0.01541329320504691,0.0
8,48,-0.0172274753926457,0.0
8,49,-0.019162622362022545,0.0
8,50,-0.02120187537833355,0.0
8,51,-0.023320258850078237,0.0
8,52,-0.025483592960483577,0.0
8,53,-0.027647872959512314,0.0
8,54,-0.029759516676560967,0.0
8,55,-0.03175701677077096,0.0
8,56,-0.033574630489933185,0.0
8,57,-0.03514869341155454,0.0
8,58,-0.036426770853697533,0.0
8,59,-0.037378910947944446,0.0
8,60,-0.03800855996503652,0.0
8,61,-0.038358528229201785,0.0
8,62,-0.03850608768310514,0.0
8,63,-0.038543313255445355,0.0
9,0,-0.03794738113439424,0.0
9,1,-0.037883769891836006,0.0
9,2,-0.03767940005253812,0.0
9,3,-0.03729937149666369,0.0
9,4,-0.03670149439117898,0.0
9,5,-0.03585184888667505,0.0
9,6,-0.03473568559960101,0.0
9,7,-0.0333611767432474,0.0
9,8,-0.03175701677077096,0.0
9,9,-0.029966508171658333,0.0
9,10,-0.028040700616868156,0.0
9,11,-0.026032284578009816,0.0
9,12,-0.023991015992502366,0.0
9,13,-0.021960794109884718,0.0
9,14,-0.01997816588983809,0.0
9,15,-0.01807190472219962,0.0
9,16,-0.016263313003287292,0.0
9,17,-0.014566956558473036,0.0
9,18,-0.01299161233203527,0.0
9,19,-0.011541278755954868,0.0
9,20,-0.01021615311947652,0.0
9,21,-0.009013521028635842,0.0
9,22,-0.00792853144488327,0.0
9,23,-0.006954849454662038,0.0
9,24,-0.006085190410150115,0.0
9,25,-0.005311745540408896,0.0
9,26,-0.004626512217147777,0.0
9,27,-0.004021542981955895,0.0
9,28,-0.0034891270548902116,0.0
9,29,-0.0030219169277577516,0.0
9,30,-0.0026130111807283053,0.0
9,31,-0.002256003089414882,0.0
9,32,-0.0019450030564040451,0.0
9,33,-0.002256003089414882,0.0
9,34,-0.0026130111807283053,0.0
9,35,-0.0030219169277577516,0.0
9,36,-0.0034891270548902116,0.0
9,37,-0.004021542981955895,0.0
9,38,-0.004626512217147777,0.0
9,39,-0.005311745540408896,0.0
9,40,-0.006085190410150115,0.0
9,41,-0.006954849454662038,0.0
9,42,-0.00792853144488327,0.0
9,43,-0.009013521028635842,0.0
9,44,-0.01021615311947652,0.0
9,45,-0.011541278755954868,0.0
9,46,-0.01299161233203527,0.0
9,47,-0.014566956558473036,0.0
9,48,-0.016263313003287292,0.0
9,49,-0.01807190472219962,0.0
9,50,-0.01997816588983809,0.0
9,51,-0.021960794109884718,0.0
9,52,-0.023991015992502366,0.0
9,53,-0.026032284578009816,0.0
9,54,-0.028040700616868156,0.0
9,55,-0.029966508171658333,0.0
9,56,-0.03175701677077096,0.0
9,57,-0.0333611767432474,0.0
9,58,-0.03473568559960101,0.0
9,59,-0.03585184888667505,0.0
9,60,-0.03670149439117898,0.0
9,61,-0.03729937149666369,0.0
9,62,-0.03767940005253812,0.0
9,63,-0.037883769891836006,0.0
10,0,-0.036426770853697533,0.0
10,1,-0.03633314773979292,0.0
10,2,-0.036046824095835546,0.0
10,3,-0.03555407706628505,0.0
10,4,-0.03483954789118895,0.0
10,5,-0.03389384922105808,0.0
10,6,-0.03271920030179997,0.0
10,7,-0.03133157796155874,0.0
10,8,-0.029759516676560967,0.0
10,9,-0.028040700616868156,0.0
10,10,-0.026217706314167682,0.0
10,11,-0.024333958727474545,0.0
10,12,-0.022430505359191274,0.0
10,13,-0.02054381479622598,0.0
10,14,-0.018704546616548856,0.0
10,15,-0.016937111342448498,0.0
10,16,-0.01525980263545206,0.0
10,17,-0.013685299225910634,0.0
10,18,-0.012221371904827942,0.0
10,19,-0.010871673627747195,0.0
10,20,-0.009636529479084662,0.0
10,21,-0.008513674492248957,0.0
10,22,-0.007498910671442148,0.0
10,23,-0.006586670945839473,0.0
10,24,-0.005770488598361304,0.0
10,25,-0.0050433773436233155,0.0
10,26,-0.004398130883253574,0.0
10,27,-0.0038275523931435426,0.0
10,28,-0.003324624710423984,0.0
10,29,-0.0028826315019210573,0.0
10,30,-0.002495238767138992,0.0
10,31,-0.0021565448960357745,0.0
10,32,-0.0018611063181770636,0.0
10,33,-0.0021565448960357745,0.0
10,34,-0.002495238767138992,0.0
10,35,-0.0028826315019210573,0.0
10,36,-0.003324624710423984,0.0
10,37,-0.0038275523931435426,0.0
10,38,-0.004398130883253574,0.0
10,39,-0.0050433773436233155,0.0
10,40,-0.005770488598361304,0.0
10,41,-0.006586670945839473,0.0
10,42,-0.007498910671442148,0.0
10,43,-0.008513674492248957,0.0
10,44,-0.009636529479084662,0.0
10,45,-0.010871673627747195,0.0
10,46,-0.012221371904827942,0.0
10,47,-0.013685299225910634,0.0
10,48,-0.01525980263545206,0.0
10,49,-0.016937111342448498,0.0
10,50,-0.018704546616548856,0.0
10,51,-0.02054381479622598,0.0
10,52,-0.022430505359191274,0.0
10,53,-0.024333958727474545,0.0
10,54,-0.026217706314167682,0.0
10,55,-0.028040700616868156,0.0
10,56,-0.029759516676560967,0.0
10,57,-0.03133157796155874,0.0
10,58,-0.03271920030179997,0.0
10,59,-0.03389384922105808,0.0
10,60,-0.03483954789118895,0.0
10,61,-0.03555407706628505,0.0
10,62,-0.036046824095835546,0.0
10,63,-0.03633314773979292,0.0
11,0,-0.034316879226136784,0.0
11,1,-0.03421146113556658,0.0
11,2,-0.03389384922105808,0.0
11,3,-0.0333611767432474,0.0
11,4,-0.03261212522447491,0.0
11,5,-0.03165048065279389,0.0
11,6,-0.030487783825963167,0.0
11,7,-0.029144246614316877,0.0
11,8,-0.027647872959512314,0.0
11,9,-0.026032284578009816,0.0
11,10,-0.024333958727474545,0.0
11,11,-0.022589507236823163,0.0
11,12,-0.02083341120306728,0.0
11,13,-0.019096399297413406,0.0
11,14,-0.017404485020211365,0.0
11,15,-0.015778575323535566,0.0
11,16,-0.01423451878037093,0.0
11,17,-0.01278345653176585,0.0
11,18,-0.011432355749963478,0.0
11,19,-0.010184630493781557,0.0
11,20,-0.009040780830059018,0.0
11,21,-0.007999004005994318,0.0
11,22,-0.007055749800476987,0.0
11,23,-0.006206205863393187,0.0
11,24,-0.005444708438693621,0.0
11,25,-0.004765080159550274,0.0
11,26,-0.004160900404031892,0.0
11,27,-0.003625715706975905,0.0
11,28,-0.0031531985018065653,0.0
11,29,-0.0027372624450332974,0.0
11,30,-0.0023721420704751594,0.0
11,31,-0.002052443751168631,0.0
11,32,-0.001773174064266867,0.0
11,33,-0.002052443751168631,0.0
11,34,-0.0023721420704751594,0.0
11,35,-0.0027372624450332974,0.0
11,36,-0.0031531985018065653,0.0
11,37,-0.003625715706975905,0.0
11,38,-0.004160900404031892,0.0
11,39,-0.004765080159550274,0.0
11,40,-0.005444708438693621,0.0
11,41,-0.006206205863393187,0.0
11,42,-0.007055749800476987,0.0
11,43,-0.007999004005994318,0.0
11,44,-0.009040780830059018,0.0
11,45,-0.010184630493781557,0.0
11,46,-0.011432355749963478,0.0
11,47,-0.01278345653176585,0.0
11,48,-0.01423451878037093,0.0
11,49,-0.015778575323535566,0.0
11,50,-0.017404485020211365,0.0
11,51,-0.019096399297413406,0.0
11,52,-0.02083341120306728,0.0
11,53,-0.022589507236823163,0.0
11,54,-0.024333958727474545,0.0
11,55,-0.026032284578009816,0.0
11,56,-0.027647872959512314,0.0
11,57,-0.029144246614316877,0.0
11,58,-0.030487783825963167,0.0
11,59,-0.03165048065279389,0.0
11,60,-0.03261212522447491,0.0
11,61,-0.0333611767432474,0.0
11,62,-0.03389384922105808,0.0
11,63,-0.03421146113556658,0.0
12,0,-0.031863655178373175,0.0
12,1,-0.03175701677077096,0.0
12,2,-0.031437752389108925,0.0
12,3,-0.030908337019631076,0.0
12,4,-0.030174388601983352,0.0
12,5,-0.029246172735373676,0.0
12,6,-0.028139632943737978,0.0
12,7,-0.026876525163311436,0.0
12,8,-0.025483592960483577,0.0
12,9,-0.023991015992502366,0.0
12,10,-0.022430505359191274,0.0
12,11,-0.02083341120306728,0.0
12,12,-0.019229109308878792,0.0
12,13,-0.017643808522136394,0.0
12,14,-0.016099812384950226,0.0
12,15,-0.014615194422953259,0.0
12,16,-0.013203807468177398,0.0
12,17,-0.011875535340631965,0.0
12,18,-0.010636700327586785,0.0
12,19,-0.009490553828688438,0.0
12,20,-0.008437794405153186,0.0
12,21,-0.007477073761053383,0.0
12,22,-0.006605465142658031,0.0
12,23,-0.005818879669402468,0.0
12,24,-0.0051124242680575145,0.0
12,25,-0.004480700549752624,0.0
12,26,-0.0039180476368301,0.0
12,27,-0.0034187340961987557,0.0
12,28,-0.002977105190418111,0.0
12,29,-0.0025876919603892256,0.0
12,30,-0.0022452884687686647,0.0
12,31,-0.0019450030564040451,0.0
12,32,-0.001682288833956423,0.0
12,33,-0.0019450030564040451,0.0
12,34,-0.0022452884687686647,0.0
12,35,-0.0025876919603892256,0.0
12,36,-0.002977105190418111,0.0
12,37,-0.0034187340961987557,0.0
12,38,-0.0039180476368301,0.0
12,39,-0.004480700549752624,0.0
12,40,-0.0051124242680575145,0.0
12,41,-0.005818879669402468,0.0
12,42,-0.006605465142658031,0.0
12,43,-0.007477073761053383,0.0
12,44,-0.008437794405153186,0.0
12,45,-0.009490553828688438,0.0
12,46,-0.010636700327586785,0.0
12,47,-0.011875535340631965,0.0
12,48,-0.013203807468177398,0.0
12,49,-0.014615194422953259,0.0
12,50,-0.016099812384950226,0.0
12,51,-0.017643808522136394,0.0
12,52,-0.019229109308878792,0.0
12,53,-0.02083341120306728,0.0
12,54,-0.022430505359191274,0.0
12,55,-0.023991015992502366,0.0
12,56,-0.025483592960483577,0.0
12,57,-0.026876525163311436,0.0
12,58,-0.028139632943737978,0.0
12,59,-0.029246172735373676,0.0
12,60,-0.030174388601983352,0.0
12,61,-0.030908337019631076,0.0
12,62,-0.031437752389108925,0.0
12,63,-0.03175701677077096,0.0
13,0,-0.029246172735373676,0.0
13,1,-0.029144246614316877,0.0
13,2,-0.028840021553998035,0.0
13,3,-0.02833835269119054,0.0
13,4,-0.027647872959512314,0.0
13,5,-0.026781477428361837,0.0
13,6,-0.025756515345263613,0.0
13,7,-0.024594492989895446,0.0
13,8,-0.023320258850078237,0.0
13,9,-0.021960794109884718,0.0
13,10,-0.02054381479622598,0.0
13,11,-0.019096399297413406,0.0
13,12,-0.017643808522136394,0.0
13,13,-0.016208596870314368,0.0
13,14,-0.01481004558512508,0.0
13,15,-0.01346389970999396,0.0
13,16,-0.012182359505924894,0.0
13,17,-0.01097426435225288,0.0
13,18,-0.009845406906858286,0.0
13,19,-0.008798922562311559,0.0
13,20,-0.007835709931361534,0.0
13,21,-0.006954849454662038,0.0
13,22,-0.006153997624570594,0.0
13,23,-0.005429742996161842,0.0
13,24,-0.004777916902815307,0.0
13,25,-0.004193856720642834,0.0
13,26,-0.0036726228981178682,0.0
13,27,-0.0032091730971835703,0.0
13,28,-0.002798497981753202,0.0
13,29,-0.002435723701698483,0.0
13,30,-0.0021161861691515733,0.0
13,31,-0.0018354819749915703,0.0
13,32,-0.0015895003698736976,0.0
13,33,-0.0018354819749915703,0.0
13,34,-0.0021161861691515733,0.0
13,35,-0.002435723701698483,0.0
13,36,-0.002798497981753202,0.0
13,37,-0.0032091730971835703,0.0
13,38,-0.0036726228981178682,0.0
13,39,-0.004193856720642834,0.0
13,40,-0.004777916902815307,0.0
13,41,-0.005429742996161842,0.0
13,42,-0.006153997624570594,0.0
13,43,-0.006954849454662038,0.0
13,44,-0.007835709931361534,0.0
13,45,-0.008798922562311559,0.0
13,46,-0.009845406906858286,0.0
13,47,-0.01097426435225288,0.0
13,48,-0.012182359505924894,0.0
13,49,-0.01346389970999396,0.0
13,50,-0.01481004558512508,0.0
13,51,-0.016208596870314368,0.0
13,52,-0.017643808522136394,0.0
13,53,-0.019096399297413406,0.0
13,54,-0.02054381479622598,0.0
13,55,-0.021960794109884718,0.0
13,56,-0.023320258850078237,0.0
13,57,-0.024594492989895446,0.0
13,58,-0.025756515345263613,0.0
13,59,-0.026781477428361837,0.0
13,60,-0.027647872959512314,0.0
13,61,-0.02833835269119054,0.0
13,62,-0.028840021553998035,0.0
13,63,-0.029144246614316877,0.0
14,0,-0.02659230899872868,0.0
14,1,-0.02649819026298902,0.0
14,2,-0.026217706314167682,0.0
14,3,-0.025756515345263613,0.0
14,4,-0.025124138875441952,0.0
14,5,-0.024333958727474545,0.0
14,6,-0.023403005922762874,0.0
14,7,-0.02235146219575557,0.0
14,8,-0.02120187537833355,0.0
14,9,-0.01997816588983809,0.0
14,10,-0.018704546616548856,0.0
14,11,-0.017404485020211365,0.0
14,12,-0.016099812384950226,0.0
14,13,-0.01481004558512508,0.0
14,14,-0.013551945639593787,0.0
14,15,-0.01233930374361288,0.0
14,16,-0.011182923202607921,0.0
14,17,-0.010090754534957757,0.0
14,18,-0.009068138653616489,0.0
14,19,-0.008118116540256728,0.0
14,20,-0.007241770513994297,0.0
14,21,-0.006438570036070668,0.0
14,22,-0.005706702645740012,0.0
14,23,-0.0050433773436233155,0.0
14,24,-0.004445093208605426,0.0
14,25,-0.003907870211507129,0.0
14,26,-0.0034274421883523885,0.0
14,27,-0.0029994139452487706,0.0
14,28,-0.002619385691436378,0.0
14,29,-0.002283048630825202,0.0
14,30,-0.0019862557527375543,0.0
14,31,-0.0017250717857072687,0.0
14,32,-0.0014958060196418037,0.0
14,33,-0.0017250717857072687,0.0
14,34,-0.0019862557527375543,0.0
14,35,-0.002283048630825202,0.0
14,36,-0.002619385691436378,0.0
14,37,-0.0029994139452487706,0.0
14,38,-0.0034274421883523885,0.0
14,39,-0.003907870211507129,0.0
14,40,-0.004445093208605426,0.0
14,41,-0.0050433773436233155,0.0
14,42,-0.005706702645740012,0.0
14,43,-0.006438570036070668,0.0
14,44,-0.007241770513994297,0.0
14,45,-0.008118116540256728,0.0
14,46,-0.009068138653616489,0.0
14,47,-0.010090754534957757,0.0
14,48,-0.011182923202607921,0.0
14,49,-0.01233930374361288,0.0
14,50,-0.013551945639593787,0.0
14,51,-0.01481004558512508,0.0
14,52,-0.016099812384950226,0.0
14,53,-0.017404485020211365,0.0
14,54,-0.018704546616548856,0.0
14,55,-0.01997816588983809,0.0
14,56,-0.02120187537833355,0.0
14,57,-0.02235146219575557,0.0
14,58,-0.023403005922762874,0.0
14,59,-0.024333958727474545,0.0
14,60,-0.025124138875441952,0.0
14,61,-0.025756515345263613,0.0
14,62,-0.026217706314167682,0.0
14,63,-0.02649819026298902,0.0
15,0,-0.023991015992502366,0.0
15,1,-0.02390607054465753,0.0
15,2,-0.02365312485316979,0.0
15,3,-0.023237823847699648,0.0
15,4,-0.022669467391629426,0.0
15,5,-0.021960794109884718,0.0
15,6,-0.021127602643752633,0.0
15,7,-0.020188189519978316,0.0
15,8,-0.019162622362022545,0.0
15,9,-0.01807190472219962,0.0
15,10,-0.016937111342448498,0.0
15,11,-0.015778575323535566,0.0
15,12,-0.014615194422953259,0.0
15,13,-0.01346389970999396,0.0
15,14,-0.01233930374361288,0.0
15,15,-0.011253522975456702,0.0
15,16,-0.01021615311947652,0.0
15,17,-0.009234367292877023,0.0
15,18,-0.008313103829084139,0.0
15,19,-0.007455312137994714,0.0
15,20,-0.006662229134084468,0.0
15,21,-0.005933664139486536,0.0
15,22,-0.005268275763994378,0.0
15,23,-0.004663829418256412,0.0
15,24,-0.004117428491830092,0.0
15,25,-0.003625715706975905,0.0
15,26,-0.0031850437650154315,0.0
15,27,-0.0027916162347921903,0.0
15,28,-0.0024416008252721665,0.0
15,29,-0.0021312178745655965,0.0
15,30,-0.001856807202684972,0.0
15,31,-0.0016148765237869202,0.0
15,32,-0.0014021344834444708,0.0
15,33,-0.0016148765237869202,0.0
15,34,-0.001856807202684972,0.0
15,35,-0.0021312178745655965,0.0
15,36,-0.0024416008252721665,0.0
15,37,-0.0027916162347921903,0.0
15,38,-0.0031850437650154315,0.0
15,39,-0.003625715706975905,0.0
15,40,-0.004117428491830092,0.0
15,41,-0.004663829418256412,0.0
15,42,-0.005268275763994378,0.0
15,43,-0.005933664139486536,0.0
15,44,-0.006662229134084468,0.0
15,45,-0.007455312137994714,0.0
15,46,-0.008313103829084139,0.0
15,47,-0.009234367292877023,0.0
15,48,-0.01021615311947652,0.0
15,49,-0.011253522975456702,0.0
15,50,-0.01233930374361288,0.0
15,51,-0.01346389970999396,0.0
15,52,-0.014615194422953259,0.0
15,53,-0.015778575323535566,0.0
15,54,-0.016937111342448498,0.0
15,55,-0.01807190472219962,0.0
15,56,-0.019162622362022545,0.0
15,57,-0.020188189519978316,0.0
15,58,-0.021127602643752633,0.0
15,59,-0.021960794109884718,0.0
15,60,-0.022669467391629426,0.0
15,61,-0.023237823847699648,0.0
15,62,-0.02365312485316979,0.0
15,63,-0.02390607054465753,0.0
16,0,-0.021501892791909314,0.0
16,1,-0.021426447697313285,0.0
16,2,-0.02120187537833355,0.0
16,3,-0.02083341120306728,0.0
16,4,-0.02032959692868476,0.0
16,5,-0.019701990142643896,0.0
16,6,-0.018964740829429626,0.0
16,7,-0.01813404123529021,0.0
16,8,-0.0172274753926457,0.0
16,9,-0.016263313003287292,0.0
16,10,-0.01525980263545206,0.0
16,11,-0.01423451878037093,0.0
16,12,-0.013203807468177398,0.0
16,13,-0.012182359505924894,0.0
16,14,-0.011182923202607921,0.0
16,15,-0.01021615311947652,0.0
16,16,-0.009290579942878022,0.0
16,17,-0.008412679647160205,0.0
16,18,-0.007587017316480093,0.0
16,19,-0.006816441405441529,0.0
16,20,-0.006102306762961667,0.0
16,21,-0.005444708438693621,0.0
16,22,-0.004842712367081849,0.0
16,23,-0.004294572952040921,0.0
16,24,-0.0037979310422102943,0.0
16,25,-0.0033499886471729315,0.0
16,26,-0.0029476589696793456,0.0
16,27,-0.0025876919603892256,0.0
16,28,-0.0022667767203098784,0.0
16,29,-0.0019816227764602413,0.0
16,30,-0.0017290226319740332,0.0
16,31,-0.001505898127339635,0.0
16,32,-0.001309333116228737,0.0
16,33,-0.001505898127339635,0.0
16,34,-0.0017290226319740332,0.0
16,35,-0.0019816227764602413,0.0
16,36,-0.0022667767203098784,0.0
16,37,-0.0025876919603892256,0.0
16,38,-0.0029476589696793456,0.0
16,39,-0.0033499886471729315,0.0
16,40,-0.0037979310422102943,0.0
16,41,-0.004294572952040921,0.0
16,42,-0.004842712367081849,0.0
16,43,-0.005444708438693621,0.0
16,44,-0.006102306762961667,0.0
16,45,-0.006816441405441529,0.0
16,46,-0.007587017316480093,0.0
16,47,-0.008412679647160205,0.0
16,48,-0.009290579942878022,0.0
16,49,-0.01021615311947652,0.0
16,50,-0.011182923202607921,0.0
16,51,-0.012182359505924894,0.0
16,52,-0.013203807468177398,0.0
16,53,-0.01423451878037093,0.0
16,54,-0.01525980263545206,0.0
16,55,-0.016263313003287292,0.0
16,56,-0.0172274753926457,0.0
16,57,-0.01813404123529021,0.0
16,58,-0.018964740829429626,0.0
16,59,-0.019701990142643896,0.0
16,60,-0.02032959692868476,0.0
16,61,-0.02083341120306728,0.0
16,62,-0.02120187537833355,0.0
16,63,-0.021426447697313285,0.0
17,0,-0.019162622362022545,0.0
17,1,-0.019096399297413406,0.0
17,2,-0.018899303432064175,0.0
17,3,-0.018575994910558738,0.0
17,4,-0.01813404123529021,0.0
17,5,-0.01758362000871889,0.0
17,6,-0.016937111342448498,0.0
17,7,-0.016208596870314368,0.0
17,8,-0.01541329320504691,0.0
17,9,-0.014566956558473036,0.0
17,10,-0.013685299225910634,0.0
17,11,-0.01278345653176585,0.0
17,12,-0.011875535340631965,0.0
17,13,-0.01097426435225288,0.0
17,14,-0.010090754534957757,0.0
17,15,-0.009234367292877023,0.0
17,16,-0.008412679647160205,0.0
17,17,-0.007631530372248576,0.0
17,18,-0.006895128549131841,0.0
17,19,-0.006206205863393187,0.0
17,20,-0.005566195507904009,0.0
17,21,-0.004975423077979555,0.0
17,22,-0.00443329780825714,0.0
17,23,-0.003938495479990911,0.0
17,24,-0.0034891270548902116,0.0
17,25,-0.0030828894197249194,0.0
17,26,-0.002717196499339582,0.0
17,27,-0.0023892904211730913,0.0
17,28,-0.0020963334355767796,0.0
17,29,-0.0018354819749915703,0.0
17,30,-0.0016039446383811318,0.0
17,31,-0.0013990260793064467,0.0
17,32,-0.0012181588134205412,0.0
17,33,-0.0013990260793064467,0.0
17,34,-0.0016039446383811318,0.0
17,35,-0.0018354819749915703,0.0
17,36,-0.0020963334355767796,0.0
17,37,-0.0023892904211730913,0.0
17,38,-0.002717196499339582,0.0
17,39,-0.0030828894197249194,0.0
17,40,-0.0034891270548902116,0.0
17,41,-0.003938495479990911,0.0
17,42,-0.00443329780825714,0.0
17,43,-0.004975423077979555,0.0
17,44,-0.005566195507904009,0.0
17,45,-0.006206205863393187,0.0
17,46,-0.006895128549131841,0.0
17,47,-0.007631530372248576,0.0
17,48,-0.008412679647160205,0.0
17,49,-0.009234367292877023,0.0
17,50,-0.010090754534957757,0.0
17,51,-0.01097426435225288,0.0
17,52,-0.011875535340631965,0.0
17,53,-0.01278345653176585,0.0
17,54,-0.013685299225910634,0.0
17,55,-0.014566956558473036,0.0
17,56,-0.01541329320504691,0.0
17,57,-0.016208596870314368,0.0
17,58,-0.016937111342448498,0.0
17,59,-0.01758362000871889,0.0
17,60,-0.01813404123529021,0.0
17,61,-0.018575994910558738,0.0
17,62,-0.018899303432064175,0.0
17,63,-0.019096399297413406,0.0
18,0,-0.01699472344803098,0.0
18,1,-0.016937111342448498,0.0
18,2,-0.016765641827356657,0.0
18,3,-0.016484358360939932,0.0
18,4,-0.016099812384950226,0.0
18,5,-0.01562078992931548,0.0
18,6,-0.015057946449846756,0.0
18,7,-0.01442336960695521,0.0
18,8,-0.013730096020374918,0.0
18,9,-0.01299161233203527,0.0
18,10,-0.012221371904827942,0.0
18,11,-0.011432355749963478,0.0
18,12,-0.010636700327586785,0.0
18,13,-0.009845406906858286,0.0
18,14,-0.009068138653616489,0.0
18,15,-0.008313103829084139,0.0
18,16,-0.007587017316480093,0.0
18,17,-0.006895128549131841,0.0
18,18,-0.006241301784434645,0.0
18,19,-0.005628134261377946,0.0
18,20,-0.005057098663492332,0.0
18,21,-0.004528698026687264,0.0
18,22,-0.004042623375153162,0.0
18,23,-0.0035979066182745658,0.0
18,24,-0.003193063373725989,0.0
18,25,-0.002826222260699625,0.0
18,26,-0.002495238767138992,0.0
18,27,-0.002197793021639212,0.0
18,28,-0.001931471713396448,0.0
18,29,-0.0016938350402682864,0.0
18,30,-0.0014824699719642378,0.0
18,31,-0.0012950313400312541,0.0
18,32,-0.0011292723527179342,0.0
18,33,-0.0012950313400312541,0.0
18,34,-0.0014824699719642378,0.0
18,35,-0.0016938350402682864,0.0
18,36,-0.001931471713396448,0.0
18,37,-0.002197793021639212,0.0
18,38,-0.002495238767138992,0.0
18,39,-0.002826222260699625,0.0
18,40,-0.003193063373725989,0.0
18,41,-0.0035979066182745658,0.0
18,42,-0.004042623375153162,0.0
18,43,-0.004528698026687264,0.0
18,44,-0.005057098663492332,0.0
18,45,-0.005628134261377946,0.0
18,46,-0.006241301784434645,0.0
18,47,-0.006895128549131841,0.0
18,48,-0.007587017316480093,0.0
18,49,-0.008313103829084139,0.0
18,50,-0.009068138653616489,0.0
18,51,-0.009845406906858286,0.0
18,52,-0.010636700327586785,0.0
18,53,-0.011432355749963478,0.0
18,54,-0.012221371904827942,0.0
18,55,-0.01299161233203527,0.0
18,56,-0.013730096020374918,0.0
18,57,-0.01442336960695521,0.0
18,58,-0.015057946449846756,0.0
18,59,-0.01562078992931548,0.0
18,60,-0.016099812384950226,0.0
18,61,-0.016484358360939932,0.0
18,62,-0.016765641827356657,0.0
18,63,-0.016937111342448498,0.0
19,0,-0.015007976284743563,0.0
19,1,-0.014958201963042506,0.0
19,2,-0.01481004558512508,0.0
19,3,-0.014566956558473036,0.0
19,4,-0.01423451878037093,0.0
19,5,-0.01382021256850953,0.0
19,6,-0.013333100580337856,0.0
19,7,-0.01278345653176585,0.0
19,8,-0.012182359505924894,0.0
19,9,-0.011541278755954868,0.0
19,10,-0.010871673627747195,0.0
19,11,-0.010184630493781557,0.0
19,12,-0.009490553828688438,0.0
19,13,-0.008798922562311559,0.0
19,14,-0.008118116540256728,0.0
19,15,-0.007455312137994714,0.0
19,16,-0.006816441405441529,0.0
19,17,-0.006206205863393187,0.0
19,18,-0.005628134261377946,0.0
19,19,-0.005084673071784394,0.0
19,20,-0.004577298959634093,0.0
19,21,-0.004106643617664408,0.0
19,22,-0.0036726228981178682,0.0
19,23,-0.0032745638621026105,0.0
19,24,-0.0029113250238112765,0.0
19,25,-0.002581406571209836,0.0
19,26,-0.002283048630825202,0.0
19,27,-0.0020143166865625966,0.0
19,28,-0.001773174064266867,0.0
19,29,-0.0015575419761524557,0.0
19,30,-0.0013653480129478153,0.0
19,31,-0.001194564210747566,0.0
19,32,-0.001043235937629854,0.0
19,33,-0.001194564210747566,0.0
19,34,-0.0013653480129478153,0.0
19,35,-0.0015575419761524557,0.0
19,36,-0.001773174064266867,0.0
19,37,-0.0020143166865625966,0.0
19,38,-0.002283048630825202,0.0
19,39,-0.002581406571209836,0.0
19,40,-0.0029113250238112765,0.0
19,41,-0.0032745638621026105,0.0
19,42,-0.0036726228981178682,0.0
19,43,-0.004106643617664408,0.0
19,44,-0.004577298959634093,0.0
19,45,-0.005084673071784394,0.0
19,46,-0.005628134261377946,0.0
19,47,-0.006206205863393187,0.0
19,48,-0.006816441405441529,0.0
19,49,-0.007455312137994714,0.0
19,50,-0.008118116540256728,0.0
19,51,-0.008798922562311559,0.0
19,52,-0.009490553828688438,0.0
19,53,-0.010184630493781557,0.0
19,54,-0.010871673627747195,0.0
19,55,-0.011541278755954868,0.0
19,56,-0.012182359505924894,0.0
19,57,-0.01278345653176585,0.0
19,58,-0.013333100580337856,0.0
19,59,-0.01382021256850953,0.0
19,60,-0.01423451878037093,0.0
19,61,-0.014566956558473036,0.0
19,62,-0.01481004558512508,0.0
19,63,-0.014958201963042506,0.0
20,0,-0.013203807468177398,0.0
20,1,-0.013161041026620343,0.0
20,2,-0.013033725376887741,0.0
20,3,-0.012824768774634416,0.0
20,4,-0.012538878386267945,0.0
20,5,-0.012182359505924894,0.0
20,6,-0.011762852181121964,0.0
20,7,-0.01128902170545435,0.0
20,8,-0.01077022214034468,0.0
20,9,-0.01021615311947652,0.0
20,10,-0.009636529479084662,0.0
20,11,-0.009040780830059018,0.0
20,12,-0.008437794405153186,0.0
20,13,-0.007835709931361534,0.0
20,14,-0.007241770513994297,0.0
20,15,-0.006662229134084468,0.0
20,16,-0.006102306762961667,0.0
20,17,-0.005566195507904009,0.0
20,18,-0.005057098663492332,0.0
20,19,-0.004577298959634093,0.0
20,20,-0.004128246488783336,0.0
20,21,-0.003710658545692845,0.0
20,22,-0.003324624710423984,0.0
20,23,-0.0029697117649269953,0.0
20,24,-0.0026450643113878534,0.0
20,25,-0.0023494981556995867,0.0
20,26,-0.002081584569820038,0.0
20,27,-0.0018397244222185729,0.0
20,28,-0.0016222118595922118,0.0
20,29,-0.001427287745088637,0.0
20,30,-0.0012531834275448012,0.0
20,31,-0.0010981556564925183,0.0
20,32,-0.0009605135937384615,0.0
20,33,-0.0010981556564925183,0.0
20,34,-0.0012531834275448012,0.0
20,35,-0.001427287745088637,0.0
20,36,-0.0016222118595922118,0.0
20,37,-0.0018397244222185729,0.0
20,38,-0.002081584569820038,0.0
20,39,-0.0023494981556995867,0.0
20,40,-0.0026450643113878534,0.0
20,41,-0.0029697117649269953,0.0
20,42,-0.003324624710423984,0.0
20,43,-0.003710658545692845,0.0
20,44,-0.004128246488783336,0.0
20,45,-0.004577298959634093,0.0
20,46,-0.005057098663492332,0.0
20,47,-0.005566195507904009,0.0
20,48,-0.006102306762961667,0.0
20,49,-0.006662229134084468,0.0
20,50,-0.007241770513994297,0.0
20,51,-0.007835709931361534,0.0
20,52,-0.008437794405153186,0.0
20,53,-0.009040780830059018,0.0
20,54,-0.009636529479084662,0.0
20,55,-0.01021615311947652,0.0
20,56,-0.01077022214034468,0.0
20,57,-0.01128902170545435,0.0
20,58,-0.011762852181121964,0.0
20,59,-0.012182359505924894,0.0
20,60,-0.012538878386267945,0.0
20,61,-0.012824768774634416,0.0
20,62,-0.013033725376887741,0.0
20,63,-0.013161041026620343,0.0
21,0,-0.011577860527080366,0.0
21,1,-0.011541278755954868,0.0
21,2,-0.011432355749963478,0.0
21,3,-0.011253522975456702,0.0
21,4,-0.011008716988200388,0.0
21,5,-0.010703213476603282,0.0
21,6,-0.010343410068852163,0.0
21,7,-0.009936571642367643,0.0
21,8,-0.009490553828688438,0.0
21,9,-0.009013521028635842,0.0
21,10,-0.008513674492248957,0.0
21,11,-0.007999004005994318,0.0
21,12,-0.007477073761053383,0.0
21,13,-0.006954849454662038,0.0
21,14,-0.006438570036070668,0.0
21,15,-0.005933664139486536,0.0
21,16,-0.005444708438693621,0.0
21,17,-0.004975423077979555,0.0
21,18,-0.004528698026687264,0.0
21,19,-0.004106643617664408,0.0
21,20,-0.003710658545692845,0.0
21,21,-0.0033415090713733607,0.0
21,22,-0.0029994139452487706,0.0
21,23,-0.0026841304972852523,0.0
21,24,-0.0023950383148914805,0.0
21,25,-0.0021312178745655965,0.0
21,26,-0.0018915223425197962,0.0
21,27,-0.0016746414871444792,0.0
21,28,-0.0014791572390025598,0.0
21,29,-0.0013035908940401922,0.0
21,30,-0.0011464422936825658,0.0
21,31,-0.0010062215473125998,0.0
21,32,-0.0008814740062424104,0.0
21,33,-0.0010062215473125998,0.0
21,34,-0.0011464422936825658,0.0
21,35,-0.0013035908940401922,0.0
21,36,-0.0014791572390025598,0.0
21,37,-0.0016746414871444792,0.0
21,38,-0.0018915223425197962,0.0
21,39,-0.0021312178745655965,0.0
21,40,-0.0023950383148914805,0.0
21,41,-0.0026841304972852523,0.0
21,42,-0.0029994139452487706,0.0
21,43,-0.0033415090713733607,0.0
21,44,-0.003710658545692845,0.0
21,45,-0.004106643617664408,0.0
21,46,-0.004528698026687264,0.0
21,47,-0.004975423077979555,0.0
21,48,-0.005444708438693621,0.0
21,49,-0.005933664139486536,0.0
21,50,-0.006438570036070668,0.0
21,51,-0.006954849454662038,0.0
21,52,-0.007477073761053383,0.0
21,53,-0.007999004005994318,0.0
21,54,-0.008513674492248957,0.0
21,55,-0.009013521028635842,0.0
21,56,-0.009490553828688438,0.0
21,57,-0.009936571642367643,0.0
21,58,-0.010343410068852163,0.0
21,59,-0.010703213476603282,0.0
21,60,-0.011008716988200388,0.0
21,61,-0.011253522975456702,0.0
21,62,-0.011432355749963478,0.0
21,63,-0.011541278755954868,0.0
22,0,-0.010121931694263708,0.0
22,1,-0.010090754534957757,0.0
22,2,-0.009997906154827159,0.0
22,3,-0.009845406906858286,0.0
22,4,-0.009636529479084662,0.0
22,5,-0.009375663538073249,0.0
22,6,-0.009068138653616489,0.0
22,7,-0.008720016653155605,0.0
22,8,-0.008337866031076923,0.0
22,9,-0.00792853144488327,0.0
22,10,-0.007498910671442148,0.0
22,11,-0.007055749800476987,0.0
22,12,-0.006605465142658031,0.0
22,13,-0.006153997624570594,0.0
22,14,-0.005706702645740012,0.0
22,15,-0.005268275763994378,0.0
22,16,-0.004842712367081849,0.0
22,17,-0.00443329780825714,0.0
22,18,-0.004042623375153162,0.0
22,19,-0.0036726228981178682,0.0
22,20,-0.003324624710423984,0.0
22,21,-0.0029994139452487706,0.0
22,22,-0.00269730068218624,0.0
22,23,-0.0024181901351087824,0.0
22,24,-0.0021616518149952324,0.0
22,25,-0.0019269853373641746,0.0
22,26,-0.0017132812260643986,0.0
22,27,-0.001519475663683637,0.0
22,28,-0.0013443986392326936,0.0
22,29,-0.0011868153430498105,0.0
22,30,-0.0010454609620533263,0.0
22,31,-0.0009190692455233734,0.0
22,32,-0.0008063953550514023,0.0
22,33,-0.0009190692455233734,0.0
22,34,-0.0010454609620533263,0.0
22,35,-0.0011868153430498105,0.0
22,36,-0.0013443986392326936,0.0
22,37,-0.001519475663683637,0.0
22,38,-0.0017132812260643986,0.0
22,39,-0.0019269853373641746,0.0
22,40,-0.0021616518149952324,0.0
22,41,-0.0024181901351087824,0.0
22,42,-0.00269730068218624,0.0
22,43,-0.0029994139452487706,0.0
22,44,-0.003324624710423984,0.0
22,45,-0.0036726228981178682,0.0
22,46,-0.004042623375153162,0.0
22,47,-0.00443329780825714,0.0
22,48,-0.004842712367081849,0.0
22,49,-0.005268275763994378,0.0
22,50,-0.005706702645740012,0.0
22,51,-0.006153997624570594,0.0
22,52,-0.006605465142658031,0.0
22,53,-0.007055749800476987,0.0
22,54,-0.007498910671442148,0.0
22,55,-0.00792853144488327,0.0
22,56,-0.008337866031076923,0.0
22,57,-0.008720016653155605,0.0
22,58,-0.009068138653616489,0.0
22,59,-0.009375663538073249,0.0
22,60,-0.009636529479084662,0.0
22,61,-0.009845406906858286,0.0
22,62,-0.009997906154827159,0.0
22,63,-0.010090754534957757,0.0
23,0,-0.008825412801955842,0.0
23,1,-0.008798922562311559,0.0
23,2,-0.008720016653155605,0.0
23,3,-0.008590366123446817,0.0
23,4,-0.008412679647160205,0.0
23,5,-0.00819059412092511,0.0
23,6,-0.00792853144488327,0.0
23,7,-0.007631530372248576,0.0
23,8,-0.007305063459487809,0.0
23,9,-0.006954849454662038,0.0
23,10,-0.006586670945839473,0.0
23,11,-0.006206205863393187,0.0
23,12,-0.005818879669402468,0.0
23,13,-0.005429742996161842,0.0
23,14,-0.0050433773436233155,0.0
23,15,-0.004663829418256412,0.0
23,16,-0.004294572952040921,0.0
23,17,-0.003938495479990911,0.0
23,18,-0.0035979066182745658,0.0
23,19,-0.0032745638621026105,0.0
23,20,-0.0029697117649269953,0.0
23,21,-0.0026841304972852523,0.0
23,22,-0.0024181901351087824,0.0
23,23,-0.0021719075157030803,0.0
23,24,-0.0019450030564040451,0.0
23,25,-0.001736955500861409,0.0
23,26,-0.001547053100207752,0.0
23,27,-0.0013744402239866413,0.0
23,28,-0.0012181588134205412,0.0
23,29,-0.0010771844315841594,0.0
23,30,-0.000950456932394115,0.0
23,31,-0.0008369059687264138,0.0
23,32,-0.0007354716978307586,0.0
23,33,-0.0008369059687264138,0.0
23,34,-0.000950456932394115,0.0
23,35,-0.0010771844315841594,0.0
23,36,-0.0012181588134205412,0.0
23,37,-0.0013744402239866413,0.0
23,38,-0.001547053100207752,0.0
23,39,-0.001736955500861409,0.0
23,40,-0.0019450030564040451,0.0
23,41,-0.0021719075157030803,0.0
23,42,-0.0024181901351087824,0.0
23,43,-0.0026841304972852523,0.0
23,44,-0.0029697117649269953,0.0
23,45,-0.0032745638621026105,0.0
23,46,-0.0035979066182745658,0.0
23,47,-0.003938495479990911,0.0
23,48,-0.004294572952040921,0.0
23,49,-0.004663829418256412,0.0
23,50,-0.0050433773436233155,0.0
23,51,-0.005429742996161842,0.0
23,52,-0.005818879669402468,0.0
23,53,-0.006206205863393187,0.0
23,54,-0.006586670945839473,0.0
23,55,-0.006954849454662038,0.0
23,56,-0.007305063459487809,0.0
23,57,-0.007631530372248576,0.0
23,58,-0.00792853144488327,0.0
23,59,-0.00819059412092511,0.0
23,60,-0.008412679647160205,0.0
23,61,-0.008590366123446817,0.0
23,62,-0.008720016653155605,0.0
23,63,-0.008798922562311559,0.0
24,0,-0.007676353251444951,0.0
24,1,-0.007653902926335077,0.0
24,2,-0.007587017316480093,0.0
24,3,-0.007477073761053383,0.0
24,4,-0.007326306505873491,0.0
24,5,-0.007137718832341472,0.0
24,6,-0.006914967876162431,0.0
24,7,-0.006662229134084468,0.0
24,8,-0.006384048560725438,0.0
24,9,-0.006085190410150115,0.0
24,10,-0.005770488598361304,0.0
24,11,-0.005444708438693621,0.0
24,12,-0.0051124242680575145,0.0
24,13,-0.004777916902815307,0.0
24,14,-0.004445093208605426,0.0
24,15,-0.004117428491830092,0.0
24,16,-0.0037979310422102943,0.0
24,17,-0.0034891270548902116,0.0
24,18,-0.003193063373725989,0.0
24,19,-0.0029113250238112765,0.0
24,20,-0.0026450643113878534,0.0
24,21,-0.0023950383148914805,0.0
24,22,-0.0021616518149952324,0.0
24,23,-0.0019450030564040451,0.0
24,24,-0.0017449301471771437,0.0
24,25,-0.0015610563384581486,0.0
24,26,-0.00139283285473059,0.0
24,27,-0.0012395783382432835,0.0
24,28,-0.00110051431630797,0.0
24,29,-0.0009747963895371978,0.0
24,30,-0.0008615410713309349,0.0
24,31,-0.0007598483867114713,0.0
24,32,-0.0006688204672547379,0.0
24,33,-0.0007598483867114713,0.0
24,34,-0.0008615410713309349,0.0
24,35,-0.0009747963895371978,0.0
24,36,-0.00110051431630797,0.0
24,37,-0.0012395783382432835,0.0
24,38,-0.00139283285473059,0.0
24,39,-0.0015610563384581486,0.0
24,40,-0.0017449301471771437,0.0
24,41,-0.0019450030564040451,0.0
24,42,-0.0021616518149952324,0.0
24,43,-0.0023950383148914805,0.0
24,44,-0.0026450643113878534,0.0
24,45,-0.0029113250238112765,0.0
24,46,-0.003193063373725989,0.0
24,47,-0.0034891270548902116,0.0
24,48,-0.0037979310422102943,0.0
24,49,-0.004117428491830092,0.0
24,50,-0.004445093208605426,0.0
24,51,-0.004777916902815307,0.0
24,52,-0.0051124242680575145,0.0
24,53,-0.005444708438693621,0.0
24,54,-0.005770488598361304,0.0
24,55,-0.006085190410150115,0.0
24,56,-0.006384048560725438,0.0
24,57,-0.006662229134084468,0.0
24,58,-0.006914967876162431,0.0
24,59,-0.007137718832341472,0.0
24,60,-0.007326306505873491,0.0
24,61,-0.007477073761053383,0.0
24,62,-0.007587017316480093,0.0
24,63,-0.007653902926335077,0.0
25,0,-0.006662229134084468,0.0
25,1,-0.006643243985471139,0.0
25,2,-0.006586670945839473,0.0
25,3,-0.006493642257264215,0.0
25,4,-0.006365996007786266,0.0
25,5,-0.006206205863393187,0.0
25,6,-0.0060172888101436145,0.0
25,7,-0.005802696374499351,0.0
25,8,-0.005566195507904009,0.0
25,9,-0.005311745540408896,0.0
25,10,-0.0050433773436233155,0.0
25,11,-0.004765080159550274,0.0
25,12,-0.004480700549752624,0.0
25,13,-0.004193856720642834,0.0
25,14,-0.003907870211507129,0.0
25,15,-0.003625715706975905,0.0
25,16,-0.0033499886471729315,0.0
25,17,-0.0030828894197249194,0.0
25,18,-0.002826222260699625,0.0
25,19,-0.002581406571209836,0.0
25,20,-0.0023494981556995867,0.0
25,21,-0.0021312178745655965,0.0
25,22,-0.0019269853373641746,0.0
25,23,-0.001736955500861409,0.0
25,24,-0.0015610563384581486,0.0
25,25,-0.0013990260793064467,0.0
25,26,-0.0012504488489106127,0.0
25,27,-0.001114787857672413,0.0
25,28,-0.0009914155660746204,0.0
25,29,-0.0008796404973150209,0.0
25,30,-0.0007787305672795596,0.0
25,31,-0.0006879329584000804,0.0
25,32,-0.0006064906812275591,0.0
25,33,-0.0006879329584000804,0.0
25,34,-0.0007787305672795596,0.0
25,35,-0.0008796404973150209,0.0
25,36,-0.0009914155660746204,0.0
25,37,-0.001114787857672413,0.0
25,38,-0.0012504488489106127,0.0
25,39,-0.0013990260793064467,0.0
25,40,-0.0015610563384581486,0.0
25,41,-0.001736955500861409,0.0
25,42,-0.0019269853373641746,0.0
25,43,-0.0021312178745655965,0.0
25,44,-0.0023494981556995867,0.0
25,45,-0.002581406571209836,0.0
25,46,-0.002826222260699625,0.0
25,47,-0.0030828894197249194,0.0
25,48,-0.0033499886471729315,0.0
25,49,-0.003625715706975905,0.0
25,50,-0.003907870211507129,0.0
25,51,-0.004193856720642834,0.0
25,52,-0.004480700549752624,0.0
25,53,-0.004765080159550274,0.0
25,54,-0.0050433773436233155,0.0
25,55,-0.005311745540408896,0.0
25,56,-0.005566195507904009,0.0
25,57,-0.005802696374499351,0.0
25,58,-0.0060172888101436145,0.0
25,59,-0.006206205863393187,0.0
25,60,-0.006365996007786266,0.0
25,61,-0.006493642257264215,0.0
25,62,-0.006586670945839473,0.0
25,63,-0.006643243985471139,0.0
26,0,-0.005770488598361304,0.0
26,1,-0.005754463711857651,0.0
26,2,-0.005706702645740012,0.0
26,3,-0.005628134261377946,0.0
26,4,-0.005520267659460514,0.0
26,5,-0.005385136160840561,0.0
26,6,-0.0052252236232748946,0.0
26,7,-0.0050433773436233155,0.0
26,8,-0.004842712367081849,0.0
26,9,-0.004626512217147777,0.0
26,10,-0.004398130883253574,0.0
26,11,-0.004160900404031892,0.0
26,12,-0.0039180476368301,0.0
26,13,-0.0036726228981178682,0.0
26,14,-0.0034274421883523885,0.0
26,15,-0.0031850437650154315,0.0
26,16,-0.0029476589696793456,0.0
26,17,-0.002717196499339582,0.0
26,18,-0.002495238767138992,0.0
26,19,-0.002283048630825202,0.0
26,20,-0.002081584569820038,0.0
26,21,-0.0018915223425197962,0.0
26,22,-0.0017132812260643986,0.0
26,23,-0.001547053100207752,0.0
26,24,-0.00139283285473059,0.0
26,25,-0.0012504488489106127,0.0
26,26,-0.0011195924094048364,0.0
26,27,-0.0009998456022294224,0.0
26,28,-0.0008907067432003885,0.0
26,29,-0.0007916133116901448,0.0
26,30,-0.0007019621011660506,0.0
26,31,-0.0006211265760010978,0.0
26,32,-0.000548471508932193,0.0
26,33,-0.0006211265760010978,0.0
26,34,-0.0007019621011660506,0.0
26,35,-0.0007916133116901448,0.0
26,36,-0.0008907067432003885,0.0
26,37,-0.0009998456022294224,0.0
26,38,-0.0011195924094048364,0.0
26,39,-0.0012504488489106127,0.0
26,40,-0.00139283285473059,0.0
26,41,-0.001547053100207752,0.0
26,42,-0.0017132812260643986,0.0
26,43,-0.0018915223425197962,0.0
26,44,-0.002081584569820038,0.0
26,45,-0.002283048630825202,0.0
26,46,-0.002495238767138992,0.0
26,47,-0.002717196499339582,0.0
26,48,-0.0029476589696793456,0.0
26,49,-0.0031850437650154315,0.0
26,50,-0.0034274421883523885,0.0
26,51,-0.0036726228981178682,0.0
26,52,-0.0039180476368301,0.0
26,53,-0.004160900404031892,0.0
26,54,-0.004398130883253574,0.0
26,55,-0.004626512217147777,0.0
26,56,-0.004842712367081849,0.0
26,57,-0.0050433773436233155,0.0
26,58,-0.0052252236232748946,0.0
26,59,-0.005385136160840561,0.0
26,60,-0.005520267659460514,0.0
26,61,-0.005628134261377946,0.0
26,62,-0.005706702645740012,0.0
26,63,-0.005754463711857651,0.0
27,0,-0.004988927491633935,0.0
27,1,-0.004975423077979555,0.0
27,2,-0.0049351665961974355,0.0
27,3,-0.004868918859457686,0.0
27,4,-0.004777916902815307,0.0
27,5,-0.004663829418256412,0.0
27,6,-0.004528698026687264,0.0
27,7,-0.004374867677629899,0.0
27,8,-0.004204909923291621,0.0
27,9,-0.004021542981955895,0.0
27,10,-0.0038275523931435426,0.0
27,11,-0.003625715706975905,0.0
27,12,-0.0034187340961987557,0.0
27,13,-0.0032091730971835703,0.0
27,14,-0.0029994139452487706,0.0
27,15,-0.0027916162347921903,0.0
27,16,-0.0025876919603892256,0.0
27,17,-0.0023892904211730913,0.0
27,18,-0.002197793021639212,0.0
27,19,-0.0020143166865625966,0.0
27,20,-0.0018397244222185729,0.0
27,21,-0.0016746414871444792,0.0
27,22,-0.001519475663683637,0.0
27,23,-0.0013744402239866413,0.0
27,24,-0.0012395783382432835,0.0
27,25,-0.001114787857672413,0.0
27,26,-0.0009998456022294224,0.0
27,27,-0.0008944304787845502,0.0
27,28,-0.0007981449391388258,0.0
27,29,-0.0007105344516620149,0.0
27,30,-0.0006311048015907191,0.0
27,31,-0.0005593371516110361,0.0
27,32,-0.0004947008866254116,0.0
27,33,-0.0005593371516110361,0.0
27,34,-0.0006311048015907191,0.0
27,35,-0.0007105344516620149,0.0
27,36,-0.0007981449391388258,0.0
27,37,-0.0008944304787845502,0.0
27,38,-0.0009998456022294224,0.0
27,39,-0.001114787857672413,0.0
27,40,-0.0012395783382432835,0.0
27,41,-0.0013744402239866413,0.0
27,42,-0.001519475663683637,0.0
27,43,-0.0016746414871444792,0.0
27,44,-0.0018397244222185729,0.0
27,45,-0.0020143166865625966,0.0
27,46,-0.002197793021639212,0.0
27,47,-0.0023892904211730913,0.0
27,48,-0.0025876919603892256,0.0
27,49,-0.0027916162347921903,0.0
27,50,-0.0029994139452487706,0.0
27,51,-0.0032091730971835703,0.0
27,52,-0.0034187340961987557,0.0
27,53,-0.003625715706975905,0.0
27,54,-0.0038275523931435426,0.0
27,55,-0.004021542981955895,0.0
27,56,-0.004204909923291621,0.0
27,57,-0.004374867677629899,0.0
27,58,-0.004528698026687264,0.0
27,59,-0.004663829418256412,0.0
27,60,-0.004777916902815307,0.0
27,61,-0.004868918859457686,0.0
27,62,-0.0049351665961974355,0.0
27,63,-0.004975423077979555,0.0
28,0,-0.004305937371071206,0.0
28,1,-0.004294572952040921,0.0
28,2,-0.0042606896662707,0.0
28,3,-0.004204909923291621,0.0
28,4,-0.004128246488783336,0.0
28,5,-0.004032067082566455,0.0
28,6,-0.0039180476368301,0.0
28,7,-0.0037881167569637103,0.0
28,8,-0.0036443942903992698,0.0
28,9,-0.0034891270548902116,0.0
28,10,-0.003324624710423984,0.0
28,11,-0.0031531985018065653,0.0
28,12,-0.002977105190418111,0.0
28,13,-0.002798497981753202,0.0
28,14,-0.002619385691436378,0.0
28,15,-0.0024416008252721665,0.0
28,16,-0.0022667767203098784,0.0
28,17,-0.0020963334355767796,0.0
28,18,-0.001931471713396448,0.0
28,19,-0.001773174064266867,0.0
28,20,-0.0016222118595922118,0.0
28,21,-0.0014791572390025598,0.0
28,22,-0.0013443986392326936,0.0
28,23,-0.0012181588134205412,0.0
28,24,-0.00110051431630797,0.0
28,25,-0.0009914155660746204,0.0
28,26,-0.0008907067432003885,0.0
28,27,-0.0007981449391388258,0.0
28,28,-0.0007134181137323143,0.0
28,29,-0.0006361615539086445,0.0
28,30,-0.0005659726433499141,0.0
28,31,-0.0005024238515968946,0.0
28,32,-0.0004450739310919935,0.0
28,33,-0.0005024238515968946,0.0
28,34,-0.0005659726433499141,0.0
28,35,-0.0006361615539086445,0.0
28,36,-0.0007134181137323143,0.0
28,37,-0.0007981449391388258,0.0
28,38,-0.0008907067432003885,0.0
28,39,-0.0009914155660746204,0.0
28,40,-0.00110051431630797,0.0
28,41,-0.0012181588134205412,0.0
28,42,-0.0013443986392326936,0.0
28,43,-0.0014791572390025598,0.0
28,44,-0.0016222118595922118,0.0
28,45,-0.001773174064266867,0.0
28,46,-0.001931471713396448,0.0
28,47,-0.0020963334355767796,0.0
28,48,-0.0022667767203098784,0.0
28,49,-0.0024416008252721665,0.0
28,50,-0.002619385691436378,0.0
28,51,-0.002798497981753202,0.0
28,52,-0.002977105190418111,0.0
28,53,-0.0031531985018065653,0.0
28,54,-0.003324624710423984,0.0
28,55,-0.0034891270548902116,0.0
28,56,-0.0036443942903992698,0.0
28,57,-0.0037881167569637103,0.0
28,58,-0.0039180476368301,0.0
28,59,-0.004032067082566455,0.0
28,60,-0.004128246488783336,0.0
28,61,-0.004204909923291621,0.0
28,62,-0.0042606896662707,0.0
28,63,-0.004294572952040921,0.0
29,0,-0.003710658545692845,0.0
29,1,-0.0037011067462454786,0.0
29,2,-0.0036726228981178682,0.0
29,3,-0.003625715706975905,0.0
29,4,-0.0035612135299280924,0.0
29,5,-0.0034802362784495068,0.0
29,6,-0.0033841582517680807,0.0
29,7,-0.0032745638621026105,0.0
29,8,-0.0031531985018065653,0.0
29,9,-0.0030219169277577516,0.0
29,10,-0.0028826315019210573,0.0
29,11,-0.0027372624450332974,0.0
29,12,-0.0025876919603892256,0.0
29,13,-0.002435723701698483,0.0
29,14,-0.002283048630825202,0.0
29,15,-0.0021312178745655965,0.0
29,16,-0.0019816227764602413,0.0
29,17,-0.0018354819749915703,0.0
29,18,-0.0016938350402682864,0.0
29,19,-0.0015575419761524557,0.0
29,20,-0.001427287745088637,0.0
29,21,-0.0013035908940401922,0.0
29,22,-0.0011868153430498105,0.0
29,23,-0.0010771844315841594,0.0
29,24,-0.0009747963895371978,0.0
29,25,-0.0008796404973150209,0.0
29,26,-0.0007916133116901448,0.0
29,27,-0.0007105344516620149,0.0
29,28,-0.0006361615539086445,0.0
29,29,-0.0005682041150542843,0.0
29,30,-0.0005063360342397576,0.0
29,31,-0.0004502067522877096,0.0
29,32,-0.00039945095232304576,0.0
29,33,-0.0004502067522877096,0.0
29,34,-0.0005063360342397576,0.0
29,35,-0.0005682041150542843,0.0
29,36,-0.0006361615539086445,0.0
29,37,-0.0007105344516620149,0.0
29,38,-0.0007916133116901448,0.0
29,39,-0.0008796404973150209,0.0
29,40,-0.0009747963895371978,0.0
29,41,-0.0010771844315841594,0.0
29,42,-0.0011868153430498105,0.0
29,43,-0.0013035908940401922,0.0
29,44,-0.001427287745088637,0.0
29,45,-0.0015575419761524557,0.0
29,46,-0.0016938350402682864,0.0
29,47,-0.0018354819749915703,0.0
29,48,-0.0019816227764602413,0.0
29,49,-0.0021312178745655965,0.0
29,50,-0.002283048630825202,0.0
29,51,-0.002435723701698483,0.0
29,52,-0.0025876919603892256,0.0
29,53,-0.0027372624450332974,0.0
29,54,-0.0028826315019210573,0.0
29,55,-0.0030219169277577516,0.0
29,56,-0.0031531985018065653,0.0
29,57,-0.0032745638621026105,0.0
29,58,-0.0033841582517680807,0.0
29,59,-0.0034802362784495068,0.0
29,60,-0.0035612135299280924,0.0
29,61,-0.003625715706975905,0.0
29,62,-0.0036726228981178682,0.0
29,63,-0.0037011067462454786,0.0
30,0,-0.003193063373725989,0.0
30,1,-0.0031850437650154315,0.0
30,2,-0.0031611249993815835,0.0
30,3,-0.0031217225510852186,0.0
30,4,-0.0030675134401974805,0.0
30,5,-0.0029994139452487706,0.0
30,6,-0.002918550067762228,0.0
30,7,-0.002826222260699625,0.0
30,8,-0.0027238661620020213,0.0
30,9,-0.0026130111807283053,0.0
30,10,-0.002495238767138992,0.0
30,11,-0.0023721420704751594,0.0
30,12,-0.0022452884687686647,0.0
30,13,-0.0021161861691515733,0.0
30,14,-0.0019862557527375543,0.0
30,15,-0.001856807202684972,0.0
30,16,-0.0017290226319740332,0.0
30,17,-0.0016039446383811318,0.0
30,18,-0.0014824699719642378,0.0
30,19,-0.0013653480129478153,0.0
30,20,-0.0012531834275448012,0.0
30,21,-0.0011464422936825658,0.0
30,22,-0.0010454609620533263,0.0
30,23,-0.000950456932394115,0.0
30,24,-0.0008615410713309349,0.0
30,25,-0.0007787305672795596,0.0
30,26,-0.0007019621011660506,0.0
30,27,-0.0006311048015907191,0.0
30,28,-0.0005659726433499141,0.0
30,29,-0.0005063360342397576,0.0
30,30,-0.00045193241348096783,0.0
30,31,-0.00040247575386207906,0.0
30,32,-0.0003576649177907809,0.0
30,33,-0.00040247575386207906,0.0
30,34,-0.00045193241348096783,0.0
30,35,-0.0005063360342397576,0.0
30,36,-0.0005659726433499141,0.0
30,37,-0.0006311048015907191,0.0
30,38,-0.0007019621011660506,0.0
30,39,-0.0007787305672795596,0.0
30,40,-0.0008615410713309349,0.0
30,41,-0.000950456932394115,0.0
30,42,-0.0010454609620533263,0.0
30,43,-0.0011464422936825658,0.0
30,44,-0.0012531834275448012,0.0
30,45,-0.0013653480129478153,0.0
30,46,-0.0014824699719642378,0.0
30,47,-0.0016039446383811318,0.0
30,48,-0.0017290226319740332,0.0
30,49,-0.001856807202684972,0.0
30,50,-0.0019862557527375543,0.0
30,51,-0.0021161861691515733,0.0
30,52,-0.0022452884687686647,0.0
30,53,-0.0023721420704751594,0.0
30,54,-0.002495238767138992,0.0
30,55,-0.0026130111807283053,0.0
30,56,-0.0027238661620020213,0.0
30,57,-0.002826222260699625,0.0
30,58,-0.002918550067762228,0.0
30,59,-0.0029994139452487706,0.0
30,60,-0.0030675134401974805,0.0
30,61,-0.0031217225510852186,0.0
30,62,-0.0031611249993815835,0.0
30,63,-0.0031850437650154315,0.0
31,0,-0.0027439891903195883,0.0
31,1,-0.0027372624450332974,0.0
31,2,-0.002717196499339582,0.0
31,3,-0.0026841304972852523,0.0
31,4,-0.002638617451980039,0.0
31,5,-0.002581406571209836,0.0
31,6,-0.002513419793752706,0.0
31,7,-0.002435723701698483,0.0
31,8,-0.0023494981556995867,0.0
31,9,-0.002256003089414882,0.0
31,10,-0.0021565448960357745,0.0
31,11,-0.002052443751168631,0.0
31,12,-0.0019450030564040451,0.0
31,13,-0.0018354819749915703,0.0
31,14,-0.0017250717857072687,0.0
31,15,-0.0016148765237869202,0.0
31,16,-0.001505898127339635,0.0
31,17,-0.0013990260793064467,0.0
31,18,-0.0012950313400312541,0.0
31,19,-0.001194564210747566,0.0
31,20,-0.0010981556564925183,0.0
31,21,-0.0010062215473125998,0.0
31,22,-0.0009190692455233734,0.0
31,23,-0.0008369059687264138,0.0
31,24,-0.0007598483867114713,0.0
31,25,-0.0006879329584000804,0.0
31,26,-0.0006211265760010978,0.0
31,27,-0.0005593371516110361,0.0
31,28,-0.0005024238515968946,0.0
31,29,-0.0004502067522877096,0.0
31,30,-0.00040247575386207906,0.0
31,31,-0.0003589986459124428,0.0
31,32,-0.0003195282668955908,0.0
31,33,-0.0003589986459124428,0.0
31,34,-0.00040247575386207906,0.0
31,35,-0.0004502067522877096,0.0
31,36,-0.0005024238515968946,0.0
31,37,-0.0005593371516110361,0.0
31,38,-0.0006211265760010978,0.0
31,39,-0.0006879329584000804,0.0
31,40,-0.0007598483867114713,0.0
31,41,-0.0008369059687264138,0.0
31,42,-0.0009190692455233734,0.0
31,43,-0.0010062215473125998,0.0
31,44,-0.0010981556564925183,0.0
31,45,-0.001194564210747566,0.0
31,46,-0.0012950313400312541,0.0
31,47,-0.0013990260793064467,0.0
31,48,-0.001505898127339635,0.0
31,49,-0.0016148765237869202,0.0
31,50,-0.0017250717857072687,0.0
31,51,-0.0018354819749915703,0.0
31,52,-0.0019450030564040451,0.0
31,53,-0.002052443751168631,0.0
31,54,-0.0021565448960357745,0.0
31,55,-0.002256003089414882,0.0
31,56,-0.0023494981556995867,0.0
31,57,-0.002435723701698483,0.0
31,58,-0.002513419793752706,0.0
31,59,-0.002581406571209836,0.0
31,60,-0.002638617451980039,0.0
31,61,-0.0026841304972852523,0.0
31,62,-0.002717196499339582,0.0
31,63,-0.0027372624450332974,0.0
32,0,-0.0023551356542323943,0.0
32,1,-0.0023494981556995867,0.0
32,2,-0.002332678884812643,0.0
32,3,-0.0023049545656072005,0.0
32,4,-0.0022667767203098784,0.0
32,5,-0.002218757653692788,0.0
32,6,-0.0021616518149952324,0.0
32,7,-0.0020963334355767796,0.0
32,8,-0.0020237714842183817,0.0
32,9,-0.0019450030564040451,0.0
32,10,-0.0018611063181770636,0.0
32,11,-0.001773174064266867,0.0
32,12,-0.001682288833956423,0.0
32,13,-0.0015895003698736976,0.0
32,14,-0.0014958060196418037,0.0
32,15,-0.0014021344834444708,0.0
32,16,-0.001309333116228737,0.0
32,17,-0.0012181588134205412,0.0
32,18,-0.0011292723527179342,0.0
32,19,-0.001043235937629854,0.0
32,20,-0.0009605135937384615,0.0
32,21,-0.0008814740062424104,0.0
32,22,-0.0008063953550514023,0.0
32,23,-0.0007354716978307586,0.0
32,24,-0.0006688204672547379,0.0
32,25,-0.0006064906812275591,0.0
32,26,-0.000548471508932193,0.0
32,27,-0.0004947008866254116,0.0
32,28,-0.0004450739310919935,0.0
32,29,-0.00039945095232304576,0.0
32,30,-0.0003576649177907809,0.0
32,31,-0.0003195282668955908,0.0
32,32,-0.00028483901466722837,0.0
32,33,-0.0003195282668955908,0.0
32,34,-0.0003576649177907809,0.0
32,35,-0.00039945095232304576,0.0
32,36,-0.0004450739310919935,0.0
32,37,-0.0004947008866254116,0.0
32,38,-0.000548471508932193,0.0
32,39,-0.0006064906812275591,0.0
32,40,-0.0006688204672547379,0.0
32,41,-0.0007354716978307586,0.0
32,42,-0.0008063953550514023,0.0
32,43,-0.0008814740062424104,0.0
32,44,-0.0009605135937384615,0.0
32,45,-0.001043235937629854,0.0
32,46,-0.0011292723527179342,0.0
32,47,-0.0012181588134205412,0.0
32,48,-0.001309333116228737,0.0
32,49,-0.0014021344834444708,0.0
32,50,-0.0014958060196418037,0.0
32,51,-0.0015895003698736976,0.0
32,52,-0.001682288833956423,0.0
32,53,-0.001773174064266867,0.0
32,54,-0.0018611063181770636,0.0
32,55,-0.0019450030564040451,0.0
32,56,-0.0020237714842183817,0.0
32,57,-0.0020963334355767796,0.0
32,58,-0.0021616518149952324,0.0
32,59,-0.002218757653692788,0.0
32,60,-0.0022667767203098784,0.0
32,61,-0.0023049545656072005,0.0
32,62,-0.002332678884812643,0.0
32,63,-0.0023494981556995867,0.0
33,0,-0.0027439891903195883,0.0
33,1,-0.0027372624450332974,0.0
33,2,-0.002717196499339582,0.0
33,3,-0.0026841304972852523,0.0
33,4,-0.002638617451980039,0.0
33,5,-0.002581406571209836,0.0
33,6,-0.002513419793752706,0.0
33,7,-0.002435723701698483,0.0
33,8,-0.0023494981556995867,0.0
33,9,-0.002256003089414882,0.0
33,10,-0.0021565448960357745,0.0
33,11,-0.002052443751168631,0.0
33,12,-0.0019450030564040451,0.0
33,13,-0.0018354819749915703,0.0
33,14,-0.0017250717857072687,0.0
33,15,-0.0016148765237869202,0.0
33,16,-0.001505898127339635,0.0
33,17,-0.0013990260793064467,0.0
33,18,-0.0012950313400312541,0.0
33,19,-0.001194564210747566,0.0
33,20,-0.0010981556564925183,0.0
33,21,-0.0010062215473125998,0.0
33,22,-0.0009190692455233734,0.0
33,23,-0.0008369059687264138,0.0
33,24,-0.0007598483867114713,0.0
33,25,-0.0006879329584000804,0.0
33,26,-0.0006211265760010978,0.0
33,27,-0.0005593371516110361,0.0
33,28,-0.0005024238515968946,0.0
33,29,-0.0004502067522877096,0.0
33,30,-0.00040247575386207906,0.0
33,31,-0.0003589986459124428,0.0
33,32,-0.0003195282668955908,0.0
33,33,-0.0003589986459124428,0.0
33,34,-0.00040247575386207906,0.0
33,35,-0.0004502067522877096,0.0
33,36,-0.0005024238515968946,0.0
33,37,-0.0005593371516110361,0.0
33,38,-0.0006211265760010978,0.0
33,39,-0.0006879329584000804,0.0
33,40,-0.0007598483867114713,0.0
33,41,-0.0008369059687264138,0.0
33,42,-0.0009190692455233734,0.0
33,43,-0.0010062215473125998,0.0
33,44,-0.0010981556564925183,0.0
33,45,-0.001194564210747566,0.0
33,46,-0.0012950313400312541,0.0
33,47,-0.0013990260793064467,0.0
33,48,-0.001505898127339635,0.0
33,49,-0.0016148765237869202,0.0
33,50,-0.0017250717857072687,0.0
33,51,-0.0018354819749915703,0.0
33,52,-0.0019450030564040451,0.0
33,53,-0.002052443751168631,0.0
33,54,-0.0021565448960357745,0.0
33,55,-0.002256003089414882,0.0
33,56,-0.0023494981556995867,0.0
33,57,-0.002435723701698483,0.0
33,58,-0.002513419793752706,0.0
33,59,-0.002581406571209836,0.0
33,60,-0.002638617451980039,0.0
33,61,-0.0026841304972852523,0.0
33,62,-0.002717196499339582,0.0
33,63,-0.0027372624450332974,0.0
34,0,-0.003193063373725989,0.0
34,1,-0.0031850437650154315,0.0
34,2,-0.0031611249993815835,0.0
34,3,-0.0031217225510852186,0.0
34,4,-0.0030675134401974805,0.0
34,5,-0.0029994139452487706,0.0
34,6,-0.002918550067762228,0.0
34,7,-0.002826222260699625,0.0
34,8,-0.0027238661620020213,0.0
34,9,-0.0026130111807283053,0.0
34,10,-0.002495238767138992,0.0
34,11,-0.0023721420704751594,0.0
34,12,-0.0022452884687686647,0.0
34,13,-0.0021161861691515733,0.0
34,14,-0.0019862557527375543,0.0
34,15,-0.001856807202684972,0.0
34,16,-0.0017290226319740332,0.0
34,17,-0.0016039446383811318,0.0
34,18,-0.0014824699719642378,0.0
34,19,-0.0013653480129478153,0.0
34,20,-0.0012531834275448012,0.0
34,21,-0.0011464422936825658,0.0
34,22,-0.0010454609620533263,0.0
34,23,-0.000950456932394115,0.0
34,24,-0.0008615410713309349,0.0
34,25,-0.0007787305672795596,0.0
34,26,-0.0007019621011660506,0.0
34,27,-0.0006311048015907191,0.0
34,28,-0.0005659726433499141,0.0
34,29,-0.0005063360342397576,0.0
34,30,-0.00045193241348096783,0.0
34,31,-0.00040247575386207906,0.0
34,32,-0.0003576649177907809,0.0
34,33,-0.00040247575386207906,0.0
34,34,-0.00045193241348096783,0.0
34,35,-0.0005063360342397576,0.0
34,36,-0.0005659726433499141,0.0
34,37,-0.0006311048015907191,0.0
34,38,-0.0007019621011660506,0.0
34,39,-0.0007787305672795596,0.0
34,40,-0.0008615410713309349,0.0
34,41,-0.000950456932394115,0.0
34,42,-0.0010454609620533263,0.0
34,43,-0.0011464422936825658,0.0
34,44,-0.0012531834275448012,0.0
34,45,-0.0013653480129478153,0.0
34,46,-0.0014824699719642378,0.0
34,47,-0.0016039446383811318,0.0
34,48,-0.0017290226319740332,0.0
34,49,-0.001856807202684972,0.0
34,50,-0.0019862557527375543,0.0
34,51,-0.0021161861691515733,0.0
34,52,-0.0022452884687686647,0.0
34,53,-0.0023721420704751594,0.0
34,54,-0.002495238767138992,0.0
34,55,-0.0026130111807283053,0.0
34,56,-0.0027238661620020213,0.0
34,57,-0.002826222260699625,0.0
34,58,-0.002918550067762228,0.0
34,59,-0.0029994139452487706,0.0
34,60,-0.0030675134401974805,0.0
34,61,-0.0031217225510852186,0.0
34,62,-0.0031611249993815835,0.0
34,63,-0.0031850437650154315,0.0
35,0,-0.003710658545692845,0.0
35,1,-0.0037011067462454786,0.0
35,2,-0.0036726228981178682,0.0
35,3,-0.003625715706975905,0.0
35,4,-0.0035612135299280924,0.0
35,5,-0.0034802362784495068,0.0
35,6,-0.0033841582517680807,0.0
35,7,-0.0032745638621026105,0.0
35,8,-0.0031531985018065653,0.0
35,9,-0.0030219169277577516,0.0
35,10,-0.0028826315019210573,0.0
35,11,-0.0027372624450332974,0.0
35,12,-0.0025876919603892256,0.0
35,13,-0.002435723701698483,0.0
35,14,-0.002283048630825202,0.0
35,15,-0.0021312178745655965,0.0
35,16,-0.0019816227764602413,0.0
35,17,-0.0018354819749915703,0.0
35,18,-0.0016938350402682864,0.0
35,19,-0.0015575419761524557,0.0
35,20,-0.001427287745088637,0.0
35,21,-0.0013035908940401922,0.0
35,22,-0.0011868153430498105,0.0
35,23,-0.0010771844315841594,0.0
35,24,-0.0009747963895371978,0.0
35,25,-0.0008796404973150209,0.0
35,26,-0.0007916133116901448,0.0
35,27,-0.0007105344516620149,0.0
35,28,-0.0006361615539086445,0.0
35,29,-0.0005682041150542843,0.0
35,30,-0.0005063360342397576,0.0
35,31,-0.0004502067522877096,0.0
35,32,-0.00039945095232304576,0.0
35,33,-0.0004502067522877096,0.0
35,34,-0.0005063360342397576,0.0
35,35,-0.0005682041150542843,0.0
35,36,-0.0006361615539086445,0.0
35,37,-0.0007105344516620149,0.0
35,38,-0.0007916133116901448,0.0
35,39,-0.0008796404973150209,0.0
35,40,-0.0009747963895371978,0.0
35,41,-0.0010771844315841594,0.0
35,42,-0.0011868153430498105,0.0
35,43,-0.0013035908940401922,0.0
35,44,-0.001427287745088637,0.0
35,45,-0.0015575419761524557,0.0
35,46,-0.0016938350402682864,0.0
35,47,-0.0018354819749915703,0.0
35,48,-0.0019816227764602413,0.0
35,49,-0.0021312178745655965,0.0
35,50,-0.002283048630825202,0.0
35,51,-0.002435723701698483,0.0
35,52,-0.0025876919603892256,0.0
35,53,-0.0027372624450332974,0.0
35,54,-0.0028826315019210573,0.0
35,55,-0.0030219169277577516,0.0
35,56,-0.0031531985018065653,0.0
35,57,-0.0032745638621026105,0.0
35,58,-0.0033841582517680807,0.0
35,59,-0.0034802362784495068,0.0
35,60,-0.0035612135299280924,0.0
35,61,-0.003625715706975905,0.0
35,62,-0.0036726228981178682,0.0
35,63,-0.0037011067462454786,0.0
36,0,-0.004305937371071206,0.0
36,1,-0.004294572952040921,0.0
36,2,-0.0042606896662707,0.0
36,3,-0.004204909923291621,0.0
36,4,-0.004128246488783336,0.0
36,5,-0.004032067082566455,0.0
36,6,-0.0039180476368301,0.0
36,7,-0.0037881167569637103,0.0
36,8,-0.0036443942903992698,0.0
36,9,-0.0034891270548902116,0.0
36,10,-0.003324624710423984,0.0
36,11,-0.0031531985018065653,0.0
36,12,-0.002977105190418111,0.0
36,13,-0.002798497981753202,0.0
36,14,-0.002619385691436378,0.0
36,15,-0.0024416008252721665,0.0
36,16,-0.0022667767203098784,0.0
36,17,-0.0020963334355767796,0.0
36,18,-0.001931471713396448,0.0
36,19,-0.001773174064266867,0.0
36,20,-0.0016222118595922118,0.0
36,21,-0.0014791572390025598,0.0
36,22,-0.0013443986392326936,0.0
36,23,-0.0012181588134205412,0.0
36,24,-0.00110051431630797,0.0
36,25,-0.0009914155660746204,0.0
36,26,-0.0008907067432003885,0.0
36,27,-0.0007981449391388258,0.0
36,28,-0.0007134181137323143,0.0
36,29,-0.0006361615539086445,0.0
36,30,-0.0005659726433499141,0.0
36,31,-0.0005024238515968946,0.0
36,32,-0.0004450739310919935,0.0
36,33,-0.0005024238515968946,0.0
36,34,-0.0005659726433499141,0.0
36,35,-0.0006361615539086445,0.0
36,36,-0.0007134181137323143,0.0
36,37,-0.0007981449391388258,0.0
36,38,-0.0008907067432003885,0.0
36,39,-0.0009914155660746204,0.0
36,40,-0.00110051431630797,0.0
36,41,-0.0012181588134205412,0.0
36,42,-0.0013443986392326936,0.0
36,43,-0.0014791572390025598,0.0
36,44,-0.0016222118595922118,0.0
36,45,-0.001773174064266867,0.0
36,46,-0.001931471713396448,0.0
36,47,-0.0020963334355767796,0.0
36,48,-0.0022667767203098784,0.0
36,49,-0.0024416008252721665,0.0
36,50,-0.002619385691436378,0.0
36,51,-0.002798497981753202,0.0
36,52,-0.002977105190418111,0.0
36,53,-0.0031531985018065653,0.0
36,54,-0.003324624710423984,0.0
36,55,-0.0034891270548902116,0.0
36,56,-0.0036443942903992698,0.0
36,57,-0.0037881167569637103,0.0
36,58,-0.0039180476368301,0.0
36,59,-0.004032067082566455,0.0
36,60,-0.004128246488783336,0.0
36,61,-0.004204909923291621,0.0
36,62,-0.0042606896662707,0.0
36,63,-0.004294572952040921,0.0
37,0,-0.004988927491633935,0.0
37,1,-0.004975423077979555,0.0
37,2,-0.0049351665961974355,0.0
37,3,-0.004868918859457686,0.0
37,4,-0.004777916902815307,0.0
37,5,-0.004663829418256412,0.0
37,6,-0.004528698026687264,0.0
37,7,-0.004374867677629899,0.0
37,8,-0.004204909923291621,0.0
37,9,-0.004021542981955895,0.0
37,10,-0.0038275523931435426,0.0
37,11,-0.003625715706975905,0.0
37,12,-0.0034187340961987557,0.0
37,13,-0.0032091730971835703,0.0
37,14,-0.0029994139452487706,0.0
37,15,-0.0027916162347921903,0.0
37,16,-0.0025876919603892256,0.0
37,17,-0.0023892904211730913,0.0
37,18,-0.002197793021639212,0.0
37,19,-0.0020143166865625966,0.0
37,20,-0.0018397244222185729,0.0
37,21,-0.0016746414871444792,0.0
37,22,-0.001519475663683637,0.0
37,23,-0.0013744402239866413,0.0
37,24,-0.0012395783382432835,0.0
37,25,-0.001114787857672413,0.0
37,26,-0.0009998456022294224,0.0
37,27,-0.0008944304787845502,0.0
37,28,-0.0007981449391388258,0.0
37,29,-0.0007105344516620149,0.0
37,30,-0.0006311048015907191,0.0
37,31,-0.0005593371516110361,0.0
37,32,-0.0004947008866254116,0.0
37,33,-0.0005593371516110361,0.0
37,34,-0.0006311048015907191,0.0
37,35,-0.0007105344516620149,0.0
37,36,-0.0007981449391388258,0.0
37,37,-0.0008944304787845502,0.0
37,38,-0.0009998456022294224,0.0
37,39,-0.001114787857672413,0.0
37,40,-0.0012395783382432835,0.0
37,41,-0.0013744402239866413,0.0
37,42,-0.001519475663683637,0.0
37,43,-0.0016746414871444792,0.0
37,44,-0.0018397244222185729,0.0
37,45,-0.0020143166865625966,0.0
37,46,-0.002197793021639212,0.0
37,47,-0.0023892904211730913,0.0
37,48,-0.0025876919603892256,0.0
37,49,-0.0027916162347921903,0.0
37,50,-0.0029994139452487706,0.0
37,51,-0.0032091730971835703,0.0
37,52,-0.0034187340961987557,0.0
37,53,-0.003625715706975905,0.0
37,54,-0.0038275523931435426,0.0
37,55,-0.004021542981955895,0.0
37,56,-0.004204909923291621,0.0
37,57,-0.004374867677629899,0.0
37,58,-0.004528698026687264,0.0
37,59,-0.004663829418256412,0.0
37,60,-0.004777916902815307,0.0
37,61,-0.004868918859457686,0.0
37,62,-0.0049351665961974355,0.0
37,63,-0.004975423077979555,0.0
38,0,-0.005770488598361304,0.0
38,1,-0.005754463711857651,0.0
38,2,-0.005706702645740012,0.0
38,3,-0.005628134261377946,0.0
38,4,-0.005520267659460514,0.0
38,5,-0.005385136160840561,0.0
38,6,-0.0052252236232748946,0.0
38,7,-0.0050433773436233155,0.0
38,8,-0.004842712367081849,0.0
38,9,-0.004626512217147777,0.0
38,10,-0.004398130883253574,0.0
38,11,-0.004160900404031892,0.0
38,12,-0.0039180476368301,0.0
38,13,-0.0036726228981178682,0.0
38,14,-0.0034274421883523885,0.0
38,15,-0.0031850437650154315,0.0
38,16,-0.0029476589696793456,0.0
38,17,-0.002717196499339582,0.0
38,18,-0.002495238767138992,0.0
38,19,-0.002283048630825202,0.0
38,20,-0.002081584569820038,0.0
38,21,-0.0018915223425197962,0.0
38,22,-0.0017132812260643986,0.0
38,23,-0.001547053100207752,0.0
38,24,-0.00139283285473059,0.0
38,25,-0.0012504488489106127,0.0
38,26,-0.0011195924094048364,0.0
38,27,-0.0009998456022294224,0.0
38,28,-0.0008907067432003885,0.0
38,29,-0.0007916133116901448,0.0
38,30,-0.0007019621011660506,0.0
38,31,-0.0006211265760010978,0.0
38,32,-0.000548471508932193,0.0
38,33,-0.0006211265760010978,0.0
38,34,-0.0007019621011660506,0.0
38,35,-0.0007916133116901448,0.0
38,36,-0.0008907067432003885,0.0
38,37,-0.0009998456022294224,0.0
38,38,-0.0011195924094048364,0.0
38,39,-0.0012504488489106127,0.0
38,40,-0.00139283285473059,0.0
38,41,-0.001547053100207752,0.0
38,42,-0.0017132812260643986,0.0
38,43,-0.0018915223425197962,0.0
38,44,-0.002081584569820038,0.0
38,45,-0.002283048630825202,0.0
38,46,-0.002495238767138992,0.0
38,47,-0.002717196499339582,0.0
38,48,-0.0029476589696793456,0.0
38,49,-0.0031850437650154315,0.0
38,50,-0.0034274421883523885,0.0
38,51,-0.0036726228981178682,0.0
38,52,-0.0039180476368301,0.0
38,53,-0.004160900404031892,0.0
38,54,-0.004398130883253574,0.0
38,55,-0.004626512217147777,0.0
38,56,-0.004842712367081849,0.0
38,57,-0.0050433773436233155,0.0
38,58,-0.0052252236232748946,0.0
38,59,-0.005385136160840561,0.0
38,60,-0.005520267659460514,0.0
38,61,-0.005628134261377946,0.0
38,62,-0.005706702645740012,0.0
38,63,-0.005754463711857651,0.0
39,0,-0.006662229134084468,0.0
39,1,-0.006643243985471139,0.0
39,2,-0.006586670945839473,0.0
39,3,-0.006493642257264215,0.0
39,4,-0.006365996007786266,0.0
39,5,-0.006206205863393187,0.0
39,6,-0.0060172888101436145,0.0
39,7,-0.005802696374499351,0.0
39,8,-0.005566195507904009,0.0
39,9,-0.005311745540408896,0.0
39,10,-0.0050433773436233155,0.0
39,11,-0.004765080159550274,0.0
39,12,-0.004480700549752624,0.0
39,13,-0.004193856720642834,0.0
39,14,-0.003907870211507129,0.0
39,15,-0.003625715706975905,0.0
39,16,-0.0033499886471729315,0.0
39,17,-0.0030828894197249194,0.0
39,18,-0.002826222260699625,0.0
39,19,-0.002581406571209836,0.0
39,20,-0.0023494981556995867,0.0
39,21,-0.0021312178745655965,0.0
39,22,-0.0019269853373641746,0.0
39,23,-0.001736955500861409,0.0
39,24,-0.0015610563384581486,0.0
39,25,-0.0013990260793064467,0.0
39,26,-0.0012504488489106127,0.0
39,27,-0.001114787857672413,0.0
39,28,-0.0009914155660746204,0.0
39,29,-0.0008796404973150209,0.0
39,30,-0.0007787305672795596,0.0
39,31,-0.0006879329584000804,0.0
39,32,-0.0006064906812275591,0.0
39,33,-0.0006879329584000804,0.0
39,34,-0.0007787305672795596,0.0
39,35,-0.0008796404973150209,0.0
39,36,-0.0009914155660746204,0.0
39,37,-0.001114787857672413,0.0
39,38,-0.0012504488489106127,0.0
39,39,-0.0013990260793064467,0.0
39,40,-0.0015610563384581486,0.0
39,41,-0.001736955500861409,0.0
39,42,-0.0019269853373641746,0.0
39,43,-0.0021312178745655965,0.0
39,44,-0.0023494981556995867,0.0
39,45,-0.002581406571209836,0.0
39,46,-0.002826222260699625,0.0
39,47,-0.0030828894197249194,0.0
39,48,-0.0033499886471729315,0.0
39,49,-0.003625715706975905,0.0
39,50,-0.003907870211507129,0.0
39,51,-0.004193856720642834,0.0
39,52,-0.004480700549752624,0.0
39,53,-0.004765080159550274,0.0
39,54,-0.0050433773436233155,0.0
39,55,-0.005311745540408896,0.0
39,56,-0.005566195507904009,0.0
39,57,-0.005802696374499351,0.0
39,58,-0.0060172888101436145,0.0
39,59,-0.006206205863393187,0.0
39,60,-0.006365996007786266,0.0
39,61,-0.006493642257264215,0.0
39,62,-0.006586670945839473,0.0
39,63,-0.006643243985471139,0.0
40,0,-0.007676353251444951,0.0
40,1,-0.007653902926335077,0.0
40,2,-0.007587017316480093,0.0
40,3,-0.007477073761053383,0.0
40,4,-0.007326306505873491,0.0
40,5,-0.007137718832341472,0.0
40,6,-0.006914967876162431,0.0
40,7,-0.006662229134084468,0.0
40,8,-0.006384048560725438,0.0
40,9,-0.006085190410150115,0.0
40,10,-0.005770488598361304,0.0
40,11,-0.005444708438693621,0.0
40,12,-0.0051124242680575145,0.0
40,13,-0.004777916902815307,0.0
40,14,-0.004445093208605426,0.0
40,15,-0.004117428491830092,0.0
40,16,-0.0037979310422102943,0.0
40,17,-0.0034891270548902116,0.0
40,18,-0.003193063373725989,0.0
40,19,-0.0029113250238112765,0.0
40,20,-0.0026450643113878534,0.0
40,21,-0.0023950383148914805,0.0
40,22,-0.0021616518149952324,0.0
40,23,-0.0019450030564040451,0.0
40,24,-0.0017449301471771437,0.0
40,25,-0.0015610563384581486,0.0
40,26,-0.00139283285473059,0.0
40,27,-0.0012395783382432835,0.0
40,28,-0.00110051431630797,0.0
40,29,-0.0009747963895371978,0.0
40,30,-0.0008615410713309349,0.0
40,31,-0.0007598483867114713,0.0
40,32,-0.0006688204672547379,0.0
40,33,-0.0007598483867114713,0.0
40,34,-0.0008615410713309349,0.0
40,35,-0.0009747963895371978,0.0
40,36,-0.00110051431630797,0.0
40,37,-0.0012395783382432835,0.0
40,38,-0.00139283285473059,0.0
40,39,-0.0015610563384581486,0.0
40,40,-0.0017449301471771437,0.0
40,41,-0.0019450030564040451,0.0
40,42,-0.0021616518149952324,0.0
40,43,-0.0023950383148914805,0.0
40,44,-0.0026450643113878534,0.0
40,45,-0.0029113250238112765,0.0
40,46,-0.003193063373725989,0.0
40,47,-0.0034891270548902116,0.0
40,48,-0.0037979310422102943,0.0
40,49,-0.004117428491830092,0.0
40,50,-0.004445093208605426,0.0
40,51,-0.004777916902815307,0.0
40,52,-0.0051124242680575145,0.0
40,53,-0.005444708438693621,0.0
40,54,-0.005770488598361304,0.0
40,55,-0.006085190410150115,0.0
40,56,-0.006384048560725438,0.0
40,57,-0.006662229134084468,0.0
40,58,-0.006914967876162431,0.0
40,59,-0.007137718832341472,0.0
40,60,-0.007326306505873491,0.0
40,61,-0.007477073761053383,0.0
40,62,-0.007587017316480093,0.0
40,63,-0.007653902926335077,0.0
41,0,-0.008825412801955842,0.0
41,1,-0.008798922562311559,0.0
41,2,-0.008720016653155605,0.0
41,3,-0.008590366123446817,0.0
41,4,-0.008412679647160205,0.0
41,5,-0.00819059412092511,0.0
41,6,-0.00792853144488327,0.0
41,7,-0.007631530372248576,0.0
41,8,-0.007305063459487809,0.0
41,9,-0.006954849454662038,0.0
41,10,-0.006586670945839473,0.0
41,11,-0.006206205863393187,0.0
41,12,-0.005818879669402468,0.0
41,13,-0.005429742996161842,0.0
41,14,-0.0050433773436233155,0.0
41,15,-0.004663829418256412,0.0
41,16,-0.004294572952040921,0.0
41,17,-0.003938495479990911,0.0
41,18,-0.0035979066182745658,0.0
41,19,-0.0032745638621026105,0.0
41,20,-0.0029697117649269953,0.0
41,21,-0.0026841304972852523,0.0
41,22,-0.0024181901351087824,0.0
41,23,-0.0021719075157030803,0.0
41,24,-0.0019450030564040451,0.0
41,25,-0.001736955500861409,0.0
41,26,-0.001547053100207752,0.0
41,27,-0.0013744402239866413,0.0
41,28,-0.0012181588134205412,0.0
41,29,-0.0010771844315841594,0.0
41,30,-0.000950456932394115,0.0
41,31,-0.0008369059687264138,0.0
41,32,-0.0007354716978307586,0.0
41,33,-0.0008369059687264138,0.0
41,34,-0.000950456932394115,0.0
41,35,-0.0010771844315841594,0.0
41,36,-0.0012181588134205412,0.0
41,37,-0.0013744402239866413,0.0
41,38,-0.001547053100207752,0.0
41,39,-0.001736955500861409,0.0
41,40,-0.0019450030564040451,0.0
41,41,-0.0021719075157030803,0.0
41,42,-0.0024181901351087824,0.0
41,43,-0.0026841304972852523,0.0
41,44,-0.0029697117649269953,0.0
41,45,-0.0032745638621026105,0.0
41,46,-0.0035979066182745658,0.0
41,47,-0.003938495479990911,0.0
41,48,-0.004294572952040921,0.0
41,49,-0.004663829418256412,0.0
41,50,-0.0050433773436233155,0.0
41,51,-0.005429742996161842,0.0
41,52,-0.005818879669402468,0.0
41,53,-0.006206205863393187,0.0
41,54,-0.006586670945839473,0.0
41,55,-0.006954849454662038,0.0
41,56,-0.007305063459487809,0.0
41,57,-0.007631530372248576,0.0
41,58,-0.00792853144488327,0.0
41,59,-0.00819059412092511,0.0
41,60,-0.008412679647160205,0.0
41,61,-0.008590366123446817,0.0
41,62,-0.008720016653155605,0.0
41,63,-0.008798922562311559,0.0
42,0,-0.010121931694263708,0.0
42,1,-0.010090754534957757,0.0
42,2,-0.009997906154827159,0.0
42,3,-0.009845406906858286,0.0
42,4,-0.009636529479084662,0.0
42,5,-0.009375663538073249,0.0
42,6,-0.009068138653616489,0.0
42,7,-0.008720016653155605,0.0
42,8,-0.008337866031076923,0.0
42,9,-0.00792853144488327,0.0
42,10,-0.007498910671442148,0.0
42,11,-0.007055749800476987,0.0
42,12,-0.006605465142658031,0.0
42,13,-0.006153997624570594,0.0
42,14,-0.005706702645740012,0.0
42,15,-0.005268275763994378,0.0
42,16,-0.004842712367081849,0.0
42,17,-0.00443329780825714,0.0
42,18,-0.004042623375153162,0.0
42,19,-0.0036726228981178682,0.0
42,20,-0.003324624710423984,0.0
42,21,-0.0029994139452487706,0.0
42,22,-0.00269730068218624,0.0
42,23,-0.0024181901351087824,0.0
42,24,-0.0021616518149952324,0.0
42,25,-0.0019269853373641746,0.0
42,26,-0.0017132812260643986,0.0
42,27,-0.001519475663683637,0.0
42,28,-0.0013443986392326936,0.0
42,29,-0.0011868153430498105,0.0
42,30,-0.0010454609620533263,0.0
42,31,-0.0009190692455233734,0.0
42,32,-0.0008063953550514023,0.0
42,33,-0.0009190692455233734,0.0
42,34,-0.0010454609620533263,0.0
42,35,-0.0011868153430498105,0.0
42,36,-0.0013443986392326936,0.0
42,37,-0.001519475663683637,0.0
42,38,-0.0017132812260643986,0.0
42,39,-0.0019269853373641746,0.0
42,40,-0.0021616518149952324,0.0
42,41,-0.0024181901351087824,0.0
42,42,-0.00269730068218624,0.0
42,43,-0.0029994139452487706,0.0
42,44,-0.003324624710423984,0.0
42,45,-0.0036726228981178682,0.0
42,46,-0.004042623375153162,0.0
42,47,-0.00443329780825714,0.0
42,48,-0.004842712367081849,0.0
42,49,-0.005268275763994378,0.0
42,50,-0.005706702645740012,0.0
42,51,-0.006153997624570594,0.0
42,52,-0.006605465142658031,0.0
42,53,-0.007055749800476987,0.0
42,54,-0.007498910671442148,0.0
42,55,-0.00792853144488327,0.0
42,56,-0.008337866031076923,0.0
42,57,-0.008720016653155605,0.0
42,58,-0.009068138653616489,0.0
42,59,-0.009375663538073249,0.0
42,60,-0.009636529479084662,0.0
42,61,-0.009845406906858286,0.0
42,62,-0.009997906154827159,0.0
42,63,-0.010090754534957757,0.0
43,0,-0.011577860527080366,0.0
43,1,-0.011541278755954868,0.0
43,2,-0.011432355749963478,0.0
43,3,-0.011253522975456702,0.0
43,4,-0.011008716988200388,0.0
43,5,-0.010703213476603282,0.0
43,6,-0.010343410068852163,0.0
43,7,-0.009936571642367643,0.0
43,8,-0.009490553828688438,0.0
43,9,-0.009013521028635842,0.0
43,10,-0.008513674492248957,0.0
43,11,-0.007999004005994318,0.0
43,12,-0.007477073761053383,0.0
43,13,-0.006954849454662038,0.0
43,14,-0.006438570036070668,0.0
43,15,-0.005933664139486536,0.0
43,16,-0.005444708438693621,0.0
43,17,-0.004975423077979555,0.0
43,18,-0.004528698026687264,0.0
43,19,-0.004106643617664408,0.0
43,20,-0.003710658545692845,0.0
43,21,-0.0033415090713733607,0.0
43,22,-0.0029994139452487706,0.0
43,23,-0.0026841304972852523,0.0
43,24,-0.0023950383148914805,0.0
43,25,-0.0021312178745655965,0.0
43,26,-0.0018915223425197962,0.0
43,27,-0.0016746414871444792,0.0
43,28,-0.0014791572390025598,0.0
43,29,-0.0013035908940401922,0.0
43,30,-0.0011464422936825658,0.0
43,31,-0.0010062215473125998,0.0
43,32,-0.0008814740062424104,0.0
43,33,-0.0010062215473125998,0.0
43,34,-0.0011464422936825658,0.0
43,35,-0.0013035908940401922,0.0
43,36,-0.0014791572390025598,0.0
43,37,-0.0016746414871444792,0.0
43,38,-0.0018915223425197962,0.0
43,39,-0.0021312178745655965,0.0
43,40,-0.0023950383148914805,0.0
43,41,-0.0026841304972852523,0.0
43,42,-0.0029994139452487706,0.0
43,43,-0.0033415090713733607,0.0
43,44,-0.003710658545692845,0.0
43,45,-0.004106643617664408,0.0
43,46,-0.004528698026687264,0.0
43,47,-0.004975423077979555,0.0
43,48,-0.005444708438693621,0.0
43,49,-0.005933664139486536,0.0
43,50,-0.006438570036070668,0.0
43,51,-0.006954849454662038,0.0
43,52,-0.007477073761053383,0.0
43,53,-0.007999004005994318,0.0
43,54,-0.008513674492248957,0.0
43,55,-0.009013521028635842,0.0
43,56,-0.009490553828688438,0.0
43,57,-0.009936571642367643,0.0
43,58,-0.010343410068852163,0.0
43,59,-0.010703213476603282,0.0
43,60,-0.011008716988200388,0.0
43,61,-0.011253522975456702,0.0
43,62,-0.011432355749963478,0.0
43,63,-0.011541278755954868,0.0
44,0,-0.013203807468177398,0.0
44,1,-0.013161041026620343,0.0
44,2,-0.013033725376887741,0.0
44,3,-0.012824768774634416,0.0
44,4,-0.012538878386267945,0.0
44,5,-0.012182359505924894,0.0
44,6,-0.011762852181121964,0.0
44,7,-0.01128902170545435,0.0
44,8,-0.01077022214034468,0.0
44,9,-0.01021615311947652,0.0
44,10,-0.009636529479084662,0.0
44,11,-0.009040780830059018,0.0
44,12,-0.008437794405153186,0.0
44,13,-0.007835709931361534,0.0
44,14,-0.007241770513994297,0.0
44,15,-0.006662229134084468,0.0
44,16,-0.006102306762961667,0.0
44,17,-0.005566195507904009,0.0
44,18,-0.005057098663492332,0.0
44,19,-0.004577298959634093,0.0
44,20,-0.004128246488783336,0.0
44,21,-0.003710658545692845,0.0
44,22,-0.003324624710423984,0.0
44,23,-0.0029697117649269953,0.0
44,24,-0.0026450643113878534,0.0
44,25,-0.0023494981556995867,0.0
44,26,-0.002081584569820038,0.0
44,27,-0.0018397244222185729,0.0
44,28,-0.0016222118595922118,0.0
44,29,-0.001427287745088637,0.0
44,30,-0.0012531834275448012,0.0
44,31,-0.0010981556564925183,0.0
44,32,-0.0009605135937384615,0.0
44,33,-0.0010981556564925183,0.0
44,34,-0.0012531834275448012,0.0
44,35,-0.001427287745088637,0.0
44,36,-0.0016222118595922118,0.0
44,37,-0.0018397244222185729,0.0
44,38,-0.002081584569820038,0.0
44,39,-0.0023494981556995867,0.0
44,40,-0.0026450643113878534,0.0
44,41,-0.0029697117649269953,0.0
44,42,-0.003324624710423984,0.0
44,43,-0.003710658545692845,0.0
44,44,-0.004128246488783336,0.0
44,45,-0.004577298959634093,0.0
44,46,-0.005057098663492332,0.0
44,47,-0.005566195507904009,0.0
44,48,-0.006102306762961667,0.0
44,49,-0.006662229134084468,0.0
44,50,-0.007241770513994297,0.0
44,51,-0.007835709931361534,0.0
44,52,-0.008437794405153186,0.0
44,53,-0.009040780830059018,0.0
44,54,-0.009636529479084662,0.0
44,55,-0.01021615311947652,0.0
44,56,-0.01077022214034468,0.0
44,57,-0.01128902170545435,0.0
44,58,-0.011762852181121964,0.0
44,59,-0.012182359505924894,0.0
44,60,-0.012538878386267945,0.0
44,61,-0.012824768774634416,0.0
44,62,-0.013033725376887741,0.0
44,63,-0.013161041026620343,0.0
45,0,-0.015007976284743563,0.0
45,1,-0.014958201963042506,0.0
45,2,-0.01481004558512508,0.0
45,3,-0.014566956558473036,0.0
45,4,-0.01423451878037093,0.0
45,5,-0.01382021256850953,0.0
45,6,-0.013333100580337856,0.0
45,7,-0.01278345653176585,0.0
45,8,-0.012182359505924894,0.0
45,9,-0.011541278755954868,0.0
45,10,-0.010871673627747195,0.0
45,11,-0.010184630493781557,0.0
45,12,-0.009490553828688438,0.0
45,13,-0.008798922562311559,0.0
45,14,-0.008118116540256728,0.0
45,15,-0.007455312137994714,0.0
45,16,-0.006816441405441529,0.0
45,17,-0.006206205863393187,0.0
45,18,-0.005628134261377946,0.0
45,19,-0.005084673071784394,0.0
45,20,-0.004577298959634093,0.0
45,21,-0.004106643617664408,0.0
45,22,-0.0036726228981178682,0.0
45,23,-0.0032745638621026105,0.0
45,24,-0.0029113250238112765,0.0
45,25,-0.002581406571209836,0.0
45,26,-0.002283048630825202,0.0
45,27,-0.0020143166865625966,0.0
45,28,-0.001773174064266867,0.0
45,29,-0.0015575419761524557,0.0
45,30,-0.0013653480129478153,0.0
45,31,-0.001194564210747566,0.0
45,32,-0.001043235937629854,0.0
45,33,-0.001194564210747566,0.0
45,34,-0.0013653480129478153,0.0
45,35,-0.0015575419761524557,0.0
45,36,-0.001773174064266867,0.0
45,37,-0.0020143166865625966,0.0
45,38,-0.002283048630825202,0.0
45,39,-0.002581406571209836,0.0
45,40,-0.0029113250238112765,0.0
45,41,-0.0032745638621026105,0.0
45,42,-0.0036726228981178682,0.0
45,43,-0.004106643617664408,0.0
45,44,-0.004577298959634093,0.0
45,45,-0.005084673071784394,0.0
45,46,-0.005628134261377946,0.0
45,47,-0.006206205863393187,0.0
45,48,-0.006816441405441529,0.0
45,49,-0.007455312137994714,0.0
45,50,-0.008118116540256728,0.0
45,51,-0.008798922562311559,0.0
45,52,-0.009490553828688438,0.0
45,53,-0.010184630493781557,0.0
45,54,-0.010871673627747195,0.0
45,55,-0.011541278755954868,0.0
45,56,-0.012182359505924894,0.0
45,57,-0.01278345653176585,0.0
45,58,-0.013333100580337856,0.0
45,59,-0.01382021256850953,0.0
45,60,-0.01423451878037093,0.0
45,61,-0.014566956558473036,0.0
45,62,-0.01481004558512508,0.0
45,63,-0.014958201963042506,0.0
46,0,-0.01699472344803098,0.0
46,1,-0.016937111342448498,0.0
46,2,-0.016765641827356657,0.0
46,3,-0.016484358360939932,0.0
46,4,-0.016099812384950226,0.0
46,5,-0.01562078992931548,0.0
46,6,-0.015057946449846756,0.0
46,7,-0.01442336960695521,0.0
46,8,-0.013730096020374918,0.0
46,9,-0.01299161233203527,0.0
46,10,-0.012221371904827942,0.0
46,11,-0.011432355749963478,0.0
46,12,-0.010636700327586785,0.0
46,13,-0.009845406906858286,0.0
46,14,-0.009068138653616489,0.0
46,15,-0.008313103829084139,0.0
46,16,-0.007587017316480093,0.0
46,17,-0.006895128549131841,0.0
46,18,-0.006241301784434645,0.0
46,19,-0.005628134261377946,0.0
46,20,-0.005057098663492332,0.0
46,21,-0.004528698026687264,0.0
46,22,-0.004042623375153162,0.0
46,23,-0.0035979066182745658,0.0
46,24,-0.003193063373725989,0.0
46,25,-0.002826222260699625,0.0
46,26,-0.002495238767138992,0.0
46,27,-0.002197793021639212,0.0
46,28,-0.001931471713396448,0.0
46,29,-0.0016938350402682864,0.0
46,30,-0.0014824699719642378,0.0
46,31,-0.0012950313400312541,0.0
46,32,-0.0011292723527179342,0.0
46,33,-0.0012950313400312541,0.0
46,34,-0.0014824699719642378,0.0
46,35,-0.0016938350402682864,0.0
46,36,-0.001931471713396448,0.0
46,37,-0.002197793021639212,0.0
46,38,-0.002495238767138992,0.0
46,39,-0.002826222260699625,0.0
46,40,-0.003193063373725989,0.0
46,41,-0.0035979066182745658,0.0
46,42,-0.004042623375153162,0.0
46,43,-0.004528698026687264,0.0
46,44,-0.005057098663492332,0.0
46,45,-0.005628134261377946,0.0
46,46,-0.006241301784434645,0.0
46,47,-0.006895128549131841,0.0
46,48,-0.007587017316480093,0.0
46,49,-0.008313103829084139,0.0
46,50,-0.009068138653616489,0.0
46,51,-0.009845406906858286,0.0
46,52,-0.010636700327586785,0.0
46,53,-0.011432355749963478,0.0
46,54,-0.012221371904827942,0.0
46,55,-0.01299161233203527,0.0
46,56,-0.013730096020374918,0.0
46,57,-0.01442336960695521,0.0
46,58,-0.015057946449846756,0.0
46,59,-0.01562078992931548,0.0
46,60,-0.016099812384950226,0.0
46,61,-0.016484358360939932,0.0
46,62,-0.016765641827356657,0.0
46,63,-0.016937111342448498,0.0
47,0,-0.019162622362022545,0.0
47,1,-0.019096399297413406,0.0
47,2,-0.018899303432064175,0.0
47,3,-0.018575994910558738,0.0
47,4,-0.01813404123529021,0.0
47,5,-0.01758362000871889,0.0
47,6,-0.016937111342448498,0.0
47,7,-0.016208596870314368,0.0
47,8,-0.01541329320504691,0.0
47,9,-0.014566956558473036,0.0
47,10,-0.013685299225910634,0.0
47,11,-0.01278345653176585,0.0
47,12,-0.011875535340631965,0.0
47,13,-0.01097426435225288,0.0
47,14,-0.010090754534957757,0.0
47,15,-0.009234367292877023,0.0
47,16,-0.008412679647160205,0.0
47,17,-0.007631530372248576,0.0
47,18,-0.006895128549131841,0.0
47,19,-0.006206205863393187,0.0
47,20,-0.005566195507904009,0.0
47,21,-0.004975423077979555,0.0
47,22,-0.00443329780825714,0.0
47,23,-0.003938495479990911,0.0
47,24,-0.0034891270548902116,0.0
47,25,-0.0030828894197249194,0.0
47,26,-0.002717196499339582,0.0
47,27,-0.0023892904211730913,0.0
47,28,-0.0020963334355767796,0.0
47,29,-0.0018354819749915703,0.0
47,30,-0.0016039446383811318,0.0
47,31,-0.0013990260793064467,0.0
47,32,-0.0012181588134205412,0.0
47,33,-0.0013990260793064467,0.0
47,34,-0.0016039446383811318,0.0
47,35,-0.0018354819749915703,0.0
47,36,-0.0020963334355767796,0.0
47,37,-0.0023892904211730913,0.0
47,38,-0.002717196499339582,0.0
47,39,-0.0030828894197249194,0.0
47,40,-0.0034891270548902116,0.0
47,41,-0.003938495479990911,0.0
47,42,-0.00443329780825714,0.0
47,43,-0.004975423077979555,0.0
47,44,-0.005566195507904009,0.0
47,45,-0.006206205863393187,0.0
47,46,-0.006895128549131841,0.0
47,47,-0.007631530372248576,0.0
47,48,-0.008412679647160205,0.0
47,49,-0.009234367292877023,0.0
47,50,-0.010090754534957757,0.0
47,51,-0.01097426435225288,0.0
47,52,-0.011875535340631965,0.0
47,53,-0.01278345653176585,0.0
47,54,-0.013685299225910634,0.0
47,55,-0.014566956558473036,0.0
47,56,-0.01541329320504691,0.0
47,57,-0.016208596870314368,0.0
47,58,-0.016937111342448498,0.0
47,59,-0.01758362000871889,0.0
47,60,-0.01813404123529021,0.0
47,61,-0.018575994910558738,0.0
47,62,-0.018899303432064175,0.0
47,63,-0.019096399297413406,0.0
48,0,-0.021501892791909314,0.0
48,1,-0.021426447697313285,0.0
48,2,-0.02120187537833355,0.0
48,3,-0.02083341120306728,0.0
48,4,-0.02032959692868476,0.0
48,5,-0.019701990142643896,0.0
48,6,-0.018964740829429626,0.0
48,7,-0.01813404123529021,0.0
48,8,-0.0172274753926457,0.0
48,9,-0.016263313003287292,0.0
48,10,-0.01525980263545206,0.0
48,11,-0.01423451878037093,0.0
48,12,-0.013203807468177398,0.0
48,13,-0.012182359505924894,0.0
48,14,-0.011182923202607921,0.0
48,15,-0.01021615311947652,0.0
48,16,-0.009290579942878022,0.0
48,17,-0.008412679647160205,0.0
48,18,-0.007587017316480093,0.0
48,19,-0.006816441405441529,0.0
48,20,-0.006102306762961667,0.0
48,21,-0.005444708438693621,0.0
48,22,-0.004842712367081849,0.0
48,23,-0.004294572952040921,0.0
48,24,-0.0037979310422102943,0.0
48,25,-0.0033499886471729315,0.0
48,26,-0.0029476589696793456,0.0
48,27,-0.0025876919603892256,0.0
48,28,-0.0022667767203098784,0.0
48,29,-0.0019816227764602413,0.0
48,30,-0.0017290226319740332,0.0
48,31,-0.001505898127339635,0.0
48,32,-0.001309333116228737,0.0
48,33,-0.001505898127339635,0.0
48,34,-0.0017290226319740332,0.0
48,35,-0.0019816227764602413,0.0
48,36,-0.0022667767203098784,0.0
48,37,-0.0025876919603892256,0.0
48,38,-0.0029476589696793456,0.0
48,39,-0.0033499886471729315,0.0
48,40,-0.0037979310422102943,0.0
48,41,-0.004294572952040921,0.0
48,42,-0.004842712367081849,0.0
48,43,-0.005444708438693621,0.0
48,44,-0.006102306762961667,0.0
48,45,-0.006816441405441529,0.0
48,46,-0.007587017316480093,0.0
48,47,-0.008412679647160205,0.0
48,48,-0.009290579942878022,0.0
48,49,-0.01021615311947652,0.0
48,50,-0.011182923202607921,0.0
48,51,-0.012182359505924894,0.0
48,52,-0.013203807468177398,0.0
48,53,-0.01423451878037093,0.0
48,54,-0.01525980263545206,0.0
48,55,-0.016263313003287292,0.0
48,56,-0.0172274753926457,0.0
48,57,-0.01813404123529021,0.0
48,58,-0.018964740829429626,0.0
48,59,-0.019701990142643896,0.0
48,60,-0.02032959692868476,0.0
48,61,-0.02083341120306728,0.0
48,62,-0.02120187537833355,0.0
48,63,-0.021426447697313285,0.0
49,0,-0.023991015992502366,0.0
49,1,-0.02390607054465753,0.0
49,2,-0.02365312485316979,0.0
49,3,-0.023237823847699648,0.0
49,4,-0.022669467391629426,0.0
49,5,-0.021960794109884718,0.0
49,6,-0.021127602643752633,0.0
49,7,-0.020188189519978316,0.0
49,8,-0.019162622362022545,0.0
49,9,-0.01807190472219962,0.0
49,10,-0.016937111342448498,0.0
49,11,-0.015778575323535566,0.0
49,12,-0.014615194422953259,0.0
49,13,-0.01346389970999396,0.0
49,14,-0.01233930374361288,0.0
49,15,-0.011253522975456702,0.0
49,16,-0.01021615311947652,0.0
49,17,-0.009234367292877023,0.0
49,18,-0.008313103829084139,0.0
49,19,-0.007455312137994714,0.0
49,20,-0.006662229134084468,0.0
49,21,-0.005933664139486536,0.0
49,22,-0.005268275763994378,0.0
49,23,-0.004663829418256412,0.0
49,24,-0.004117428491830092,0.0
49,25,-0.003625715706975905,0.0
49,26,-0.0031850437650154315,0.0
49,27,-0.0027916162347921903,0.0
49,28,-0.0024416008252721665,0.0
49,29,-0.0021312178745655965,0.0
49,30,-0.001856807202684972,0.0
49,31,-0.0016148765237869202,0.0
49,32,-0.0014021344834444708,0.0
49,33,-0.0016148765237869202,0.0
49,34,-0.001856807202684972,0.0
49,35,-0.0021312178745655965,0.0
49,36,-0.0024416008252721665,0.0
49,37,-0.0027916162347921903,0.0
49,38,-0.0031850437650154315,0.0
49,39,-0.003625715706975905,0.0
49,40,-0.004117428491830092,0.0
49,41,-0.004663829418256412,0.0
49,42,-0.005268275763994378,0.0
49,43,-0.005933664139486536,0.0
49,44,-0.006662229134084468,0.0
49,45,-0.007455312137994714,0.0
49,46,-0.008313103829084139,0.0
49,47,-0.009234367292877023,0.0
49,48,-0.01021615311947652,0.0
49,49,-0.011253522975456702,0.0
49,50,-0.01233930374361288,0.0
49,51,-0.01346389970999396,0.0
49,52,-0.014615194422953259,0.0
49,53,-0.015778575323535566,0.0
49,54,-0.016937111342448498,0.0
49,55,-0.01807190472219962,0.0
49,56,-0.019162622362022545,0.0
49,57,-0.020188189519978316,0.0
49,58,-0.021127602643752633,0.0
49,59,-0.021960794109884718,0.0
49,60,-0.022669467391629426,0.0
49,61,-0.023237823847699648,0.0
49,62,-0.02365312485316979,0.0
49,63,-0.02390607054465753,0.0
50,0,-0.02659230899872868,0.0
50,1,-0.02649819026298902,0.0
50,2,-0.026217706314167682,0.0
50,3,-0.025756515345263613,0.0
50,4,-0.025124138875441952,0.0
50,5,-0.024333958727474545,0.0
50,6,-0.023403005922762874,0.0
50,7,-0.02235146219575557,0.0
50,8,-0.02120187537833355,0.0
50,9,-0.01997816588983809,0.0
50,10,-0.018704546616548856,0.0
50,11,-0.017404485020211365,0.0
50,12,-0.016099812384950226,0.0
50,13,-0.01481004558512508,0.0
50,14,-0.013551945639593787,0.0
50,15,-0.01233930374361288,0.0
50,16,-0.011182923202607921,0.0
50,17,-0.010090754534957757,0.0
50,18,-0.009068138653616489,0.0
50,19,-0.008118116540256728,0.0
50,20,-0.007241770513994297,0.0
50,21,-0.006438570036070668,0.0
50,22,-0.005706702645740012,0.0
50,23,-0.0050433773436233155,0.0
50,24,-0.004445093208605426,0.0
50,25,-0.003907870211507129,0.0
50,26,-0.0034274421883523885,0.0
50,27,-0.0029994139452487706,0.0
50,28,-0.002619385691436378,0.0
50,29,-0.002283048630825202,0.0
50,30,-0.0019862557527375543,0.0
50,31,-0.0017250717857072687,0.0
50,32,-0.0014958060196418037,0.0
50,33,-0.0017250717857072687,0.0
50,34,-0.0019862557527375543,0.0
50,35,-0.002283048630825202,0.0
50,36,-0.002619385691436378,0.0
50,37,-0.0029994139452487706,0.0
50,38,-0.0034274421883523885,0.0
50,39,-0.003907870211507129,0.0
50,40,-0.004445093208605426,0.0
50,41,-0.0050433773436233155,0.0
50,42,-0.005706702645740012,0.0
50,43,-0.006438570036070668,0.0
50,44,-0.007241770513994297,0.0
50,45,-0.008118116540256728,0.0
50,46,-0.009068138653616489,0.0
50,47,-0.010090754534957757,0.0
50,48,-0.011182923202607921,0.0
50,49,-0.01233930374361288,0.0
50,50,-0.013551945639593787,0.0
50,51,-0.01481004558512508,0.0
50,52,-0.016099812384950226,0.0
50,53,-0.017404485020211365,0.0
50,54,-0.018704546616548856,0.0
50,55,-0.01997816588983809,0.0
50,56,-0.02120187537833355,0.0
50,57,-0.02235146219575557,0.0
50,58,-0.023403005922762874,0.0
50,59,-0.024333958727474545,0.0
50,60,-0.025124138875441952,0.0
50,61,-0.025756515345263613,0.0
50,62,-0.026217706314167682,0.0
50,63,-0.02649819026298902,0.0
51,0,-0.029246172735373676,0.0
51,1,-0.029144246614316877,0.0
51,2,-0.028840021553998035,0.0
51,3,-0.02833835269119054,0.0
51,4,-0.027647872959512314,0.0
51,5,-0.026781477428361837,0.0
51,6,-0.025756515345263613,0.0
51,7,-0.024594492989895446,0.0
51,8,-0.023320258850078237,0.0
51,9,-0.021960794109884718,0.0
51,10,-0.02054381479622598,0.0
51,11,-0.019096399297413406,0.0
51,12,-0.017643808522136394,0.0
51,13,-0.016208596870314368,0.0
51,14,-0.01481004558512508,0.0
51,15,-0.01346389970999396,0.0
51,16,-0.012182359505924894,0.0
51,17,-0.01097426435225288,0.0
51,18,-0.009845406906858286,0.0
51,19,-0.008798922562311559,0.0
51,20,-0.007835709931361534,0.0
51,21,-0.006954849454662038,0.0
51,22,-0.006153997624570594,0.0
51,23,-0.005429742996161842,0.0
51,24,-0.004777916902815307,0.0
51,25,-0.004193856720642834,0.0
51,26,-0.0036726228981178682,0.0
51,27,-0.0032091730971835703,0.0
51,28,-0.002798497981753202,0.0
51,29,-0.002435723701698483,0.0
51,30,-0.0021161861691515733,0.0
51,31,-0.0018354819749915703,0.0
51,32,-0.0015895003698736976,0.0
51,33,-0.0018354819749915703,0.0
51,34,-0.0021161861691515733,0.0
51,35,-0.002435723701698483,0.0
51,36,-0.002798497981753202,0.0
51,37,-0.0032091730971835703,0.0
51,38,-0.0036726228981178682,0.0
51,39,-0.004193856720642834,0.0
51,40,-0.004777916902815307,0.0
51,41,-0.005429742996161842,0.0
51,42,-0.006153997624570594,0.0
51,43,-0.006954849454662038,0.0
51,44,-0.007835709931361534,0.0
51,45,-0.008798922562311559,0.0
51,46,-0.009845406906858286,0.0
51,47,-0.01097426435225288,0.0
51,48,-0.012182359505924894,0.0
51,49,-0.01346389970999396,0.0
51,50,-0.01481004558512508,0.0
51,51,-0.016208596870314368,0.0
51,52,-0.017643808522136394,0.0
51,53,-0.019096399297413406,0.0
51,54,-0.02054381479622598,0.0
51,55,-0.021960794109884718,0.0
51,56,-0.023320258850078237,0.0
51,57,-0.024594492989895446,0.0
51,58,-0.025756515345263613,0.0
51,59,-0.026781477428361837,0.0
51,60,-0.027647872959512314,0.0
51,61,-0.02833835269119054,0.0
51,62,-0.028840021553998035,0.0
51,63,-0.029144246614316877,0.0
52,0,-0.031863655178373175,0.0
52,1,-0.03175701677077096,0.0
52,2,-0.031437752389108925,0.0
52,3,-0.030908337019631076,0.0
52,4,-0.030174388601983352,0.0
52,5,-0.029246172735373676,0.0
52,6,-0.028139632943737978,0.0
52,7,-0.026876525163311436,0.0
52,8,-0.025483592960483577,0.0
52,9,-0.023991015992502366,0.0
52,10,-0.022430505359191274,0.0
52,11,-0.02083341120306728,0.0
52,12,-0.019229109308878792,0.0
52,13,-0.017643808522136394,0.0
52,14,-0.016099812384950226,0.0
52,15,-0.014615194422953259,0.0
52,16,-0.013203807468177398,0.0
52,17,-0.011875535340631965,0.0
52,18,-0.010636700327586785,0.0
52,19,-0.009490553828688438,0.0
52,20,-0.008437794405153186,0.0
52,21,-0.007477073761053383,0.0
52,22,-0.006605465142658031,0.0
52,23,-0.005818879669402468,0.0
52,24,-0.0051124242680575145,0.0
52,25,-0.004480700549752624,0.0
52,26,-0.0039180476368301,0.0
52,27,-0.0034187340961987557,0.0
52,28,-0.002977105190418111,0.0
52,29,-0.0025876919603892256,0.0
52,30,-0.0022452884687686647,0.0
52,31,-0.0019450030564040451,0.0
52,32,-0.001682288833956423,0.0
52,33,-0.0019450030564040451,0.0
52,34,-0.0022452884687686647,0.0
52,35,-0.0025876919603892256,0.0
52,36,-0.002977105190418111,0.0
52,37,-0.0034187340961987557,0.0
52,38,-0.0039180476368301,0.0
52,39,-0.004480700549752624,0.0
52,40,-0.0051124242680575145,0.0
52,41,-0.005818879669402468,0.0
52,42,-0.006605465142658031,0.0
52,43,-0.007477073761053383,0.0
52,44,-0.008437794405153186,0.0
52,45,-0.009490553828688438,0.0
52,46,-0.010636700327586785,0.0
52,47,-0.011875535340631965,0.0
52,48,-0.013203807468177398,0.0
52,49,-0.014615194422953259,0.0
52,50,-0.016099812384950226,0.0
52,51,-0.017643808522136394,0.0
52,52,-0.019229109308878792,0.0
52,53,-0.02083341120306728,0.0
52,54,-0.022430505359191274,0.0
52,55,-0.023991015992502366,0.0
52,56,-0.025483592960483577,0.0
52,57,-0.026876525163311436,0.0
52,58,-0.028139632943737978,0.0
52,59,-0.029246172735373676,0.0
52,60,-0.030174388601983352,0.0
52,61,-0.030908337019631076,0.0
52,62,-0.031437752389108925,0.0
52,63,-0.03175701677077096,0.0
53,0,-0.034316879226136784,0.0
53,1,-0.03421146113556658,0.0
53,2,-0.03389384922105808,0.0
53,3,-0.0333611767432474,0.0
53,4,-0.03261212522447491,0.0
53,5,-0.03165048065279389,0.0
53,6,-0.030487783825963167,0.0
53,7,-0.029144246614316877,0.0
53,8,-0.027647872959512314,0.0
53,9,-0.026032284578009816,0.0
53,10,-0.024333958727474545,0.0
53,11,-0.022589507236823163,0.0
53,12,-0.02083341120306728,0.0
53,13,-0.019096399297413406,0.0
53,14,-0.017404485020211365,0.0
53,15,-0.015778575323535566,0.0
53,16,-0.01423451878037093,0.0
53,17,-0.01278345653176585,0.0
53,18,-0.011432355749963478,0.0
53,19,-0.010184630493781557,0.0
53,20,-0.009040780830059018,0.0
53,21,-0.007999004005994318,0.0
53,22,-0.007055749800476987,0.0
53,23,-0.006206205863393187,0.0
53,24,-0.005444708438693621,0.0
53,25,-0.004765080159550274,0.0
53,26,-0.004160900404031892,0.0
53,27,-0.003625715706975905,0.0
53,28,-0.0031531985018065653,0.0
53,29,-0.0027372624450332974,0.0
53,30,-0.0023721420704751594,0.0
53,31,-0.002052443751168631,0.0
53,32,-0.001773174064266867,0.0
53,33,-0.002052443751168631,0.0
53,34,-0.0023721420704751594,0.0
53,35,-0.0027372624450332974,0.0
53,36,-0.0031531985018065653,0.0
53,37,-0.003625715706975905,0.0
53,38,-0.004160900404031892,0.0
53,39,-0.004765080159550274,0.0
53,40,-0.005444708438693621,0.0
53,41,-0.006206205863393187,0.0
53,42,-0.007055749800476987,0.0
53,43,-0.007999004005994318,0.0
53,44,-0.009040780830059018,0.0
53,45,-0.010184630493781557,0.0
53,46,-0.011432355749963478,0.0
53,47,-0.01278345653176585,0.0
53,48,-0.01423451878037093,0.0
53,49,-0.015778575323535566,0.0
53,50,-0.017404485020211365,0.0
53,51,-0.019096399297413406,0.0
53,52,-0.02083341120306728,0.0
53,53,-0.022589507236823163,0.0
53,54,-0.024333958727474545,0.0
53,55,-0.026032284578009816,0.0
53,56,-0.027647872959512314,0.0
53,57,-0.029144246614316877,0.0
53,58,-0.030487783825963167,0.0
53,59,-0.03165048065279389,0.0
53,60,-0.03261212522447491,0.0
53,61,-0.0333611767432474,0.0
53,62,-0.03389384922105808,0.0
53,63,-0.03421146113556658,0.0
54,0,-0.036426770853697533,0.0
54,1,-0.03633314773979292,0.0
54,2,-0.036046824095835546,0.0
54,3,-0.03555407706628505,0.0
54,4,-0.03483954789118895,0.0
54,5,-0.03389384922105808,0.0
54,6,-0.03271920030179997,0.0
54,7,-0.03133157796155874,0.0
54,8,-0.029759516676560967,0.0
54,9,-0.028040700616868156,0.0
54,10,-0.026217706314167682,0.0
54,11,-0.024333958727474545,0.0
54,12,-0.022430505359191274,0.0
54,13,-0.02054381479622598,0.0
54,14,-0.018704546616548856,0.0
54,15,-0.016937111342448498,0.0
54,16,-0.01525980263545206,0.0
54,17,-0.013685299225910634,0.0
54,18,-0.012221371904827942,0.0
54,19,-0.010871673627747195,0.0
54,20,-0.009636529479084662,0.0
54,21,-0.008513674492248957,0.0
54,22,-0.007498910671442148,0.0
54,23,-0.006586670945839473,0.0
54,24,-0.005770488598361304,0.0
54,25,-0.0050433773436233155,0.0
54,26,-0.004398130883253574,0.0
54,27,-0.0038275523931435426,0.0
54,28,-0.003324624710423984,0.0
54,29,-0.0028826315019210573,0.0
54,30,-0.002495238767138992,0.0
54,31,-0.0021565448960357745,0.0
54,32,-0.0018611063181770636,0.0
54,33,-0.0021565448960357745,0.0
54,34,-0.002495238767138992,0.0
54,35,-0.0028826315019210573,0.0
54,36,-0.003324624710423984,0.0
54,37,-0.0038275523931435426,0.0
54,38,-0.004398130883253574,0.0
54,39,-0.0050433773436233155,0.0
54,40,-0.005770488598361304,0.0
54,41,-0.006586670945839473,0.0
54,42,-0.007498910671442148,0.0
54,43,-0.008513674492248957,0.0
54,44,-0.009636529479084662,0.0
54,45,-0.010871673627747195,0.0
54,46,-0.012221371904827942,0.0
54,47,-0.013685299225910634,0.0
54,48,-0.01525980263545206,0.0
54,49,-0.016937111342448498,0.0
54,50,-0.018704546616548856,0.0
54,51,-0.02054381479622598,0.0
54,52,-0.022430505359191274,0.0
54,53,-0.024333958727474545,0.0
54,54,-0.026217706314167682,0.0
54,55,-0.028040700616868156,0.0
54,56,-0.029759516676560967,0.0
54,57,-0.03133157796155874,0.0
54,58,-0.03271920030179997,0.0
54,59,-0.03389384922105808,0.0
54,60,-0.03483954789118895,0.0
54,61,-0.03555407706628505,0.0
54,62,-0.036046824095835546,0.0
54,63,-0.03633314773979292,0.0
55,0,-0.03794738113439424,0.0
55,1,-0.037883769891836006,0.0
55,2,-0.03767940005253812,0.0
55,3,-0.03729937149666369,0.0
55,4,-0.03670149439117898,0.0
55,5,-0.03585184888667505,0.0
55,6,-0.03473568559960101,0.0
55,7,-0.0333611767432474,0.0
55,8,-0.03175701677077096,0.0
55,9,-0.029966508171658333,0.0
55,10,-0.028040700616868156,0.0
55,11,-0.026032284578009816,0.0
55,12,-0.023991015992502366,0.0
55,13,-0.021960794109884718,0.0
55,14,-0.01997816588983809,0.0
55,15,-0.01807190472219962,0.0
55,16,-0.016263313003287292,0.0
55,17,-0.014566956558473036,0.0
55,18,-0.01299161233203527,0.0
55,19,-0.011541278755954868,0.0
55,20,-0.01021615311947652,0.0
55,21,-0.009013521028635842,0.0
55,22,-0.00792853144488327,0.0
55,23,-0.006954849454662038,0.0
55,24,-0.006085190410150115,0.0
55,25,-0.005311745540408896,0.0
55,26,-0.004626512217147777,0.0
55,27,-0.004021542981955895,0.0
55,28,-0.0034891270548902116,0.0
55,29,-0.0030219169277577516,0.0
55,30,-0.0026130111807283053,0.0
55,31,-0.002256003089414882,0.0
55,32,-0.0019450030564040451,0.0
55,33,-0.002256003089414882,0.0
55,34,-0.0026130111807283053,0.0
55,35,-0.0030219169277577516,0.0
55,36,-0.0034891270548902116,0.0
55,37,-0.004021542981955895,0.0
55,38,-0.004626512217147777,0.0
55,39,-0.005311745540408896,0.0
55,40,-0.006085190410150115,0.0
55,41,-0.006954849454662038,0.0
55,42,-0.00792853144488327,0.0
55,43,-0.009013521028635842,0.0
55,44,-0.01021615311947652,0.0
55,45,-0.011541278755954868,0.0
55,46,-0.01299161233203527,0.0
55,47,-0.014566956558473036,0.0
55,48,-0.016263313003287292,0.0
55,49,-0.01807190472219962,0.0
55,50,-0.01997816588983809,0.0
55,51,-0.021960794109884718,0.0
55,52,-0.023991015992502366,0.0
55,53,-0.026032284578009816,0.0
55,54,-0.028040700616868156,0.0
55,55,-0.029966508171658333,0.0
55,56,-0.03175701677077096,0.0
55,57,-0.0333611767432474,0.0
55,58,-0.03473568559960101,0.0
55,59,-0.03585184888667505,0.0
55,60,-0.03670149439117898,0.0
55,61,-0.03729937149666369,0.0
55,62,-0.03767940005253812,0.0
55,63,-0.037883769891836006,0.0
56,0,-0.03854591916683232,0.0
56,1,-0.038543313255445355,0.0
56,2,-0.03850608768310514,0.0
56,3,-0.038358528229201785,0.0
56,4,-0.03800855996503652,0.0
56,5,-0.037378910947944446,0.0
56,6,-0.036426770853697533,0.0
56,7,-0.03514869341155454,0.0
56,8,-0.033574630489933185,0.0
56,9,-0.03175701677077096,0.0
56,10,-0.029759516676560967,0.0
56,11,-0.027647872959512314,0.0
56,12,-0.025483592960483577,0.0
56,13,-0.023320258850078237,0.0
56,14,-0.02120187537833355,0.0
56,15,-0.019162622362022545,0.0
56,16,-0.0172274753926457,0.0
56,17,-0.01541329320504691,0.0
56,18,-0.013730096020374918,0.0
56,19,-0.012182359505924894,0.0
56,20,-0.01077022214034468,0.0
56,21,-0.009490553828688438,0.0
56,22,-0.008337866031076923,0.0
56,23,-0.007305063459487809,0.0
56,24,-0.006384048560725438,0.0
56,25,-0.005566195507904009,0.0
56,26,-0.004842712367081849,0.0
56,27,-0.004204909923291621,0.0
56,28,-0.0036443942903992698,0.0
56,29,-0.0031531985018065653,0.0
56,30,-0.0027238661620020213,0.0
56,31,-0.0023494981556995867,0.0
56,32,-0.0020237714842183817,0.0
56,33,-0.0023494981556995867,0.0
56,34,-0.0027238661620020213,0.0
56,35,-0.0031531985018065653,0.0
56,36,-0.0036443942903992698,0.0
56,37,-0.004204909923291621,0.0
56,38,-0.004842712367081849,0.0
56,39,-0.005566195507904009,0.0
56,40,-0.006384048560725438,0.0
56,41,-0.007305063459487809,0.0
56,42,-0.008337866031076923,0.0
56,43,-0.009490553828688438,0.0
56,44,-0.01077022214034468,0.0
56,45,-0.012182359505924894,0.0
56,46,-0.013730096020374918,0.0
56,47,-0.01541329320504691,0.0
56,48,-0.0172274753926457,0.0
56,49,-0.019162622362022545,0.0
56,50,-0.02120187537833355,0.0
56,51,-0.023320258850078237,0.0
56,52,-0.025483592960483577,0.0
56,53,-0.027647872959512314,0.0
56,54,-0.029759516676560967,0.0
56,55,-0.03175701677077096,0.0
56,56,-0.033574630489933185,0.0
56,57,-0.03514869341155454,0.0
56,58,-0.036426770853697533,0.0
56,59,-0.037378910947944446,0.0
56,60,-0.03800855996503652,0.0
56,61,-0.038358528229201785,0.0
56,62,-0.03850608768310514,0.0
56,63,-0.038543313255445355,0.0
57,0,-0.0377773936237499,0.0
57,1,-0.03788869903736456,0.0
57,2,-0.038161520057327196,0.0
57,3,-0.0384409534831853,0.0
57,4,-0.038543313255445355,0.0
57,5,-0.03831784849854667,0.0
57,6,-0.03767940005253812,0.0
57,7,-0.036610996534388505,0.0
57,8,-0.03514869341155454,0.0
57,9,-0.0333611767432474,0.0
57,10,-0.03133157796155874,0.0
57,11,-0.029144246614316877,0.0
57,12,-0.026876525163311436,0.0
57,13,-0.024594492989895446,0.0
57,14,-0.02235146219575557,0.0
57,15,-0.020188189519978316,0.0
57,16,-0.01813404123529021,0.0
57,17,-0.016208596870314368,0.0
57,18,-0.01442336960695521,0.0
57,19,-0.01278345653176585,0.0
57,20,-0.01128902170545435,0.0
57,21,-0.009936571642367643,0.0
57,22,-0.008720016653155605,0.0
57,23,-0.007631530372248576,0.0
57,24,-0.006662229134084468,0.0
57,25,-0.005802696374499351,0.0
57,26,-0.0050433773436233155,0.0
57,27,-0.004374867677629899,0.0
57,28,-0.0037881167569637103,0.0
57,29,-0.0032745638621026105,0.0
57,30,-0.002826222260699625,0.0
57,31,-0.002435723701698483,0.0
57,32,-0.0020963334355767796,0.0
57,33,-0.002435723701698483,0.0
57,34,-0.002826222260699625,0.0
57,35,-0.0032745638621026105,0.0
57,36,-0.0037881167569637103,0.0
57,37,-0.004374867677629899,0.0
57,38,-0.0050433773436233155,0.0
57,39,-0.005802696374499351,0.0
57,40,-0.006662229134084468,0.0
57,41,-0.007631530372248576,0.0
57,42,-0.008720016653155605,0.0
57,43,-0.009936571642367643,0.0
57,44,-0.01128902170545435,0.0
57,45,-0.01278345653176585,0.0
57,46,-0.01442336960695521,0.0
57,47,-0.016208596870314368,0.0
57,48,-0.01813404123529021,0.0
57,49,-0.020188189519978316,0.0
57,50,-0.02235146219575557,0.0
57,51,-0.024594492989895446,0.0
57,52,-0.026876525163311436,0.0
57,53,-0.029144246614316877,0.0
57,54,-0.03133157796155874,0.0
57,55,-0.0333611767432474,0.0
57,56,-0.03514869341155454,0.0
57,57,-0.036610996534388505,0.0
57,58,-0.03767940005253812,0.0
57,59,-0.03831784849854667,0.0
57,60,-0.038543313255445355,0.0
57,61,-0.0384409534831853,0.0
57,62,-0.038161520057327196,0.0
57,63,-0.03788869903736456,0.0
58,0,-0.03505248841019262,0.0
58,1,-0.035369652090153574,0.0
58,2,-0.036194449938449204,0.0
58,3,-0.037214954985952856,0.0
58,4,-0.038080246244182804,0.0
58,5,-0.03852093687982136,0.0
58,6,-0.03839571080749347,0.0
58,7,-0.03767940005253812,0.0
58,8,-0.036426770853697533,0.0
58,9,-0.03473568559960101,0.0
58,10,-0.03271920030179997,0.0
58,11,-0.030487783825963167,0.0
58,12,-0.028139632943737978,0.0
58,13,-0.025756515345263613,0.0
58,14,-0.023403005922762874,0.0
58,15,-0.021127602643752633,0.0
58,16,-0.018964740829429626,0.0
58,17,-0.016937111342448498,0.0
58,18,-0.015057946449846756,0.0
58,19,-0.013333100580337856,0.0
58,20,-0.011762852181121964,0.0
58,21,-0.010343410068852163,0.0
58,22,-0.009068138653616489,0.0
58,23,-0.00792853144488327,0.0
58,24,-0.006914967876162431,0.0
58,25,-0.0060172888101436145,0.0
58,26,-0.0052252236232748946,0.0
58,27,-0.004528698026687264,0.0
58,28,-0.0039180476368301,0.0
58,29,-0.0033841582517680807,0.0
58,30,-0.002918550067762228,0.0
58,31,-0.002513419793752706,0.0
58,32,-0.0021616518149952324,0.0
58,33,-0.002513419793752706,0.0
58,34,-0.002918550067762228,0.0
58,35,-0.0033841582517680807,0.0
58,36,-0.0039180476368301,0.0
58,37,-0.004528698026687264,0.0
58,38,-0.0052252236232748946,0.0
58,39,-0.0060172888101436145,0.0
58,40,-0.006914967876162431,0.0
58,41,-0.00792853144488327,0.0
58,42,-0.009068138653616489,0.0
58,43,-0.010343410068852163,0.0
58,44,-0.011762852181121964,0.0
58,45,-0.013333100580337856,0.0
58,46,-0.015057946449846756,0.0
58,47,-0.016937111342448498,0.0
58,48,-0.018964740829429626,0.0
58,49,-0.021127602643752633,0.0
58,50,-0.023403005922762874,0.0
58,51,-0.025756515345263613,0.0
58,52,-0.028139632943737978,0.0
58,53,-0.030487783825963167,0.0
58,54,-0.03271920030179997,0.0
58,55,-0.03473568559960101,0.0
58,56,-0.036426770853697533,0.0
58,57,-0.03767940005253812,0.0
58,58,-0.03839571080749347,0.0
58,59,-0.03852093687982136,0.0
58,60,-0.038080246244182804,0.0
58,61,-0.037214954985952856,0.0
58,62,-0.036194449938449204,0.0
58,63,-0.035369652090153574,0.0
59,0,-0.029596960286496877,0.0
59,1,-0.030285428295892813,0.0
59,2,-0.032080070315734587,0.0
59,3,-0.034346410526913874,0.0
59,4,-0.036431216275517854,0.0
59,5,-0.03788869903736456,0.0
59,6,-0.03852093687982136,0.0
59,7,-0.03831784849854667,0.0
59,8,-0.037378910947944446,0.0
59,9,-0.03585184888667505,0.0
59,10,-0.03389384922105808,0.0
59,11,-0.03165048065279389,0.0
59,12,-0.029246172735373676,0.0
59,13,-0.026781477428361837,0.0
59,14,-0.024333958727474545,0.0
59,15,-0.021960794109884718,0.0
59,16,-0.019701990142643896,0.0
59,17,-0.01758362000871889,0.0
59,18,-0.01562078992931548,0.0
59,19,-0.01382021256850953,0.0
59,20,-0.012182359505924894,0.0
59,21,-0.010703213476603282,0.0
59,22,-0.009375663538073249,0.0
59,23,-0.00819059412092511,0.0
59,24,-0.007137718832341472,0.0
59,25,-0.006206205863393187,0.0
59,26,-0.005385136160840561,0.0
59,27,-0.004663829418256412,0.0
59,28,-0.004032067082566455,0.0
59,29,-0.0034802362784495068,0.0
59,30,-0.0029994139452487706,0.0
59,31,-0.002581406571209836,0.0
59,32,-0.002218757653692788,0.0
59,33,-0.002581406571209836,0.0
59,34,-0.0029994139452487706,0.0
59,35,-0.0034802362784495068,0.0
59,36,-0.004032067082566455,0.0
59,37,-0.004663829418256412,0.0
59,38,-0.005385136160840561,0.0
59,39,-0.006206205863393187,0.0
59,40,-0.007137718832341472,0.0
59,41,-0.00819059412092511,0.0
59,42,-0.009375663538073249,0.0
59,43,-0.010703213476603282,0.0
59,44,-0.012182359505924894,0.0
59,45,-0.01382021256850953,0.0
59,46,-0.01562078992931548,0.0
59,47,-0.01758362000871889,0.0
59,48,-0.019701990142643896,0.0
59,49,-0.021960794109884718,0.0
59,50,-0.024333958727474545,0.0
59,51,-0.026781477428361837,0.0
59,52,-0.029246172735373676,0.0
59,53,-0.03165048065279389,0.0
59,54,-0.03389384922105808,0.0
59,55,-0.03585184888667505,0.0
59,56,-0.037378910947944446,0.0
59,57,-0.03831784849854667,0.0
59,58,-0.03852093687982136,0.0
59,59,-0.03788869903736456,0.0
59,60,-0.036431216275517854,0.0
59,61,-0.034346410526913874,0.0
59,62,-0.032080070315734587,0.0
59,63,-0.030285428295892813,0.0
60,0,-0.020400427879133712,0.0
60,1,-0.0217755087186659,0.0
60,2,-0.025283926120308376,0.0
60,3,-0.029596960286496877,0.0
60,4,-0.03353366142621698,0.0
60,5,-0.036431216275517854,0.0
60,6,-0.038080246244182804,0.0
60,7,-0.038543313255445355,0.0
60,8,-0.03800855996503652,0.0
60,9,-0.03670149439117898,0.0
60,10,-0.03483954789118895,0.0
60,11,-0.03261212522447491,0.0
60,12,-0.030174388601983352,0.0
60,13,-0.027647872959512314,0.0
60,14,-0.025124138875441952,0.0
60,15,-0.022669467391629426,0.0
60,16,-0.02032959692868476,0.0
60,17,-0.01813404123529021,0.0
60,18,-0.016099812384950226,0.0
60,19,-0.01423451878037093,0.0
60,20,-0.012538878386267945,0.0
60,21,-0.011008716988200388,0.0
60,22,-0.009636529479084662,0.0
60,23,-0.008412679647160205,0.0
60,24,-0.007326306505873491,0.0
60,25,-0.006365996007786266,0.0
60,26,-0.005520267659460514,0.0
60,27,-0.004777916902815307,0.0
60,28,-0.004128246488783336,0.0
60,29,-0.0035612135299280924,0.0
60,30,-0.0030675134401974805,0.0
60,31,-0.002638617451980039,0.0
60,32,-0.0022667767203098784,0.0
60,33,-0.002638617451980039,0.0
60,34,-0.0030675134401974805,0.0
60,35,-0.0035612135299280924,0.0
60,36,-0.004128246488783336,0.0
60,37,-0.004777916902815307,0.0
60,38,-0.005520267659460514,0.0
60,39,-0.006365996007786266,0.0
60,40,-0.007326306505873491,0.0
60,41,-0.008412679647160205,0.0
60,42,-0.009636529479084662,0.0
60,43,-0.011008716988200388,0.0
60,44,-0.012538878386267945,0.0
60,45,-0.01423451878037093,0.0
60,46,-0.016099812384950226,0.0
60,47,-0.01813404123529021,0.0
60,48,-0.02032959692868476,0.0
60,49,-0.022669467391629426,0.0
60,50,-0.025124138875441952,0.0
60,51,-0.027647872959512314,0.0
60,52,-0.030174388601983352,0.0
60,53,-0.03261212522447491,0.0
60,54,-0.03483954789118895,0.0
60,55,-0.03670149439117898,0.0
60,56,-0.03800855996503652,0.0
60,57,-0.038543313255445355,0.0
60,58,-0.038080246244182804,0.0
60,59,-0.036431216275517854,0.0
60,60,-0.03353366142621698,0.0
60,61,-0.029596960286496877,0.0
60,62,-0.025283926120308376,0.0
60,63,-0.0217755087186659,0.0
61,0,-0.006151903302235546,0.0
61,1,-0.008872732361035475,0.0
61,2,-0.015467951586725068,0.0
61,3,-0.023040468748929146,0.0
61,4,-0.029596960286496877,0.0
61,5,-0.034346410526913874,0.0
61,6,-0.037214954985952856,0.0
61,7,-0.0384409534831853,0.0
61,8,-0.038358528229201785,0.0
61,9,-0.03729937149666369,0.0
61,10,-0.03555407706628505,0.0
61,11,-0.0333611767432474,0.0
61,12,-0.030908337019631076,0.0
61,13,-0.02833835269119054,0.0
61,14,-0.025756515345263613,0.0
61,15,-0.023237823847699648,0.0
61,16,-0.02083341120306728,0.0
61,17,-0.018575994910558738,0.0
61,18,-0.016484358360939932,0.0
61,19,-0.014566956558473036,0.0
61,20,-0.012824768774634416,0.0
61,21,-0.011253522975456702,0.0
61,22,-0.009845406906858286,0.0
61,23,-0.008590366123446817,0.0
61,24,-0.007477073761053383,0.0
61,25,-0.006493642257264215,0.0
61,26,-0.005628134261377946,0.0
61,27,-0.004868918859457686,0.0
61,28,-0.004204909923291621,0.0
61,29,-0.003625715706975905,0.0
61,30,-0.0031217225510852186,0.0
61,31,-0.0026841304972852523,0.0
61,32,-0.0023049545656072005,0.0
61,33,-0.0026841304972852523,0.0
61,34,-0.0031217225510852186,0.0
61,35,-0.003625715706975905,0.0
61,36,-0.004204909923291621,0.0
61,37,-0.004868918859457686,0.0
61,38,-0.005628134261377946,0.0
61,39,-0.006493642257264215,0.0
61,40,-0.007477073761053383,0.0
61,41,-0.008590366123446817,0.0
61,42,-0.009845406906858286,0.0
61,43,-0.011253522975456702,0.0
61,44,-0.012824768774634416,0.0
61,45,-0.014566956558473036,0.0
61,46,-0.016484358360939932,0.0
61,47,-0.018575994910558738,0.0
61,48,-0.02083341120306728,0.0
61,49,-0.023237823847699648,0.0
61,50,-0.025756515345263613,0.0
61,51,-0.02833835269119054,0.0
61,52,-0.030908337019631076,0.0
61,53,-0.0333611767432474,0.0
61,54,-0.03555407706628505,0.0
61,55,-0.03729937149666369,0.0
61,56,-0.038358528229201785,0.0
61,57,-0.0384409534831853,0.0
61,58,-0.037214954985952856,0.0
61,59,-0.034346410526913874,0.0
61,60,-0.029596960286496877,0.0
61,61,-0.023040468748929146,0.0
61,62,-0.015467951586725068,0.0
61,63,-0.008872732361035475,0.0
62,0,0.014841223709338675,0.0
62,1,0.00917087148795109,0.0
62,2,-0.0030830057836658364,0.0
62,3,-0.015467951586725068,0.0
62,4,-0.025283926120308376,0.0
62,5,-0.032080070315734587,0.0
62,6,-0.036194449938449204,0.0
62,7,-0.038161520057327196,0.0
62,8,-0.03850608768310514,0.0
62,9,-0.03767940005253812,0.0
62,10,-0.036046824095835546,0.0
62,11,-0.03389384922105808,0.0
62,12,-0.031437752389108925,0.0
62,13,-0.028840021553998035,0.0
62,14,-0.026217706314167682,0.0
62,15,-0.02365312485316979,0.0
62,16,-0.02120187537833355,0.0
62,17,-0.018899303432064175,0.0
62,18,-0.016765641827356657,0.0
62,19,-0.01481004558512508,0.0
62,20,-0.013033725376887741,0.0
62,21,-0.011432355749963478,0.0
62,22,-0.009997906154827159,0.0
62,23,-0.008720016653155605,0.0
62,24,-0.007587017316480093,0.0
62,25,-0.006586670945839473,0.0
62,26,-0.005706702645740012,0.0
62,27,-0.0049351665961974355,0.0
62,28,-0.0042606896662707,0.0
62,29,-0.0036726228981178682,0.0
62,30,-0.0031611249993815835,0.0
62,31,-0.002717196499339582,0.0
62,32,-0.002332678884812643,0.0
62,33,-0.002717196499339582,0.0
62,34,-0.0031611249993815835,0.0
62,35,-0.0036726228981178682,0.0
62,36,-0.0042606896662707,0.0
62,37,-0.0049351665961974355,0.0
62,38,-0.005706702645740012,0.0
62,39,-0.006586670945839473,0.0
62,40,-0.007587017316480093,0.0
62,41,-0.008720016653155605,0.0
62,42,-0.009997906154827159,0.0
62,43,-0.011432355749963478,0.0
62,44,-0.013033725376887741,0.0
62,45,-0.01481004558512508,0.0
62,46,-0.016765641827356657,0.0
62,47,-0.018899303432064175,0.0
62,48,-0.02120187537833355,0.0
62,49,-0.02365312485316979,0.0
62,50,-0.026217706314167682,0.0
62,51,-0.028840021553998035,0.0
62,52,-0.031437752389108925,0.0
62,53,-0.03389384922105808,0.0
62,54,-0.036046824095835546,0.0
62,55,-0.03767940005253812,0.0
62,56,-0.03850608768310514,0.0
62,57,-0.038161520057327196,0.0
62,58,-0.036194449938449204,0.0
62,59,-0.032080070315734587,0.0
62,60,-0.025283926120308376,0.0
62,61,-0.015467951586725068,0.0
62,62,-0.0030830057836658364,0.0
62,63,0.00917087148795109,0.0
63,0,0.04475483244157041,0.0
63,1,0.031118822814431405,0.0
63,2,0.00917087148795109,0.0
63,3,-0.008872732361035475,0.0
63,4,-0.0217755087186659,0.0
63,5,-0.030285428295892813,0.0
63,6,-0.035369652090153574,0.0
63,7,-0.03788869903736456,0.0
63,8,-0.038543313255445355,0.0
63,9,-0.037883769891836006,0.0
63,10,-0.03633314773979292,0.0
63,11,-0.03421146113556658,0.0
63,12,-0.03175701677077096,0.0
63,13,-0.029144246614316877,0.0
63,14,-0.02649819026298902,0.0
63,15,-0.02390607054465753,0.0
63,16,-0.021426447697313285,0.0
63,17,-0.019096399297413406,0.0
63,18,-0.016937111342448498,0.0
63,19,-0.014958201963042506,0.0
63,20,-0.013161041026620343,0.0
63,21,-0.011541278755954868,0.0
63,22,-0.010090754534957757,0.0
63,23,-0.008798922562311559,0.0
63,24,-0.007653902926335077,0.0
63,25,-0.006643243985471139,0.0
63,26,-0.005754463711857651,0.0
63,27,-0.004975423077979555,0.0
63,28,-0.004294572952040921,0.0
63,29,-0.0037011067462454786,0.0
63,30,-0.0031850437650154315,0.0
63,31,-0.0027372624450332974,0.0
63,32,-0.0023494981556995867,0.0
63,33,-0.0027372624450332974,0.0
63,34,-0.0031850437650154315,0.0
63,35,-0.0037011067462454786,0.0
63,36,-0.004294572952040921,0.0
63,37,-0.004975423077979555,0.0
63,38,-0.005754463711857651,0.0
63,39,-0.006643243985471139,0.0
63,40,-0.007653902926335077,0.0
63,41,-0.008798922562311559,0.0
63,42,-0.010090754534957757,0.0
63,43,-0.011541278755954868,0.0
63,44,-0.013161041026620343,0.0
63,45,-0.014958201963042506,0.0
63,46,-0.016937111342448498,0.0
63,47,-0.019096399297413406,0.0
63,48,-0.021426447697313285,0.0
63,49,-0.02390607054465753,0.0
63,50,-0.02649819026298902,0.0
63,51,-0.029144246614316877,0.0
63,52,-0.03175701677077096,0.0
63,53,-0.03421146113556658,0.0
63,54,-0.03633314773979292,0.0
63,55,-0.037883769891836006,0.0
63,56,-0.038543313255445355,0.0
63,57,-0.03788869903736456,0.0
63,58,-0.035369652090153574,0.0
63,59,-0.030285428295892813,0.0
63,60,-0.0217755087186659,0.0
63,61,-0.008872732361035475,0.0
63,62,0.00917087148795109,0.0
63,63,0.031118822814431405,0.0
