64,64
0,0,-0.6868886867200075,0.0
0,1,-0.2938917869009092,8.72566421620897e-19
0,2,0.018144093105325353,2.4559332208032315e-19
0,3,0.04389245040344103,-5.302176744049795e-18
0,4,0.03884973459343344,1.734723475976807e-18
0,5,0.023148042632168818,-4.231337706097745e-18
0,6,0.017747958364126175,-2.366286167326276e-19
0,7,0.010719884559820397,-1.247308361143387e-17
0,8,0.008903783353622829,2.1444854173594768e-19
0,9,0.005574343881061412,-1.1173635693643393e-17
0,10,0.005048435791659247,-1.0709861993539538e-18
0,11,0.003229587998958226,-2.9431597018571443e-19
0,12,0.003162856141551041,-1.8307390325839976e-18
0,13,0.0020417514048793294,-7.438075066931227e-19
0,14,0.0021455833596482022,-9.091639154165226e-19
0,15,0.001385979600590829,1.2618868490531405e-17
0,16,0.0015531587014615267,0.0
0,17,0.0009989252493289892,4.930956612509704e-19
0,18,0.001187429306815168,-1.7059705883935848e-18
0,19,0.0007585285464064093,-1.832729792096181e-18
0,20,0.0009516884850624659,-3.469446951953614e-18
0,21,0.0006035699942240915,1.4065135908268785e-18
0,22,0.0007952431726704506,-8.871499202239303e-19
0,23,0.000501332908831551,8.343598100287815e-18
0,24,0.0006899870795469779,2.1444854173594768e-19
0,25,0.0004334600408207037,7.182717491583681e-18
0,26,0.0006196946511648534,1.8360754220892923e-19
0,27,0.0003893171036793569,2.727225693364869e-18
0,28,0.000574809718092175,-7.652999144537956e-19
0,29,0.0003627037568274226,2.3087910353036765e-18
0,30,0.0005497927611972618,1.0342923678667902e-18
0,31,0.00035017034016432413,8.61856941559605e-18
0,32,0.0005417532295841632,0.0
0,33,0.0003501703401642686,2.282029245852053e-18
0,34,0.0005497927611972618,-1.8808754691387863e-19
0,35,0.0003627037568274226,-3.567453268072988e-18
0,36,0.0005748097180921785,-1.734723475976807e-18
0,37,0.0003893171036793621,-3.3639759681093412e-18
0,38,0.0006196946511648552,1.9705225226157418e-19
0,39,0.00043346004082071236,-5.534189707526642e-18
0,40,0.0006899870795469779,-2.1444854173594768e-19
0,41,0.0005013329088315527,-6.4825428160684084e-18
0,42,0.0007952431726704497,1.4611868619910574e-19
0,43,0.0006035699942240902,-2.085030342473841e-18
0,44,0.0009516884850624674,1.8307390325839976e-18
0,45,0.0007585285464064111,5.061392699376686e-19
0,46,0.0011874293068151673,9.48740279887576e-19
0,47,0.0009989252493289654,-6.998226206972551e-18
0,48,0.0015531587014615267,0.0
0,49,0.0013859796005908608,4.930956612509704e-19
0,50,0.0021455833596482022,1.7634763635600294e-18
0,51,0.002041751404879331,1.6367171598574333e-18
0,52,0.003162856141551043,3.469446951953614e-18
0,53,0.0032295879989582246,1.4065135908268785e-18
0,54,0.005048435791659247,8.475735557528768e-19
0,55,0.005574343881061399,1.4047041963805863e-18
0,56,0.008903783353622829,-2.1444854173594768e-19
0,57,0.01071988455982039,2.9166796143334313e-18
0,58,0.017747958364126175,6.262484206130298e-19
0,59,0.023148042632168825,5.301768849836419e-18
0,60,0.03884973459343344,7.652999144537956e-19
0,61,0.04389245040344103,6.127158107824905e-18
0,62,0.018144093105325353,-9.947160033957368e-19
0,63,-0.29389178690090917,-2.5642462630429938e-18
1,0,-0.2938917869009092,-6.896176525384426e-19
1,1,-0.11787576112638692,2.450262905927984e-19
1,2,0.033470023798388995,6.76420316374803e-19
1,3,0.045259830770829956,-1.1600961652299194e-18
1,4,0.035824433100562596,2.5689777531694086e-18
1,5,0.023105957409840075,-2.4239923209057986e-18
1,6,0.01657661692875336,-3.743606696117015e-19
1,7,0.010928221033318097,-1.0391015014341953e-18
1,8,0.008358310179606511,-2.0917589645406835e-19
1,9,0.005786102125952466,-1.0287863306609702e-18
1,10,0.004733452213552403,-1.6662306314069146e-20
1,11,0.003405310623675655,-9.024533306449365e-19
1,12,0.0029527834897967505,-1.0526433902512502e-18
1,13,0.0021843485806544542,-6.735647018328573e-19
1,14,0.0019915173320065537,-4.872452061047371e-19
1,15,0.0015034473495750024,5.617333135069814e-19
1,16,0.0014324512798989941,4.236490939579388e-19
1,17,0.0010980285738752535,1.8171194406967797e-18
1,18,0.0010881132065803365,-5.162020733592518e-19
1,19,0.0008442607579664386,-2.461138772212525e-18
1,20,0.000866770762715872,-1.3341500677784074e-18
1,21,0.0006795452648453927,-1.990311451911597e-18
1,22,0.0007202975395978789,-1.6754032765943068e-18
1,23,0.0005702060502614783,6.956219745426118e-19
1,24,0.0006220152261500402,-2.0917589645406835e-19
1,25,0.0004972398029545631,1.35190116072833e-19
1,26,0.0005565344010501263,-1.1271597607398092e-18
1,27,0.0004495844076535631,1.6199883698850385e-18
1,28,0.0005148005840001114,5.692794778387778e-19
1,29,0.0004207642867272085,-1.845306444692273e-18
1,30,0.0004915704223257024,-9.227070822612245e-19
1,31,0.00040716577669770715,1.9354581385718627e-18
1,32,0.00048411012279048204,-1.1879589492904808e-18
1,33,0.00040716577669769327,-5.139152301470547e-19
1,34,0.0004915704223257024,-8.414627251049032e-19
1,35,0.00042076428672720156,-2.027457903218323e-18
1,36,0.0005148005840001149,-1.767830936772609e-18
1,37,0.00044958440765356655,-1.556630582917395e-18
1,38,0.0005565344010501246,4.930010683767021e-19
1,39,0.0004972398029545666,-1.0391015014341953e-18
1,40,0.0006220152261500402,-5.01273303551351e-20
1,41,0.0005702060502614844,-2.336058433184837e-19
1,42,0.0007202975395978776,-6.990874192246808e-19
1,43,0.0006795452648453919,-1.561241969885448e-18
1,44,0.0008667707627158707,1.1906673067124253e-19
1,45,0.0008442607579664355,1.7536092558695398e-18
1,46,0.0010881132065803365,-5.1218732692911355e-19
1,47,0.0010980285738752572,5.674552500488061e-19
1,48,0.0014324512798989941,4.236490939579388e-19
1,49,0.001503447349575006,1.8171194406967797e-18
1,50,0.0019915173320065537,-5.162020733592518e-19
1,51,0.002184348580654458,1.0083081797410894e-18
1,52,0.0029527834897967527,2.135296884175207e-18
1,53,0.003405310623675654,1.4791355000420175e-18
1,54,0.004733452213552404,1.7940436753593074e-18
1,55,0.005786102125952457,-2.7738249774110026e-18
1,56,0.008358310179606511,-5.01273303551351e-20
1,57,0.010928221033318097,-1.397582290052287e-18
1,58,0.01657661692875336,2.1461335111778666e-18
1,59,0.02310595740984008,6.3246571854454194e-18
1,60,0.0358244331005626,1.966590814534829e-18
1,61,0.045259830770829956,4.6600744747057626e-18
1,62,0.033470023798388995,7.906362872157775e-19
1,63,-0.11787576112638691,4.947730319665299e-19
2,0,0.018144093105325346,1.2542022315154008e-19
2,1,0.033470023798388995,2.535667355355984e-19
2,2,0.04776676297369049,2.5042690132153684e-19
2,3,0.041825393189142246,1.5983186438254323e-18
2,4,0.03052306558245752,1.3311725258863166e-18
2,5,0.021133478379340605,-8.730534444475559e-20
2,6,0.014755059341307818,3.35482645221479e-19
2,7,0.010461485028862249,1.851193551489689e-18
2,8,0.007655391898908735,6.352560293379839e-20
2,9,0.005710617813465537,9.468278559512227e-19
2,10,0.00439539398718894,-2.6121481303498597e-20
2,11,0.0034321747719942186,-9.423219865488234e-19
2,12,0.0027578412773261473,2.0212443828798391e-19
2,13,0.002236684789218687,-2.6549513675428433e-19
2,14,0.0018628810577215828,-2.7325555931395134e-18
2,15,0.0015593250602632257,-1.8951661901474102e-18
2,16,0.0013388382120747867,1.0996441799721122e-20
2,17,0.0011512524287771021,1.9882902115124057e-18
2,18,0.0010149121244582497,-1.9179774436494722e-18
2,19,0.0008934870858305426,-1.654287873631081e-18
2,20,0.0008063375942169372,-1.7045935570730959e-18
2,21,0.0007249565413414648,1.2137372625378496e-18
2,22,0.0006682342014864948,-9.655599617611262e-19
2,23,0.0006124278054803122,-1.1845725314697236e-18
2,24,0.0005755731771538244,6.352560293379839e-20
2,25,0.000536981707773279,3.349879077399629e-19
2,26,0.0005138598542352808,9.611276421301098e-19
2,27,0.00048752956263509,1.2673404634852115e-18
2,28,0.0004745446761462019,-1.0864156563065753e-18
2,29,0.00045754638032416417,-1.0834405558403148e-18
2,30,0.0004526689875294261,2.6749001657431823e-19
2,31,0.0004433774048825806,-1.0837200602505587e-18
2,32,0.000445645150417626,-2.0356218202802472e-20
2,33,0.0004433774048825806,2.535667355355984e-19
2,34,0.0004526689875294296,-6.169348366668667e-19
2,35,0.00045754638032416417,-1.4374474391339802e-18
2,36,0.00047454467614620535,-1.270912688078894e-18
2,37,0.00048752956263509173,7.80056393543648e-19
2,38,0.0005138598542352799,3.35482645221479e-19
2,39,0.000536981707773279,9.838318135012853e-19
2,40,0.0005755731771538244,-3.075236028629203e-20
2,41,0.000612427805480311,-5.881186587958715e-19
2,42,0.0006682342014864933,-1.254118084362117e-18
2,43,0.0007249565413414648,-2.689515239858098e-18
2,44,0.0008063375942169381,-1.009226338468965e-18
2,45,0.0008934870858305413,-2.3237703127998625e-19
2,46,0.001014912124458251,2.1495662776624172e-18
2,47,0.0011512524287771021,5.560623132036635e-19
2,48,0.0013388382120747867,1.0996441799721122e-20
2,49,0.0015593250602632257,-1.4811567404412087e-18
2,50,0.0018628810577215806,1.5514695083041422e-18
2,51,0.0022366847892186896,1.815159078322533e-18
2,52,0.002757841277326148,1.764853394880518e-18
2,53,0.0034321747719942186,-5.209862134389574e-19
2,54,0.004395393987188941,1.6365252522040844e-18
2,55,0.005710617813465539,5.501509445070834e-19
2,56,0.007655391898908735,-3.075236028629203e-20
2,57,0.010461485028862252,-1.7110021865614188e-18
2,58,0.01475505934130782,1.2280797441578888e-18
2,59,0.021133478379340605,2.0397162140150954e-18
2,60,0.030523065582457525,2.0140372321024013e-18
2,61,0.041825393189142246,5.855683878060441e-19
2,62,0.047766762973690494,-8.504793320514146e-19
2,63,0.033470023798388995,6.119779212952155e-19
3,0,0.04389245040344102,-4.894379085637437e-18
3,1,0.045259830770829956,2.1853461850966007e-19
3,2,0.04182539318914224,1.1662449048362598e-18
3,3,0.033321467431882655,2.139087017151829e-18
3,4,0.02469851291057144,2.539612022216337e-18
3,5,0.017756048607664637,1.7889176688809054e-18
3,6,0.01281404676541483,7.803056746581708e-19
3,7,0.00935155853017983,1.115419700055111e-18
3,8,0.006980153362632328,-2.781677031349684e-20
3,9,0.005303084978025116,1.7872600384234556e-18
3,10,0.004126484302894482,8.205309715677107e-19
3,11,0.0032622715845918838,8.459950662764649e-19
3,12,0.0026363840623424635,-1.08660619824324e-18
3,13,0.0021579517104841684,1.6417473581415745e-18
3,14,0.001801947699338639,-1.4539945256484212e-18
3,15,0.0015197014492050087,-3.3568737188916573e-18
3,16,0.0013054841473098301,-4.534262425462216e-19
3,17,0.0011300185341999052,-1.5703989660914222e-18
3,18,0.0009952483259982325,-2.0863616126202536e-18
3,19,0.0008815653232291114,-8.966790658075837e-19
3,20,0.0007939563478425228,-1.7971966677256806e-18
3,21,0.000718036813684677,9.215559308925018e-19
3,22,0.0006599434358613211,-5.207369323244345e-19
3,23,0.0006083186251080769,-1.0529846449158978e-18
3,24,0.0005696712274928573,-2.781677031349684e-20
3,25,0.0005344984028720018,-9.23016792695224e-19
3,26,0.0005093790089731086,-3.5884605804385823e-19
3,27,0.0004859913158487064,1.7220504074675974e-18
3,28,0.00047089439233898023,1.927394757691625e-19
3,29,0.000456532086071864,-4.741229964629114e-19
3,30,0.00044945464355837517,8.097049840345178e-19
3,31,0.000442597361880296,8.898870982426642e-19
3,32,0.00044256671023503585,-3.0789658553323886e-19
3,33,0.000442597361880296,-2.058289943709899e-18
3,34,0.0004494546435583821,-1.002159440134749e-18
3,35,0.0004565320860718605,-4.62998196813382e-19
3,36,0.0004708943923389837,-9.298349297372773e-19
3,37,0.00048599131584870815,5.419419290409829e-20
3,38,0.0005093790089731078,-8.705606333023275e-20
3,39,0.0005344984028720001,1.9827814380435144e-18
3,40,0.0005696712274928573,-9.474188166747918e-20
3,41,0.0006083186251080756,-3.631223097930629e-19
3,42,0.0006599434358613191,1.1304740078868062e-19
3,43,0.0007180368136846756,-2.2980769605005976e-18
3,44,0.0007939563478425235,9.429807675708895e-20
3,45,0.0008815653232291122,-1.9934204919532468e-18
3,46,0.0009952483259982308,9.910470133899818e-19
3,47,0.001130018534199906,1.5441676550764046e-18
3,48,0.0013054841473098301,-4.534262425462216e-19
3,49,0.0015197014492050096,1.899047985862192e-18
3,50,0.0018019476993386373,1.3830853393333607e-18
3,51,0.002157951710484166,-8.966790658075837e-19
3,52,0.002636384062342466,1.6722502842279334e-18
3,53,0.0032622715845918825,-8.131675450843054e-19
3,54,0.0041264843028944835,1.2139865436523727e-18
3,55,0.005303084978025119,6.817388310609093e-19
3,56,0.006980153362632328,-9.474188166747918e-20
3,57,0.009351558530179833,-1.1222924306279972e-18
3,58,0.012814046765414831,1.2924244304002496e-18
3,59,0.01775604860766464,2.0300381262386916e-18
3,60,0.024698512910571443,2.2843993546983007e-18
3,61,0.03332146743188266,9.898116006396427e-19
3,62,0.041825393189142246,-4.0529075830455374e-19
3,63,0.045259830770829956,-4.003635769040522e-18
4,0,0.03884973459343344,1.603751006507611e-18
4,1,0.035824433100562596,1.0740893606041782e-18
4,2,0.030523065582457525,9.044491784272261e-19
4,3,0.024698512910571437,2.2279913770620533e-18
4,4,0.019002906001131983,1.2213156308222943e-18
4,5,0.014318563668153008,1.3750849167222662e-18
4,6,0.010723048120172822,3.220461458446204e-19
4,7,0.008101446455606624,1.2437295426745941e-18
4,8,0.006189572979784027,2.2183316483715048e-20
4,9,0.004811450713650442,-3.0196900860550405e-20
4,10,0.0037949480740752895,7.209088581857425e-19
4,11,0.003048040724093759,1.0366158996452437e-18
4,12,0.0024818879624984758,-3.20397999767708e-19
4,13,0.0020556162727134657,8.586870393088005e-19
4,14,0.0017229868794604785,-1.4413909592942727e-18
4,15,0.0014669940847924984,-1.63912845386971e-18
4,16,0.0012618212435724883,-3.4622471719019526e-20
4,17,0.0011011994795470732,-2.269532463784271e-19
4,18,0.0009694029191957812,-2.1313169045321863e-18
4,19,0.0008650539987120558,-1.1330353576430106e-18
4,20,0.0007776956575295533,-1.5976100176400172e-18
4,21,0.0007082259583887907,-1.4279812475743993e-19
4,22,0.0006491063714336555,-5.453155921437831e-19
4,23,0.0006023134492401444,-1.3583556712906165e-18
4,24,0.0005620166904778965,2.2183316483715048e-20
4,25,0.000530714213393014,-6.270940324966918e-20
4,26,0.0005036233130225462,-3.4300662228301924e-19
4,27,0.00048350721677134414,2.1590178018147928e-19
4,28,0.00046625033005406706,-4.313003718479121e-19
4,29,0.00045477256883475446,-2.4811613314500476e-19
4,30,0.00044539454979992607,7.766405953398969e-20
4,31,0.00044116285903423105,7.057682638614049e-19
4,32,0.000438688731682943,-7.718587731854812e-20
4,33,0.0004411628590342345,-4.43793680875528e-19
4,34,0.00044539454979992954,-3.965934285553792e-19
4,35,0.0004547725688347562,-1.0246151403944602e-18
4,36,0.00046625033005407053,-9.470887141487146e-19
4,37,0.0004835072167713476,7.404230973966091e-20
4,38,0.0005036233130225453,3.220461458446204e-19
4,39,0.0005307142133930149,1.2437295426745941e-18
4,40,0.0005620166904778965,2.4615253852085046e-20
4,41,0.0006023134492401418,5.623425061478403e-19
4,42,0.0006491063714336544,6.338415297884571e-20
4,43,0.00070822595838879,-7.522901995512452e-19
4,44,0.0007776956575295532,-2.727368215471158e-19
4,45,0.0008650539987120571,-3.2861034942046785e-19
4,46,0.0009694029191957805,1.0052452561559625e-18
4,47,0.001101199479547073,8.056126331251302e-19
4,48,0.0012618212435724883,-3.4622471719019526e-20
4,49,0.0014669940847924982,-2.269532463784271e-19
4,50,0.0017229868794604779,1.3381300474214279e-18
4,51,0.002055616272713467,6.016881183337965e-19
4,52,0.002481887962498477,1.871836934313597e-18
4,53,0.003048040724093758,-1.4279812475743993e-19
4,54,0.0037949480740752913,1.189407883833024e-18
4,55,0.004811450713650442,3.763678046861906e-19
4,56,0.006189572979784027,2.4615253852085046e-20
4,57,0.008101446455606627,5.94855008536959e-19
4,58,0.010723048120172822,1.1272996334476075e-18
4,59,0.014318563668153012,6.842391991251914e-20
4,60,0.019002906001131983,1.5728890265098954e-18
4,61,0.024698512910571437,-8.916891495506616e-20
4,62,0.03052306558245753,3.5355197531610376e-19
4,63,0.0358244331005626,-2.140104312627841e-20
5,0,0.023148042632168825,-6.835327716164779e-18
5,1,0.02310595740984008,-2.843614201532588e-18
5,2,0.021133478379340605,-5.664731923809269e-19
5,3,0.017756048607664637,1.102838876845355e-18
5,4,0.014318563668153008,9.228884285300786e-19
5,5,0.011256011028991687,1.1291892402972604e-18
5,6,0.008783472663486933,4.330990224496058e-19
5,7,0.006850347995260905,4.3130975833554577e-19
5,8,0.0053876970339378424,-8.288985337631558e-19
5,9,0.004276090226935052,8.681405680936097e-19
5,10,0.0034402779169669124,8.080234193442729e-19
5,11,0.002799921620702274,6.217678046147581e-19
5,12,0.002312071712065266,1.8472796491213203e-20
5,13,0.0019309872580734007,-1.8407661197683254e-19
5,14,0.0016355214565029015,-2.6875088630719515e-19
5,15,0.0013997052247921625,-1.0879955975406162e-18
5,16,0.001213859821315456,-2.5922638802868397e-19
5,17,0.0010625018864224669,6.258327504210264e-19
5,18,0.0009416790270054696,-1.2169944958722296e-18
5,19,0.0008415209182777655,-5.234643818829016e-19
5,20,0.0007609329942439752,-9.20255264695279e-19
5,21,0.0006931593046682562,4.4987067811755915e-20
5,22,0.0006385538849214376,2.1625858795250492e-19
5,23,0.000592165186003131,-2.371110658656001e-21
5,24,0.0005550989236335828,-8.855898143227922e-20
5,25,0.0005234947911663657,-1.0351977984431977e-19
5,26,0.0004988638951405637,5.560929033048318e-19
5,27,0.0004780322255081961,-1.5740556151900207e-20
5,28,0.00046274766569413123,1.7623629091800099e-19
5,29,0.0004502831079827782,9.373596129424194e-19
5,30,0.000442549060334781,-9.244347186666858e-19
5,31,0.0004371193480890122,-8.01237848339649e-19
5,32,0.0004360476489586075,-8.70090511104602e-19
5,33,0.0004371193480890122,-1.1088907255557807e-18
5,34,0.000442549060334781,-5.664731923809269e-19
5,35,0.0004502831079827782,-4.150441646343512e-19
5,36,0.0004627476656941321,-1.6131374395542582e-19
5,37,0.0004780322255081987,-1.7185336668534497e-19
5,38,0.0004988638951405654,-5.818465445959701e-22
5,39,0.0005234947911663661,-2.371110658656001e-21
5,40,0.0005550989236335828,-2.836628383895639e-20
5,41,0.00059216518600313,5.144182790091169e-20
5,42,0.0006385538849214374,-4.387304011982785e-19
5,43,0.0006931593046682555,-8.707812987677324e-19
5,44,0.000760932994243975,-5.579407188991657e-19
5,45,0.0008415209182777648,-7.475499313057344e-19
5,46,0.0009416790270054689,-2.7689835272237147e-19
5,47,0.0010625018864224662,1.4040839675205974e-19
5,48,0.001213859821315456,-2.5922638802868397e-19
5,49,0.0013997052247921619,-1.1088907255557807e-18
5,50,0.0016355214565029008,5.177289801045775e-19
5,51,0.0019309872580734015,-5.234643818829016e-19
5,52,0.0023120717120652667,8.144682112815282e-19
5,53,0.002799921620702273,9.123488058001596e-19
5,54,0.0034402779169669133,1.950982063929312e-18
5,55,0.004276090226935053,4.3130975833554577e-19
5,56,0.0053876970339378424,-7.6870583616983295e-19
5,57,0.006850347995260906,-7.11621300137966e-19
5,58,0.008783472663486933,1.5479235908179697e-18
5,59,0.01125601102899169,1.5014505379757331e-18
5,60,0.014318563668153008,1.0190192626508537e-18
5,61,0.017756048607664637,-1.0016244182365826e-18
5,62,0.021133478379340605,-4.885762583512843e-19
5,63,0.02310595740984008,-3.3989558699054207e-18
6,0,0.017747958364126168,-3.521695042311139e-19
6,1,0.016576616928753365,2.4037812974852475e-19
6,2,0.01475505934130782,1.365606484717737e-19
6,3,0.01281404676541483,4.426404990484896e-19
6,4,0.010723048120172822,2.6107889244280985e-19
6,5,0.008783472663486929,2.0552305929836752e-19
6,6,0.00709777718914279,-2.348236603765121e-19
6,7,0.005722229550701071,2.998233458110202e-19
6,8,0.004618422421143981,-1.308211620031853e-19
6,9,0.0037546767626595655,1.915824423394475e-19
6,10,0.003075009936587632,-6.186364440824614e-19
6,11,0.002546037763808925,-3.03080242697228e-19
6,12,0.002127848395552757,-2.2115887987127355e-19
6,13,0.0017996468209125578,-2.1910106032610977e-19
6,14,0.0015366624335798715,-7.894554083772478e-19
6,15,0.0013277302328227347,-2.6519821193793917e-19
6,16,0.001157671510172202,-3.100648772473596e-19
6,17,0.0010209791958124491,-3.830381194306403e-19
6,18,0.000908042037992129,-9.476415240137306e-19
6,19,0.0008164554773978528,-2.6209091306708826e-19
6,20,0.0007398142189728577,-1.0399637145397954e-18
6,21,0.0006773931345128934,-3.365780269443847e-19
6,22,0.0006246709528895638,-1.2640344312796165e-19
6,23,0.0005818404624423656,-5.675383921773833e-19
6,24,0.000545521998528658,-1.308211620031853e-19
6,25,0.0005164229774781699,1.5201092829129163e-19
6,26,0.000491879108089652,6.898312353500825e-20
6,27,0.0004729010821667235,-2.538855821197985e-19
6,28,0.0004572884446715879,-6.379458207387372e-20
6,29,0.0004462487963332101,-1.6359057910938983e-19
6,30,0.0004378935432689992,6.615792711673661e-19
6,31,0.0004335812974447621,6.715395576695929e-19
6,32,0.00043164307748323576,-4.1747959246201296e-20
6,33,0.0004335812974447621,7.774780387569908e-20
6,34,0.0004378935432689983,-8.027978602532719e-20
6,35,0.00044624879633320923,-5.331414561884644e-19
6,36,0.00045728844467158875,-6.062828455455936e-19
6,37,0.0004729010821667252,-1.131737519873337e-20
6,38,0.0004918791080896516,-1.7983225879411203e-20
6,39,0.0005164229774781695,-1.3385752318318154e-19
6,40,0.000545521998528658,-2.2658031581027124e-19
6,41,0.0005818404624423645,-7.875397987759905e-19
6,42,0.0006246709528895634,-4.626569652691561e-19
6,43,0.0006773931345128933,-9.188927789385899e-19
6,44,0.0007398142189728582,-5.577259422257121e-19
6,45,0.0008164554773978537,-1.9257022907172185e-19
6,46,0.0009080420379921286,-1.9959068676910087e-19
6,47,0.0010209791958124491,-2.762130497586786e-19
6,48,0.001157671510172202,-3.100648772473596e-19
6,49,0.0013277302328227338,-3.830381194306403e-19
6,50,0.001536662433579872,-8.027978602532719e-20
6,51,0.001799646820912557,-2.6209091306708826e-19
6,52,0.0021278483955527575,6.947597614370117e-19
6,53,0.0025460377638089242,-3.365780269443847e-19
6,54,0.003075009936587633,-1.2640344312796165e-19
6,55,0.003754676762659566,-1.3385752318318156e-19
6,56,0.004618422421143981,-2.2658031581027124e-19
6,57,0.005722229550701072,-7.479682847278347e-19
6,58,0.007097777189142791,5.844469430901814e-19
6,59,0.008783472663486933,7.666360364607878e-19
6,60,0.010723048120172822,1.5227149796529165e-19
6,61,0.012814046765414831,-2.480807102884418e-19
6,62,0.014755059341307821,-5.664231938282103e-19
6,63,0.016576616928753365,-1.2129508193662107e-18
7,0,0.010719884559820387,-7.923941411882353e-18
7,1,0.010928221033318093,-3.4452149354034584e-18
7,2,0.010461485028862256,1.9299445570354237e-18
7,3,0.00935155853017983,3.201961775167357e-18
7,4,0.008101446455606624,1.4040833768992771e-18
7,5,0.006850347995260902,6.139495740007539e-20
7,6,0.00572222955070107,-5.688735587390417e-19
7,7,0.004743234725812031,-2.0300256761035515e-18
7,8,0.0039314208507760465,-1.8081715777791494e-18
7,9,0.003264121213604698,1.3644388553174023e-18
7,10,0.002727174334586944,2.6931735273992704e-18
7,11,0.0022924951076784827,1.1718277352903643e-18
7,12,0.0019446414393301343,-1.0782601387865589e-18
7,13,0.0016624617064104675,-1.2490030397115165e-19
7,14,0.0014355614634921966,-3.521469119670977e-19
7,15,0.0012498229387218748,-5.864177243011664e-19
7,16,0.0010992615511260613,3.613867444802815e-19
7,17,0.0009746356446967538,9.593563903189034e-19
7,18,0.000872828694023622,-2.1619353438484078e-20
7,19,0.0007876622408851443,-7.011660457804589e-19
7,20,0.0007177310638810774,-1.4690523801873096e-18
7,21,0.000658740135784639,-6.975465633397777e-19
7,22,0.000610281339030759,1.900679620008114e-19
7,23,0.0005692272028386732,-2.953022001267443e-19
7,24,0.000535753480120316,-1.176252242696823e-18
7,25,0.0005074717742598739,-1.6165972206046831e-19
7,26,0.0004849094746021505,1.6087008211995446e-18
7,27,0.0004661588613899554,1.492107781342297e-18
7,28,0.00045197234591117484,1.2027164744878183e-18
7,29,0.0004407650736311325,1.0448687837133672e-18
7,30,0.0004334504477809245,-3.9498292356600255e-19
7,31,0.0004286697692622819,-1.1948527961539224e-18
7,32,0.0004274728272446772,-8.397915257667843e-19
7,33,0.0004286697692622819,-1.791806622363064e-18
7,34,0.0004334504477809245,-6.721406569297867e-19
7,35,0.00044076507363113165,1.46723829919055e-18
7,36,0.0004519723459111757,1.2956631596507267e-18
7,37,0.00046615886138995626,1.5792779988797816e-18
7,38,0.00048490947460215093,1.816371220729068e-18
7,39,0.0005074717742598739,1.3837866886745736e-19
7,40,0.000535753480120316,-1.2571476912628303e-18
7,41,0.000569227202838673,-3.080720438203235e-19
7,42,0.0006102813390307586,2.7722519594105733e-19
7,43,0.0006587401357846385,-6.544742678294245e-19
7,44,0.0007177310638810772,-7.756424491025559e-19
7,45,0.0007876622408851446,2.0043712023498955e-19
7,46,0.000872828694023622,1.1644475284520274e-18
7,47,0.000974635644696754,1.549119685402792e-18
7,48,0.0010992615511260613,3.613867444802815e-19
7,49,0.001249822938721875,9.199465233049984e-20
7,50,0.0014355614634921966,8.457423845499195e-19
7,51,0.0016624617064104677,1.6619569220794462e-19
7,52,0.0019446414393301345,-1.680097732047043e-19
7,53,0.0022924951076784823,1.4708577816312312e-18
7,54,0.002727174334586944,2.792153175966022e-18
7,55,0.003264121213604698,1.005740406855861e-18
7,56,0.0039314208507760465,-1.8890670263451564e-18
7,57,0.004743234725812032,-2.2514204183960674e-18
7,58,0.005722229550701071,-3.7302557383602404e-19
7,59,0.006850347995260903,3.262882931012483e-19
7,60,0.008101446455606624,1.7138704965592864e-18
7,61,0.00935155853017983,2.9337958534982864e-18
7,62,0.010461485028862256,1.640964409045134e-18
7,63,0.010928221033318093,-4.1308178431603774e-18
8,0,0.008903783353622829,5.3450284169119564e-20
8,1,0.008358310179606514,-4.0230157012481447e-20
8,2,0.007655391898908737,6.78560562443119e-20
8,3,0.006980153362632331,3.808179336369785e-19
8,4,0.006189572979784029,2.839901421914586e-19
8,5,0.005387697033937846,1.852721403248855e-19
8,6,0.004618422421143984,8.90401469819653e-20
8,7,0.003931420850776046,2.8468254734338784e-19
8,8,0.003331786691187747,2.2414143102464157e-20
8,9,0.0028266719829428692,1.2039944977702637e-19
8,10,0.002402865489320002,-7.950517403310153e-20
8,11,0.002054014434257251,-3.2854359065729894e-20
8,12,0.0017650151955401288,-1.779086417889901e-19
8,13,0.0015284808598078497,1.0105643146216954e-19
8,14,0.00133250432453354,-1.5203556935728778e-19
8,15,0.001171765561637836,-6.30131312119832e-19
8,16,0.001037823472849512,1.9341804065350747e-20
8,17,0.0009274435195741028,-2.667762985641264e-20
8,18,0.0008347790388729754,-1.760894325649266e-19
8,19,0.0007580877837727904,-5.407539129757003e-19
8,20,0.0006932685527781955,-6.375817044212202e-19
8,21,0.0006395416773768516,2.2641814452059828e-20
8,22,0.000593943621461275,-1.820103961394108e-19
8,23,0.0005562955026804871,-4.742589733964653e-19
8,24,0.0005243745416718105,2.2414143102464157e-20
8,25,0.0004983777683722635,3.3198381347220833e-19
8,26,0.0004765714691086129,-6.158980015580603e-20
8,27,0.0004593957848405164,5.881577373542109e-20
8,28,0.0004454475232296387,-2.8586112817401023e-19
8,29,0.0004353359265319547,-1.9539181439779147e-19
8,30,0.00042788883541604794,-3.9761688703818748e-19
8,31,0.0004238486354029647,1.4764102889518114e-20
8,32,0.000422213187370497,-4.8052573284898325e-20
8,33,0.0004238486354029647,9.529511454820661e-20
8,34,0.00042788883541604837,-2.031944868770642e-19
8,35,0.0004353359265319538,-1.612831526057737e-19
8,36,0.0004454475232296387,-2.581109440512936e-19
8,37,0.0004593957848405168,-1.3998851142076583e-19
8,38,0.0004765714691086125,-1.9380070266585148e-20
8,39,0.0004983777683722638,6.784211284628697e-20
8,40,0.0005243745416718105,4.2544963123113475e-21
8,41,0.0005562955026804867,-2.882141938032321e-19
8,42,0.0005939436214612751,-5.682433799965604e-20
8,43,0.0006395416773768513,-1.3679988258312982e-19
8,44,0.0006932685527781959,-1.3052594567945743e-20
8,45,0.0007580877837727901,1.2424431531677545e-19
8,46,0.0008347790388729753,1.359682017220491e-19
8,47,0.0009274435195741025,6.02401136237497e-19
8,48,0.001037823472849512,1.9341804065350747e-20
8,49,0.0011717655616378356,-2.667762985641264e-20
8,50,0.0013325043245335402,2.5759143642927518e-19
8,51,0.00152848085980785,3.266078250127033e-19
8,52,0.0017650151955401296,6.634609025613852e-19
8,53,0.0020540144342572507,2.2641814452059828e-20
8,54,0.0024028654893200026,2.5167047285479097e-19
8,55,0.0028266719829428692,3.931027645919383e-19
8,56,0.003331786691187747,4.2544963123113475e-21
8,57,0.003931420850776046,-6.611768850421229e-20
8,58,0.004618422421143983,3.5894115711725026e-19
8,59,0.005387697033937846,2.0521085360992099e-19
8,60,0.006189572979784031,5.285807608112762e-19
8,61,0.006980153362632331,-1.2988307817465351e-20
8,62,0.007655391898908737,3.815495194029488e-19
8,63,0.008358310179606514,-1.5091449602040356e-19
9,0,0.005574343881061414,-2.369367012101848e-18
9,1,0.005786102125952458,-4.804616605113324e-19
9,2,0.005710617813465539,2.1506353334813225e-18
9,3,0.005303084978025115,2.623903212631092e-18
9,4,0.004811450713650439,1.803908908768786e-18
9,5,0.004276090226935049,7.28611011046558e-19
9,6,0.0037546767626595624,-5.322963057086767e-19
9,7,0.003264121213604697,-1.576464762361097e-18
9,8,0.0028266719829428692,-1.820216967079794e-18
9,9,0.0024418246028863667,-7.594020952779886e-19
9,10,0.0021130793849653533,6.150028835213415e-19
9,11,0.0018324777099278868,7.961480014810924e-19
9,12,0.0015972020118763764,-2.223579066973175e-19
9,13,0.0013985901966545638,-4.666308854046544e-19
9,14,0.0012330443612938412,-2.281538364038998e-19
9,15,0.0010934822613380942,6.979274902627379e-19
9,16,0.0009771524804609286,1.0513720547748488e-18
9,17,0.0008787791875188232,1.0713026988585458e-18
9,18,0.0007966226585495899,8.76697780810855e-19
9,19,0.0007268489352615987,-3.5765276170404545e-19
9,20,0.0006685132824185006,-1.7197481518091033e-18
9,21,0.0006188107958030799,-1.4397933339244508e-18
9,22,0.0005773490968352305,9.804780534075471e-21
9,23,0.0005420296189136388,8.087800171070128e-19
9,24,0.0005128285310053164,3.372905970840726e-19
9,25,0.00048812842127611685,-6.078222760010657e-19
9,26,0.00046815200431622587,-2.7623210062780884e-19
9,27,0.00045161272673848677,-3.3604332552044673e-19
9,28,0.00043890507569274576,-7.345601110708385e-19
9,29,0.00042897516401515417,-1.4835110636520142e-18
9,30,0.0004223478186371611,-2.584871315482045e-19
9,31,0.0004181391565519937,1.7962501199446663e-18
9,32,0.00041698678079846955,2.9857314886498002e-18
9,33,0.0004181391565519941,1.8099154288642957e-18
9,34,0.00042234781863716153,-1.8039933736251188e-19
9,35,0.00042897516401515417,-1.6044852600623755e-18
9,36,0.0004389050756927462,-9.06596522444975e-19
9,37,0.0004516127267384874,-1.3875072694184558e-19
9,38,0.00046815200431622587,-3.1545587121157586e-19
9,39,0.00048812842127611685,-5.858172088139079e-20
9,40,0.0005128285310053164,2.6091457034697e-19
9,41,0.000542029618913639,1.0405940435513095e-18
9,42,0.0005773490968352304,5.098781140094876e-20
9,43,0.0006188107958030798,-1.5272376713772472e-18
9,44,0.0006685132824185008,-1.5908351381926325e-18
9,45,0.0007268489352615988,-1.5782230288936458e-19
9,46,0.0007966226585495897,1.164257599024318e-18
9,47,0.0008787791875188234,1.4659020020043132e-18
9,48,0.0009771524804609286,1.0513720547748488e-18
9,49,0.0010934822613380942,1.0713026988585458e-18
9,50,0.0012330443612938414,9.336042822451394e-21
9,51,0.001398590196654564,-3.5765276170404545e-19
9,52,0.0015972020118763767,1.4975324167703776e-20
9,53,0.0018324777099278866,7.28611011046558e-19
9,54,0.0021130793849653538,8.771665185224791e-19
9,55,0.0024418246028863667,-7.091030243726934e-19
9,56,0.0028266719829428692,-1.8965929938168966e-18
9,57,0.003264121213604697,-1.2793901206966223e-18
9,58,0.0037546767626595624,-3.588198114325062e-19
9,59,0.0042760902269350495,9.059962626068972e-19
9,60,0.004811450713650439,1.7402927146432003e-18
9,61,0.005303084978025115,2.3769409168377014e-18
9,62,0.005710617813465539,2.1703728494055762e-18
9,63,0.005786102125952458,-5.539924742902939e-19
10,0,0.005048435791659265,-6.1213481747957965e-19
10,1,0.004733452213552401,-4.597829166262088e-19
10,2,0.004395393987188942,-2.888256199579909e-19
10,3,0.00412648430289448,-1.0480786519365393e-19
10,4,0.0037949480740752895,-1.5367865866553877e-19
10,5,0.003440277916966913,1.6130574638251052e-21
10,6,0.0030750099365876335,-1.0192708266755448e-19
10,7,0.0027271743345869447,2.94858873242075e-20
10,8,0.0024028654893200043,-1.9891771348577005e-19
10,9,0.002113079384965356,-9.540022482817901e-20
10,10,0.0018560535186965567,-5.543468392017146e-20
10,11,0.001633843832995366,2.1438037189522648e-20
10,12,0.0014414452618229324,-1.7774433554638435e-19
10,13,0.0012776829506372551,-1.8679581409512645e-19
10,14,0.0011372938441533947,-2.254964059019271e-19
10,15,0.0010185363711568442,-3.1481623964221357e-19
10,16,0.0009169834182846183,-8.040999667022101e-20
10,17,0.0008312263800671917,-5.998336552217904e-20
10,18,0.0007578305600859555,-7.198518546089003e-20
10,19,0.0006958864732434118,-2.1322808244220437e-19
10,20,0.0006427945506541945,-2.349938216019516e-19
10,21,0.0005980776403898605,-1.6101726840900056e-19
10,22,0.0005597631772916795,6.493134580995962e-21
10,23,0.0005276974971347038,-1.8735454717289339e-19
10,24,0.0005003586499744426,1.17041954055393e-19
10,25,0.000477823935454081,3.3088082980463124e-20
10,26,0.0004588914548526216,-3.597890257614463e-19
10,27,0.0004438042730602436,-3.2429037903662004e-19
10,28,0.00043158948138367296,-2.7067627422298836e-19
10,29,0.0004226152108823835,5.631257834978567e-20
10,30,0.00041607637231181206,-6.905813970854179e-20
10,31,0.00041244490530372964,-3.2906322077267234e-19
10,32,0.00041104438241946865,-3.43680630292688e-19
10,33,0.0004124449053037301,-3.1070511790945194e-19
10,34,0.00041607637231181206,-2.888256199579909e-19
10,35,0.0004226152108823835,-4.3006851693930526e-19
10,36,0.00043158948138367296,-3.1630898453836443e-19
10,37,0.000443804273060244,-3.2364759428182623e-19
10,38,0.0004588914548526216,-1.0192708266755448e-19
10,39,0.000477823935454081,2.94858873242075e-20
10,40,0.0005003586499744426,1.335163979249626e-19
10,41,0.0005276974971347035,2.6608712663348514e-20
10,42,0.0005597631772916794,7.338363036507673e-20
10,43,0.0005980776403898604,-2.5856014020182523e-19
10,44,0.0006427945506541947,-7.54028731604179e-20
10,45,0.0006958864732434117,-4.7244911199918975e-20
10,46,0.0007578305600859554,8.648871226306035e-20
10,47,0.0008312263800671916,1.4748417325613721e-19
10,48,0.0009169834182846183,-8.040999667022101e-20
10,49,0.001018536371156844,-5.998336552217904e-20
10,50,0.0011372938441533945,-7.198518546089003e-20
10,51,0.0012776829506372554,3.612352054896514e-21
10,52,0.0014414452618229327,-1.8153387104850688e-20
10,53,0.0016338438329953659,5.582316608810031e-20
10,54,0.0018560535186965565,6.493134580995962e-21
10,55,0.002113079384965356,2.94858873242075e-20
10,56,0.0024028654893200043,-1.8244326961620047e-19
10,57,0.002727174334586945,-1.0187959514529362e-19
10,58,0.0030750099365876335,1.6089753770925068e-19
10,59,0.0034402779169669133,8.716827602431745e-20
10,60,0.0037949480740752895,-1.9931136898091484e-19
10,61,0.00412648430289448,-6.156139553904824e-19
10,62,0.004395393987188942,-5.036304229245268e-19
10,63,0.004733452213552402,-4.345800404804315e-19
11,0,0.0032295879989582338,-3.2874832012544347e-18
11,1,0.0034053106236756553,-1.6008368933527217e-18
11,2,0.00343217477199422,1.9467325148016946e-19
11,3,0.003262271584591883,9.785116418936128e-19
11,4,0.003048040724093758,8.544941220760121e-19
11,5,0.0027999216207022734,2.397083517611889e-19
11,6,0.0025460377638089247,1.0837903002487342e-19
11,7,0.0022924951076784827,-2.4540240006272404e-19
11,8,0.0020540144342572524,-6.487264256839164e-19
11,9,0.0018324777099278883,-3.892234120885441e-19
11,10,0.0016338438329953648,-2.825607220209178e-19
11,11,0.0014563091029823395,-2.705703438551339e-19
11,12,0.0013012546174808245,-8.333199499022072e-19
11,13,0.0011653941370736122,-6.428907749053689e-19
11,14,0.001048331872688794,-4.127327530397124e-19
11,15,0.0009467017274425079,-1.7222843499319292e-19
11,16,0.0008597018833989498,2.0633613514060115e-19
11,17,0.0007844383161394522,-2.184791234337035e-19
11,18,0.000720223305013709,-3.3387530760651393e-19
11,19,0.0006647356754461227,-2.412158021525797e-19
11,20,0.0006175354597927438,-1.097069788397896e-18
11,21,0.0005768045078056056,-7.360736034757651e-19
11,22,0.0005423422112932469,-3.7951194759360353e-19
11,23,0.0005127248130802275,-5.706630518083754e-19
11,24,0.000487945307304345,-9.646860932250795e-19
11,25,0.00046687524244817596,-1.4727413603102732e-18
11,26,0.00044965613325862624,-1.2578886341956738e-18
11,27,0.00043537760935196995,-3.071614641015437e-19
11,28,0.00042429619412681185,1.51266786472409e-19
11,29,0.000415663762255253,2.6117931198076504e-19
11,30,0.0004098312627992572,2.9280291423552885e-19
11,31,0.0004061746377877007,-1.0200416654251153e-19
11,32,0.0004051304596666362,-4.598580814986588e-19
11,33,0.00040617463778770094,-2.184791234337036e-19
11,34,0.00040983126279925744,1.6756819716803185e-19
11,35,0.000415663762255253,1.6536001252948448e-19
11,36,0.00042429619412681207,9.555260133615897e-20
11,37,0.00043537760935197017,-1.9397251723301288e-19
11,38,0.00044965613325862646,-1.0842433597091815e-18
11,39,0.00046687524244817596,-1.221184355299678e-18
11,40,0.000487945307304345,-9.749218207779157e-19
11,41,0.0005127248130802275,-5.486783005961888e-19
11,42,0.000542342211293247,-2.6168623263515854e-19
11,43,0.0005768045078056054,-8.235943706590732e-19
11,44,0.000617535459792744,-7.6450843202655715e-19
11,45,0.0006647356754461227,-1.6561703810326313e-19
11,46,0.0007202233050137089,-4.024092164218472e-20
11,47,0.0007844383161394523,1.2910267021754897e-19
11,48,0.0008597018833989498,2.0633613514060115e-19
11,49,0.0009467017274425078,2.1520174556049828e-19
11,50,0.0010483318726887938,-1.1703487310941304e-19
11,51,0.0011653941370736122,-6.748966711467815e-19
11,52,0.0013012546174808247,-4.465484849065932e-19
11,53,0.0014563091029823395,-3.0239273448156332e-19
11,54,0.001633843832995365,-1.6267151309650264e-19
11,55,0.0018324777099278883,-4.622428345598249e-19
11,56,0.0020540144342572524,-6.589621532367526e-19
11,57,0.0022924951076784827,-1.1568165586576238e-19
11,58,0.002546037763808925,2.7996081054539577e-19
11,59,0.002799921620702274,4.0561913932139147e-19
11,60,0.003048040724093758,8.529900455640372e-19
11,61,0.003262271584591883,7.734565682359605e-19
11,62,0.00343217477199422,6.737504044670236e-20
11,63,0.0034053106236756553,-1.7029501285220771e-18
12,0,0.0031628561415510546,-1.4348141864944648e-18
12,1,0.0029527834897967544,-1.2757434597903118e-18
12,2,0.002757841277326146,-1.1257658250741557e-18
12,3,0.0026363840623424666,-8.428007686543927e-19
12,4,0.002481887962498474,-6.678053594826558e-19
12,5,0.002312071712065266,-4.620206862596435e-19
12,6,0.0021278483955527567,-5.508026283797872e-19
12,7,0.0019446414393301341,-2.038376000188346e-19
12,8,0.0017650151955401331,-1.3761645117673502e-19
12,9,0.0015972020118763795,-5.764284552791999e-20
12,10,0.0014414452618229342,-3.012655945422167e-20
12,11,0.0013012546174808249,1.0267776498968517e-19
12,12,0.001175084573455149,7.160584633524664e-20
12,13,0.0010639491809453575,1.8654948533716099e-19
12,14,0.0009656024062524471,-7.053808210873366e-20
12,15,0.0008800204248262292,8.589203552491797e-20
12,16,0.0008049503369517332,2.5925475539197125e-20
12,17,0.0007400774728925798,-8.58217069787856e-21
12,18,0.0006834322885926785,-8.222123405685774e-20
12,19,0.0006347219304861736,-2.193845194752276e-19
12,20,0.0005923232193763819,-2.0701943617631647e-19
12,21,0.0005560652968240963,-2.83398172654417e-20
12,22,0.0005246394535020299,-1.9843692232199823e-19
12,23,0.000498009516158842,-2.038376000188346e-19
12,24,0.00047512261161190806,-1.3761645117673502e-19
12,25,0.0004560613216187669,-9.509180777498713e-20
12,26,0.0004399715019446026,-6.152200127023522e-20
12,27,0.0004270342903225547,-6.193993537444996e-20
12,28,0.00041654777541001264,-4.00487460879954e-21
12,29,0.00040877594079177684,2.102133223683045e-19
12,30,0.0004031345462057979,3.156033539450733e-19
12,31,0.0003999617209294378,1.9818990390138034e-19
12,32,0.00039876709625049495,2.619259343688255e-19
12,33,0.000399961720929438,2.8279716315760076e-19
12,34,0.0004031345462057979,2.0238183622058722e-19
12,35,0.0004087759407917764,1.3298118658256134e-19
12,36,0.00041654777541001286,3.692605263292203e-20
12,37,0.000427034290322555,-2.83398172654417e-20
12,38,0.0004399715019446026,4.550856648724027e-20
12,39,0.0004560613216187668,-9.541738277028416e-20
12,40,0.00047512261161190806,-1.8614739139806228e-19
12,41,0.0004980095161588417,-2.0294098882790622e-19
12,42,0.0005246394535020299,-9.613769202743522e-20
12,43,0.000556065296824096,-2.2810364389426554e-19
12,44,0.000592323219376382,-1.0617395831795303e-19
12,45,0.0006347219304861736,-1.2521412722171092e-19
12,46,0.0006834322885926785,9.53900442209449e-20
12,47,0.0007400774728925798,-6.474072760266999e-20
12,48,0.0008049503369517332,2.5925475539197125e-20
12,49,0.0008800204248262292,-8.58217069787856e-21
12,50,0.0009656024062524471,1.3461920044024314e-19
12,51,0.0010639491809453577,2.1429634951897415e-19
12,52,0.0011750845734551493,2.266614328178853e-19
12,53,0.0013012546174808247,-2.83398172654417e-20
12,54,0.0014414452618229342,1.268237294236531e-19
12,55,0.0015972020118763795,-9.541738277028416e-20
12,56,0.0017650151955401331,-1.8614739139806228e-19
12,57,0.0019446414393301343,-2.7391224382938953e-19
12,58,0.0021278483955527567,-3.90002901957073e-19
12,59,0.0023120717120652663,-3.8874659527578167e-19
12,60,0.0024818879624984745,-5.726643236166591e-19
12,61,0.0026363840623424657,-1.0162397022412579e-18
12,62,0.002757841277326146,-1.2123232384455407e-18
12,63,0.002952783489796755,-1.2612407684646369e-18
13,0,0.0020417514048793185,-2.7721920996619287e-18
13,1,0.002184348580654465,-1.0507982868153387e-18
13,2,0.002236684789218688,7.980270429655754e-19
13,3,0.0021579517104841676,1.1837047498668995e-18
13,4,0.002055616272713466,1.0065540395636869e-18
13,5,0.0019309872580734002,1.1038118691267838e-18
13,6,0.0017996468209125565,1.3631536603164036e-18
13,7,0.0016624617064104688,7.711495421033282e-19
13,8,0.0015284808598078486,-4.0726106462107295e-19
13,9,0.0013985901966545654,-6.143610678727832e-19
13,10,0.0012776829506372569,-4.191196305850589e-19
13,11,0.0011653941370736124,-4.427050882769954e-19
13,12,0.0010639491809453585,-6.279252975438696e-19
13,13,0.000972091719597551,-7.194711202766171e-19
13,14,0.0008906101094900883,-1.1624154422465758e-18
13,15,0.0008179124429302661,-9.824252611936099e-19
13,16,0.0007541496017871492,-3.923208707694983e-19
13,17,0.000697751854074666,-3.189618203876232e-19
13,18,0.0006486603994522923,-1.3709733080317219e-19
13,19,0.0006054853980011488,1.6726521316173906e-19
13,20,0.0005681530486383445,3.0772084326732844e-20
13,21,0.000535492241043911,-2.785459007922342e-19
13,22,0.0005074875325876378,-7.5104057603033e-19
13,23,0.00048317147377042075,-6.383132821278275e-19
13,24,0.0004626056698679628,-7.23220732162236e-19
13,25,0.00044499362743956957,-5.812630794831476e-19
13,26,0.00043047199466352416,-5.273215926639929e-19
13,27,0.0004183815207448036,-5.93248577165455e-19
13,28,0.0004089267752774822,-8.077737930851748e-19
13,29,0.0004015572976297186,-9.99117550417323e-19
13,30,0.00039653987182152893,-9.320414208583932e-19
13,31,0.0003934112495139444,-9.810136410512777e-19
13,32,0.0003924986698276441,-1.1013344042831306e-18
13,33,0.0003934112495139444,-1.0507982868153387e-18
13,34,0.00039653987182152904,-9.366964330112317e-19
13,35,0.0004015572976297186,-1.011804649416247e-18
13,36,0.0004089267752774822,-8.365896536616707e-19
13,37,0.00041838152074480384,-5.767014982257479e-19
13,38,0.00043047199466352427,-4.799900329089539e-19
13,39,0.00044499362743956946,-6.383132821278275e-19
13,40,0.0004626056698679628,-7.424284225501618e-19
13,41,0.00048317147377042075,-6.110754710009999e-19
13,42,0.0005074875325876377,-6.491202483158737e-19
13,43,0.000535492241043911,-3.3246229006048945e-19
13,44,0.0005681530486383445,1.202633256424455e-19
13,45,0.0006054853980011488,2.123835075678349e-19
13,46,0.0006486603994522922,-8.740077043119684e-20
13,47,0.000697751854074666,-2.956134522593523e-19
13,48,0.0007541496017871492,-3.923208707694983e-19
13,49,0.0008179124429302661,-9.694831238789259e-19
13,50,0.0008906101094900882,-1.1128792860401262e-18
13,51,0.0009720917195975513,-7.000965248266645e-19
13,52,0.0010639491809453585,-5.113290019160193e-19
13,53,0.0011653941370736124,-4.953863352893351e-19
13,54,0.0012776829506372569,-3.1735970703612826e-19
13,55,0.0013985901966545654,-6.383132821278275e-19
13,56,0.0015284808598078486,-4.2646875500899865e-19
13,57,0.001662461706410469,6.568691475919698e-19
13,58,0.0017996468209125565,1.4106456242369684e-18
13,59,0.0019309872580734004,1.1191238058105756e-18
13,60,0.002055616272713466,1.0048432332993286e-18
13,61,0.0021579517104841676,1.1425512411998432e-18
13,62,0.002236684789218688,7.935324349782626e-19
13,63,0.002184348580654465,-1.1372817560779504e-18
14,0,0.002145583359648182,-4.557854257315124e-19
14,1,0.001991517332006559,-1.1840460882299368e-18
14,2,0.0018628810577215858,-1.945855587165588e-18
14,3,0.0018019476993386342,-1.6261066637624054e-18
14,4,0.0017229868794604775,-1.077242049690374e-18
14,5,0.0016355214565028995,-6.885048772264291e-19
14,6,0.0015366624335798721,-5.572222940963598e-19
14,7,0.0014355614634921966,-4.31502178563316e-19
14,8,0.0013325043245335363,-3.518092333497443e-19
14,9,0.0012330443612938384,-3.007629777661072e-19
14,10,0.0011372938441533936,-4.078660133161713e-19
14,11,0.0010483318726887943,-2.341553377691806e-19
14,12,0.00096560240625245,-2.1046139127978775e-19
14,13,0.0008906101094900878,-1.3417396102351077e-19
14,14,0.0008223479947421305,-9.156343583103264e-20
14,15,0.0007614526918467999,-5.891214304580113e-20
14,16,0.0007067585675787362,-1.194220821545858e-19
14,17,0.0006584937670912353,-7.951512501032907e-20
14,18,0.0006155248442208612,-1.1626442109629936e-19
14,19,0.0005779273462985274,-1.4888120375090565e-19
14,20,0.0005446879447898557,-2.9119547463838336e-19
14,21,0.0005158547857454256,-1.7350884529581445e-19
14,22,0.0004905583765869839,-1.5121207853607618e-20
14,23,0.0004688730105433677,-1.604516354419399e-19
14,24,0.00045006556248933916,-1.9382939957916278e-19
14,25,0.0004342553010985305,-2.2274747848396157e-19
14,26,0.0004208266084995523,-2.7534630092768883e-19
14,27,0.00040994796092379054,-2.675158065816432e-19
14,28,0.0004011008685874839,-3.62934700787716e-19
14,29,0.00039450269151755787,-3.9946273714878077e-19
14,30,0.0003897143596418355,-2.882656251329054e-19
14,31,0.00038700195114830334,-2.909035816275337e-19
14,32,0.00038599216749040136,-1.8819762246370963e-19
14,33,0.00038700195114830345,-2.353691873051204e-19
14,34,0.0003897143596418354,-2.9244727412519393e-19
14,35,0.00039450269151755787,-3.250640567798001e-19
14,36,0.000401100868587484,-3.725106375747962e-19
14,37,0.00040994796092379076,-2.5482400823222733e-19
14,38,0.0004208266084995522,-2.319616423507085e-19
14,39,0.0004342553010985305,-2.1466174406621513e-19
14,40,0.0004500655624893392,-1.9199722704367148e-19
14,41,0.00046887301054336774,-7.828643808311301e-20
14,42,0.0004905583765869839,-1.988295430684133e-21
14,43,0.0005158547857454256,-1.4520781766687565e-19
14,44,0.0005446879447898558,-1.821941778120157e-19
14,45,0.0005779273462985274,-1.2957815928197044e-19
14,46,0.0006155248442208612,-1.913379462666051e-20
14,47,0.0006584937670912353,-5.802718200926828e-20
14,48,0.0007067585675787362,-1.194220821545858e-19
14,49,0.0007614526918467997,-7.951512501032907e-20
14,50,0.0008223479947421305,-7.844203847748915e-21
14,51,0.0008906101094900878,-1.4888120375090565e-19
14,52,0.0009656024062524501,-7.435504014128247e-20
14,53,0.0010483318726887943,-2.819290625443649e-19
14,54,0.0011372938441533938,-3.4038185959925895e-19
14,55,0.0012330443612938384,-2.6887185269049035e-19
14,56,0.0013325043245335363,-3.49977060814253e-19
14,57,0.0014355614634921966,-4.8156258911091e-19
14,58,0.001536662433579872,-4.59768659564818e-19
14,59,0.0016355214565028997,-7.623686523457156e-19
14,60,0.0017229868794604777,-1.0597129321653165e-18
14,61,0.0018019476993386342,-1.5990128591335075e-18
14,62,0.0018628810577215856,-1.9637308959836592e-18
14,63,0.001991517332006559,-1.1812884590344163e-18
15,0,0.0013859796005908443,1.818266560620133e-17
15,1,0.0015034473495750048,7.758698535581397e-18
15,2,0.0015593250602632274,-1.88111289925056e-18
15,3,0.0015197014492050105,-3.3873807726465772e-18
15,4,0.0014669940847924995,-1.9936849925587383e-18
15,5,0.001399705224792162,2.63108914882825e-19
15,6,0.001327730232822733,1.0903179896663759e-18
15,7,0.0012498229387218735,1.464976548487769e-18
15,8,0.0011717655616378375,4.746159217000454e-19
15,9,0.0010934822613380937,-1.0076036880566057e-18
15,10,0.0010185363711568446,-1.7181513877552352e-18
15,11,0.0009467017274425087,-1.5656722229474783e-18
15,12,0.0008800204248262311,2.9053346978922014e-19
15,13,0.0008179124429302663,5.975402572634463e-19
15,14,0.0007614526918468029,-5.208092679009692e-19
15,15,0.0007098330998489119,-2.41358263781224e-18
15,16,0.0006635818810719125,-2.540275757123695e-18
15,17,0.0006218203354885035,4.403338713042418e-19
15,18,0.0005848053476996443,2.0762250303215313e-18
15,19,0.0005516921108864968,1.762579546659569e-18
15,20,0.0005226252924911171,3.7800725975330266e-19
15,21,0.0004968439211366487,-6.991205131980601e-19
15,22,0.0004744634073902177,-4.2756505181333035e-19
15,23,0.00045482094961075026,1.6547119286727324e-18
15,24,0.0004380420505220779,9.214503686996524e-19
15,25,0.0004235580843498663,-1.5276036581444199e-18
15,26,0.00041152157466566003,-2.640336936098592e-18
15,27,0.00040144679266663835,-7.394147255380928e-19
15,28,0.00039352001504612674,1.5274488267828692e-18
15,29,0.0003873257604029668,1.0254638375418788e-18
15,30,0.0003830871361233173,-5.416463880212423e-19
15,31,0.0003804476261995371,-7.138340372454062e-19
15,32,0.0003796699363028279,3.659904084872187e-19
15,33,0.0003804476261995372,-6.845258826494686e-19
15,34,0.0003830871361233173,-6.071753465800922e-19
15,35,0.0003873257604029668,1.0036380259197156e-18
15,36,0.00039352001504612685,1.5570771223312887e-18
15,37,0.00040144679266663835,-6.855679860419914e-19
15,38,0.0004115215746656601,-2.5959693967843392e-18
15,39,0.0004235580843498663,-1.5165794258473681e-18
15,40,0.0004380420505220779,9.337939558264608e-19
15,41,0.0004548209496107503,1.6330938917444493e-18
15,42,0.0004744634073902176,-4.377506623194635e-19
15,43,0.0004968439211366486,-8.075973347733425e-19
15,44,0.0005226252924911171,4.519285225613164e-19
15,45,0.0005516921108864967,1.857647237761224e-18
15,46,0.0005848053476996443,2.1663124652058706e-18
15,47,0.0006218203354885034,3.8662465181068263e-19
15,48,0.0006635818810719125,-2.540275757123695e-18
15,49,0.0007098330998489118,-2.48701199440662e-18
15,50,0.0007614526918468029,-4.1743996639512884e-19
15,51,0.0008179124429302662,6.783773741740642e-19
15,52,0.0008800204248262311,3.7800725975330266e-19
15,53,0.0009467017274425086,-1.6749024684350141e-18
15,54,0.0010185363711568444,-1.7286076587959357e-18
15,55,0.0010934822613380937,-1.0557935025410287e-18
15,56,0.0011717655616378375,4.869595088268539e-19
15,57,0.0012498229387218735,1.448362449716686e-18
15,58,0.001327730232822733,1.1349561895151963e-18
15,59,0.001399705224792162,3.177090782911799e-19
15,60,0.0014669940847924997,-1.95050416985425e-18
15,61,0.0015197014492050105,-3.422081064389841e-18
15,62,0.0015593250602632274,-1.9328186701187733e-18
15,63,0.001503447349575005,7.767069245809949e-18
16,0,0.001553158701461531,0.0
16,1,0.0014324512798989974,4.2845966049440165e-21
16,2,0.0013388382120747828,1.3263040921725454e-20
16,3,0.0013054841473098256,5.44380826848533e-20
16,4,0.001261821243572482,2.710505431213761e-20
16,5,0.0012138598213154595,2.074205793734085e-20
16,6,0.0011576715101722101,-6.043818774749796e-20
16,7,0.0010992615511260656,1.4253963876077137e-20
16,8,0.0010378234728495154,-5.7234644013691345e-21
16,9,0.0009771524804609297,1.1621211574044175e-20
16,10,0.0009169834182846177,-3.398552043136647e-20
16,11,0.0008597018833989506,3.0965837601222606e-20
16,12,0.0008049503369517353,-2.771788413244259e-20
16,13,0.0007541496017871509,3.720467004808189e-20
16,14,0.0007067585675787371,-4.01844045063866e-20
16,15,0.0006635818810719138,-5.5593181817948e-20
16,16,0.0006239659187963101,0.0
16,17,0.0005883581751835223,-5.8797987621075876e-21
16,18,0.000556078774631911,-5.449959485861857e-20
16,19,0.0005273893711030409,2.2797406057808543e-22
16,20,0.0005016421697379886,-5.421010862427522e-20
16,21,0.0004790154406559133,2.074205793734085e-20
16,22,0.00045892214832704044,-4.688566059142915e-20
16,23,0.0004415137150270076,-3.995614474819808e-20
16,24,0.00042627237403767724,-5.7234644013691345e-21
16,25,0.0004133519568006358,-3.1977115830769573e-21
16,26,0.00040230155958624923,-3.131815595937022e-20
16,27,0.0003932919599386102,-1.9356414247539524e-20
16,28,0.00038593206484109974,-2.377892993179053e-20
16,29,0.00038041701742175694,-1.0587700807950112e-20
16,30,0.00037640739567014854,4.187388268787883e-20
16,31,0.00037412731838271584,1.646281433653897e-20
16,32,0.0003732815478197111,0.0
16,33,0.00037412731838271595,4.2845966049440165e-21
16,34,0.0003764073956701485,-1.3842013390412157e-20
16,35,0.0003804170174217569,-5.3982134563697134e-20
16,36,0.0003859320648410998,-2.710505431213761e-20
16,37,0.0003932919599386103,-6.3629963747967625e-21
16,38,0.0004023015595862491,4.7982029501052487e-20
16,39,0.00041335195680063574,1.4253963876077137e-20
16,40,0.00042627237403767724,5.7234644013691345e-21
16,41,0.00044151371502700753,-9.761320991758987e-21
16,42,0.0004589221483270403,7.459438587915558e-21
16,43,0.00047901544065591324,-4.470962445332597e-20
16,44,0.0005016421697379886,1.4165356976373786e-20
16,45,0.0005273893711030409,-3.829589287967879e-20
16,46,0.0005560787746319109,3.908803559676326e-20
16,47,0.0005883581751835223,5.731375174182691e-20
16,48,0.0006239659187963101,0.0
16,49,0.0006635818810719138,-5.8797987621075876e-21
16,50,0.0007067585675787372,5.392062238993187e-20
16,51,0.0007541496017871509,2.2797406057808543e-22
16,52,0.0008049503369517353,5.421010862427522e-20
16,53,0.0008597018833989505,-3.346805068693437e-20
16,54,0.0009169834182846178,6.153455665712129e-20
16,55,0.0009771524804609297,1.4253963876077137e-20
16,56,0.0010378234728495154,5.7234644013691345e-21
16,57,0.0010992615511260656,5.0576021653621445e-21
16,58,0.0011576715101722103,5.900218274019453e-20
16,59,0.0012138598213154597,3.271768170757377e-20
16,60,0.001261821243572482,3.7331457087859335e-20
16,61,0.0013054841473098253,9.496477976353215e-21
16,62,0.0013388382120747828,-4.2970251597502166e-20
16,63,0.0014324512798989976,-2.1518507990694452e-20
17,0,0.000998925249328985,2.8584180750526096e-18
17,1,0.0010980285738752585,5.688883791252559e-19
17,2,0.0011512524287771017,-1.0296446861244721e-19
17,3,0.001130018534199908,6.177435469346367e-19
17,4,0.0011011994795470696,4.620097666539382e-19
17,5,0.001062501886422465,6.478131993810584e-19
17,6,0.001020979195812448,1.1578087801215991e-18
17,7,0.0009746356446967531,7.557805971199266e-19
17,8,0.0009274435195741023,8.667718431991762e-20
17,9,0.0008787791875188215,-1.2166839904200627e-19
17,10,0.0008312263800671938,-7.57348672487125e-19
17,11,0.000784438316139454,-1.352853234445671e-18
17,12,0.0007400774728925823,-1.2717283345231989e-18
17,13,0.0006977518540746669,-1.4159107560215144e-18
17,14,0.0006584937670912368,-7.212175511116282e-19
17,15,0.0006218203354885058,3.3362073283510737e-20
17,16,0.0005883581751835238,3.528953730826031e-19
17,17,0.0005575727347996193,9.144778216050104e-19
17,18,0.0005298496799141255,1.8621519690175295e-18
17,19,0.0005046504899347037,1.5257628663912467e-18
17,20,0.00048223014664997,1.6410796292319243e-18
17,21,0.0004620790522640267,1.4067547201209116e-18
17,22,0.00044438961476745315,8.461006555320166e-19
17,23,0.00042869764987988604,1.2572241018944724e-18
17,24,0.00041517254893847654,-4.526997067210489e-19
17,25,0.00040340041555191866,-5.112396972585543e-19
17,26,0.00039354968944286156,-3.5434733238975254e-19
17,27,0.0003852550575882716,-7.744872570401224e-19
17,28,0.0003786962453979539,-8.009266999402542e-19
17,29,0.0003735518360816321,-9.230825826461794e-20
17,30,0.0003700200788304947,-5.076312979009383e-19
17,31,0.00036781791248989955,-3.9476332530109937e-19
17,32,0.00036716720693810056,2.5551754172885547e-19
17,33,0.0003678179124898996,-4.272223668458013e-19
17,34,0.00037002007883049474,-5.230928104505802e-19
17,35,0.00037355183608163206,-1.140929194930788e-19
17,36,0.00037869624539795395,-7.848227317043919e-19
17,37,0.00038525505758827165,-7.345445705379597e-19
17,38,0.0003935496894428615,-3.3296920704596945e-19
17,39,0.00040340041555191866,-5.181569555505411e-19
17,40,0.00041517254893847654,-4.766881828023005e-19
17,41,0.000428697649879886,1.2275238220270316e-18
17,42,0.0004443896147674531,8.637674901668545e-19
17,43,0.00046207905226402666,1.4565837209328883e-18
17,44,0.0004822301466499701,1.721409417368667e-18
17,45,0.0005046504899347037,1.5544979079531245e-18
17,46,0.0005298496799141255,1.904285831259533e-18
17,47,0.0005575727347996193,9.326182873991143e-19
17,48,0.0005883581751835238,3.528953730826031e-19
17,49,0.0006218203354885058,4.711608361660685e-20
17,50,0.0006584937670912368,-6.857231363234058e-19
17,51,0.0006977518540746669,-1.4015829993196153e-18
17,52,0.0007400774728925824,-1.1778460192303873e-18
17,53,0.000784438316139454,-1.3037507110928495e-18
17,54,0.0008312263800671937,-7.259924945719649e-19
17,55,0.0008787791875188215,-1.5223872233668338e-19
17,56,0.0009274435195741023,6.268870823866608e-20
17,57,0.0009746356446967531,7.497333822551761e-19
17,58,0.001020979195812448,1.1926026164971974e-18
17,59,0.0010625018864224651,6.884823633423766e-19
17,60,0.0011011994795470696,4.916662620458693e-19
17,61,0.001130018534199908,5.832611162540169e-19
17,62,0.001151252428777102,-1.253390608643769e-19
17,63,0.0010980285738752585,5.340395294635273e-19
18,0,0.0011874293068151731,3.6092185226783735e-19
18,1,0.0010881132065803422,-2.200870311649406e-19
18,2,0.001014912124458254,-7.494410593718926e-19
18,3,0.0009952483259982317,-6.660522053764116e-19
18,4,0.0009694029191957799,-5.0876832400723565e-19
18,5,0.0009416790270054679,-2.277439014749608e-19
18,6,0.0009080420379921306,-5.85627928873172e-20
18,7,0.0008728286940236246,-1.128772949305041e-20
18,8,0.0008347790388729739,3.428808889694019e-20
18,9,0.0007966226585495898,-1.2860164026975998e-19
18,10,0.0007578305600859554,-3.7068179497690767e-19
18,11,0.0007202233050137071,-3.1674427787284556e-19
18,12,0.0006834322885926773,-2.193761275712659e-19
18,13,0.0006486603994522912,-2.3309177248944153e-19
18,14,0.0006155248442208613,-3.4680421224882464e-19
18,15,0.0005848053476996477,-3.4842788039498e-19
18,16,0.00055607877463191,-2.998381800630054e-19
18,17,0.0005298496799141264,-2.387217560045352e-19
18,18,0.0005056754523872258,-2.446094228083296e-19
18,19,0.000483893414773976,-4.288829801452075e-19
18,20,0.0004640678208431818,-3.5291426171244444e-19
18,21,0.00044644197784800776,-1.1254742064837595e-19
18,22,0.00043060553954270216,9.199842893026821e-21
18,23,0.000416754420825736,-2.4840256649119215e-20
18,24,0.00040451303476183047,-1.2369174487364133e-19
18,25,0.0003940582747114775,-1.923679877062071e-19
18,26,0.0003850518937727377,-2.5098533986657786e-19
18,27,0.0003776686559562433,-3.0084867480336576e-19
18,28,0.0003716062166656636,-2.186775577335156e-19
18,29,0.000367047424280672,-1.337725362717525e-19
18,30,0.0003637224410689181,-1.422677901015692e-19
18,31,0.000361828854039049,-3.9016924307122498e-19
18,32,0.0003611252189101588,-6.083823720544988e-19
18,33,0.000361828854039049,-3.9965801598285227e-19
18,34,0.000363722441068918,-1.5312986450486513e-19
18,35,0.000367047424280672,-1.646087006018658e-19
18,36,0.00037160621666566373,-2.1061272657372198e-19
18,37,0.0003776686559562434,-2.548489557870984e-19
18,38,0.00038505189377273776,-2.482981730722805e-19
18,39,0.0003940582747114774,-1.7391805536587606e-19
18,40,0.00040451303476183047,-1.233287719764429e-19
18,41,0.000416754420825736,-1.7811419416381592e-20
18,42,0.0004306055395427021,-4.0825380359982676e-21
18,43,0.00044644197784800776,-1.192660357377462e-19
18,44,0.0004640678208431818,-3.373745971368661e-19
18,45,0.000483893414773976,-4.0193399701615656e-19
18,46,0.0005056754523872257,-2.47587450100332e-19
18,47,0.0005298496799141264,-2.342437133700817e-19
18,48,0.00055607877463191,-2.998381800630054e-19
18,49,0.0005848053476996477,-3.4714197325308564e-19
18,50,0.0006155248442208614,-3.5302964005688005e-19
18,51,0.0006486603994522912,-2.1204254564810661e-19
18,52,0.0006834322885926773,-1.9028393583961877e-19
18,53,0.0007202233050137071,-3.2938785514547684e-19
18,54,0.0007578305600859554,-3.7027091747689975e-19
18,55,0.0007966226585495898,-1.3326047389766965e-19
18,56,0.0008347790388729739,3.465106179413863e-20
18,57,0.0008728286940236245,-8.255180604209692e-21
18,58,0.0009080420379921307,-4.246383020991525e-20
18,59,0.0009416790270054679,-1.8937174743150123e-19
18,60,0.00096940291919578,-4.871509656913733e-19
18,61,0.0009952483259982317,-7.045411405748777e-19
18,62,0.0010149121244582542,-7.6383199683717e-19
18,63,0.0010881132065803422,-2.365480639510603e-19
19,0,0.0007585285464064107,-3.2474293988198575e-18
19,1,0.0008442607579664378,-3.0763947633293368e-18
19,2,0.000893487085830546,-2.890808873429613e-18
19,3,0.000881565323229112,-2.684079759889086e-18
19,4,0.000865053998712059,-1.921075236261622e-18
19,5,0.0008415209182777638,-1.0144040428982477e-18
19,6,0.0008164554773978532,-2.555583780029329e-19
19,7,0.0007876622408851451,-8.833639274555318e-20
19,8,0.0007580877837727882,-8.417484903965669e-19
19,9,0.000726848935261601,-1.1033027423003154e-18
19,10,0.000695886473243414,-7.277916646378803e-19
19,11,0.0006647356754461238,-2.200835955134534e-19
19,12,0.0006347219304861736,-1.208558361553756e-19
19,13,0.000605485398001149,-2.6125889516988784e-19
19,14,0.0005779273462985271,-3.1443311108319257e-19
19,15,0.0005516921108864982,-1.6961617531581297e-19
19,16,0.0005273893711030406,-1.334595467209098e-19
19,17,0.0005046504899347017,-2.862682350736715e-19
19,18,0.00048389341477397607,-1.4642212432568015e-19
19,19,0.0004647468969162017,4.6754462058778424e-20
19,20,0.0004475098571114647,1.1858010072673306e-19
19,21,0.00043182271662375155,7.657439316529115e-20
19,22,0.0004179153981845329,1.9845128172537208e-19
19,23,0.00040545025975591894,7.112627094625063e-19
19,24,0.00039462101713117994,6.184023489557514e-19
19,25,0.00038511707227338035,2.78180418898829e-19
19,26,0.00037711675706979025,2.640497274468398e-19
19,27,0.00037033762332700675,2.077570611917862e-19
19,28,0.0003649557400023154,4.1505602964601337e-19
19,29,0.00036071541040868463,3.2938848889452055e-19
19,30,0.00035779893228850507,1.2215388740047434e-19
19,31,0.00035597461241151164,8.087707048672981e-20
19,32,0.0003554368777861839,-2.742280087365828e-20
19,33,0.0003559746124115117,4.746274614452285e-20
19,34,0.00035779893228850507,1.0429962806159275e-19
19,35,0.0003607154104086846,3.2458126875818894e-19
19,36,0.0003649557400023154,4.099594345822124e-19
19,37,0.0003703376233270068,2.053234011479448e-19
19,38,0.0003771167570697903,3.1364776255195693e-19
19,39,0.0003851170722733804,3.18239421936511e-19
19,40,0.00039462101713117994,6.205105000604651e-19
19,41,0.00040545025975591894,7.232926636377567e-19
19,42,0.0004179153981845329,2.167107837612384e-19
19,43,0.00043182271662375155,6.846998056461973e-20
19,44,0.0004475098571114647,1.3439933953370644e-19
19,45,0.0004647468969162017,3.2447948073010306e-20
19,46,0.00048389341477397607,-8.679547968749423e-20
19,47,0.0005046504899347017,-2.460383634625828e-19
19,48,0.0005273893711030406,-1.334595467209098e-19
19,49,0.0005516921108864982,-1.2363790920084582e-19
19,50,0.0005779273462985271,-2.548423415742306e-19
19,51,0.000605485398001149,-2.785061896868729e-19
19,52,0.0006347219304861736,-9.826033377036783e-20
19,53,0.0006647356754461238,-2.2158120426822257e-19
19,54,0.000695886473243414,-6.960155105751691e-19
19,55,0.000726848935261601,-1.1047759294507135e-18
19,56,0.0007580877837727882,-8.396403392918532e-19
19,57,0.0007876622408851451,-6.187930269436031e-20
19,58,0.0008164554773978533,-1.9237194061252303e-19
19,59,0.000841520918277764,-1.0098919796319226e-18
19,60,0.000865053998712059,-1.9193955677473886e-18
19,61,0.000881565323229112,-2.6927224630722348e-18
19,62,0.000893487085830546,-2.9086272576392707e-18
19,63,0.0008442607579664378,-3.105393086808371e-18
20,0,0.0009516884850624507,-2.3899034606780084e-18
20,1,0.0008667707627158703,-2.1684592476898662e-18
20,2,0.0008063375942169397,-1.8004648076337876e-18
20,3,0.0007939563478425238,-1.3598990756292522e-18
20,4,0.0007776956575295598,-9.118309677192543e-19
20,5,0.0007609329942439754,-5.460943380607817e-19
20,6,0.0007398142189728565,-2.629502639088254e-19
20,7,0.0007177310638810762,-3.713016005672699e-20
20,8,0.0006932685527781935,1.4835039261376865e-19
20,9,0.0006685132824184964,2.6790662514921987e-19
20,10,0.0006427945506541919,3.3111399989226446e-19
20,11,0.0006175354597927434,3.831186669597979e-19
20,12,0.0005923232193763812,3.92710103859938e-19
20,13,0.0005681530486383425,3.7307348153275297e-19
20,14,0.0005446879447898549,3.0399162173766903e-19
20,15,0.0005226252924911171,2.0549061032145356e-19
20,16,0.000501642169737991,9.359714067160019e-20
20,17,0.00048223014664997075,-5.257094544862377e-20
20,18,0.00046406782084318235,-2.0296066911217705e-19
20,19,0.00044750985711146336,-2.8924943029981654e-19
20,20,0.000432240749374268,-3.460129589533817e-19
20,21,0.000418528513638373,-3.766877486099216e-19
20,22,0.0004060709174949543,-3.171603725331006e-19
20,23,0.00039508443275012184,-2.878519124439999e-19
20,24,0.000385285523476589,-1.8677544263593662e-19
20,25,0.00037686276673034723,-1.0453276856912272e-19
20,26,0.0003695538470351046,-3.9204028210384847e-20
20,27,0.0003635350587408099,1.3658450807361867e-20
20,28,0.000358565434852925,8.168343643004058e-20
20,29,0.0003548193136045438,1.6239667261803019e-19
20,30,0.00035207558723474237,2.4279362585059987e-19
20,31,0.0003505136801049361,2.888789445645759e-19
20,32,0.00034992984205146845,2.9010878443459787e-19
20,33,0.0003505136801049361,2.6421937682448456e-19
20,34,0.00035207558723474237,2.188617386204645e-19
20,35,0.0003548193136045438,1.5120770227241964e-19
20,36,0.0003585654348529251,7.750351467376848e-20
20,37,0.00036353505874080997,3.6664329650176976e-20
20,38,0.0003695538470351046,-1.9004775099586904e-20
20,39,0.00037686276673034723,-9.134026868100221e-20
20,40,0.000385285523476589,-1.8985500702922937e-19
20,41,0.00039508443275012184,-2.685740370706951e-19
20,42,0.0004060709174949543,-3.2160408098292292e-19
20,43,0.000418528513638373,-3.5101091336070623e-19
20,44,0.000432240749374268,-3.325707646048827e-19
20,45,0.00044750985711146336,-2.677480045505143e-19
20,46,0.00046406782084318235,-1.7280844734052218e-19
20,47,0.00048223014664997075,-4.3931040619288917e-20
20,48,0.000501642169737991,9.359714067160019e-20
20,49,0.0005226252924911171,2.1847959767275234e-19
20,50,0.0005446879447898549,3.3914041713057517e-19
20,51,0.0005681530486383425,3.8837692750362373e-19
20,52,0.0005923232193763812,4.129285617864714e-19
20,53,0.0006175354597927434,4.0935882644206913e-19
20,54,0.0006427945506541919,3.3336093095820204e-19
20,55,0.0006685132824184964,2.813542281108899e-19
20,56,0.0006932685527781935,1.452708282204759e-19
20,57,0.0007177310638810762,-3.165991491304051e-20
20,58,0.0007398142189728565,-2.358891231577186e-19
20,59,0.0007609329942439755,-5.236517834510224e-19
20,60,0.0007776956575295598,-9.09234625897492e-19
20,61,0.0007939563478425238,-1.3784425933525e-18
20,62,0.0008063375942169397,-1.8192288731181225e-18
20,63,0.0008667707627158703,-2.190691634373887e-18
21,0,0.0006035699942240885,-2.4159973826367855e-19
21,1,0.0006795452648453889,-7.121837214522422e-20
21,2,0.0007249565413414677,-1.51955368669221e-19
21,3,0.0007180368136846797,-3.6269134413988722e-19
21,4,0.0007082259583887921,-3.45119893509609e-19
21,5,0.000693159304668256,-5.797254970654724e-19
21,6,0.0006773931345128918,-3.111866124276727e-19
21,7,0.0006587401357846358,1.3560882597826274e-19
21,8,0.0006395416773768555,-3.515973039542774e-19
21,9,0.0006188107958030795,-1.048483332741073e-18
21,10,0.0005980776403898627,-9.629690209553268e-19
21,11,0.0005768045078056057,-8.193170458562519e-19
21,12,0.0005560652968240965,-7.671542670122005e-19
21,13,0.0005354922410439099,-4.851708571485897e-19
21,14,0.0005158547857454245,-4.3097412020023627e-19
21,15,0.0004968439211366487,-5.76950471166527e-19
21,16,0.00047901544065591086,-1.1795276852204815e-18
21,17,0.00046207905226402737,-1.308733508083757e-18
21,18,0.0004464419778480104,-6.432344780767152e-19
21,19,0.00043182271662375117,-3.288100262497152e-19
21,20,0.0004185285136383759,-2.2314714910498974e-19
21,21,0.000406287662844261,-1.2910396912618466e-19
21,22,0.0003953430261679515,-4.352420109531381e-20
21,23,0.00038543607751203104,3.8294244657651844e-19
21,24,0.00037677054647657863,1.8777958708668917e-19
21,25,0.0003691036297687777,-4.46245721162582e-19
21,26,0.00036261738327848266,-6.198185326046918e-19
21,27,0.0003570856472768333,-6.725482947279579e-19
21,28,0.00035268073774205957,-4.869354233575215e-19
21,29,0.00034919258812442136,-2.2377391031229883e-19
21,30,0.00034679199419176396,-4.586193495278422e-19
21,31,0.0003452833204541783,-4.770804487342603e-19
21,32,0.00034484166751811904,-3.8177601701249857e-19
21,33,0.0003452833204541783,-4.947348457723744e-19
21,34,0.00034679199419176396,-4.70439756836838e-19
21,35,0.00034919258812442136,-2.2716607257919917e-19
21,36,0.00035268073774205957,-4.80645165070297e-19
21,37,0.00035708564727683336,-6.610406600018853e-19
21,38,0.00036261738327848266,-5.957896827051176e-19
21,39,0.0003691036297687777,-4.335973145766271e-19
21,40,0.00037677054647657863,1.905935689952003e-19
21,41,0.000385436077512031,3.8488372357049314e-19
21,42,0.0003953430261679515,-2.193403561975685e-20
21,43,0.000406287662844261,-1.461205904836063e-19
21,44,0.00041852851363837596,-1.9752419491741084e-19
21,45,0.00043182271662375117,-3.303971991070376e-19
21,46,0.0004464419778480104,-6.115490774388533e-19
21,47,0.0004620790522640273,-1.3062745555266157e-18
21,48,0.00047901544065591086,-1.1795276852204815e-18
21,49,0.0004968439211366487,-5.768970416560415e-19
21,50,0.0005158547857454245,-3.9928898926747674e-19
21,51,0.0005354922410439099,-4.914403521225409e-19
21,52,0.0005560652968240965,-7.381431810356043e-19
21,53,0.0005768045078056057,-8.338353812417625e-19
21,54,0.0005980776403898627,-9.37990993395855e-19
21,55,0.0006188107958030794,-1.0536254319667749e-18
21,56,0.0006395416773768555,-3.4878332204576626e-19
21,57,0.0006587401357846358,1.4178808162782525e-19
21,58,0.0006773931345128918,-2.837693610339791e-19
21,59,0.000693159304668256,-5.639398847332764e-19
21,60,0.0007082259583887921,-3.3544150343336737e-19
21,61,0.0007180368136846797,-3.6817744786819323e-19
21,62,0.0007249565413414677,-1.6377550627311443e-19
21,63,0.0006795452648453889,-8.985537792569972e-20
22,0,0.0007952431726704397,-1.0376309167966566e-18
22,1,0.0007202975395978671,-1.054156592700153e-18
22,2,0.0006682342014864946,-9.971029298137481e-19
22,3,0.000659943435861321,-8.08518162512675e-19
22,4,0.0006491063714336554,-7.280438317133993e-19
22,5,0.0006385538849214408,-7.440893788706374e-19
22,6,0.0006246709528895659,-6.906512965995126e-19
22,7,0.0006102813390307603,-5.784396461940333e-19
22,8,0.0005939436214612776,-4.730975306893371e-19
22,9,0.0005773490968352308,-4.476882107409905e-19
22,10,0.00055976317729168,-5.181311312962013e-19
22,11,0.0005423422112932489,-4.857172153463137e-19
22,12,0.00052463945350203,-4.814826722005154e-19
22,13,0.0005074875325876394,-4.702428263996105e-19
22,14,0.0004905583765869842,-4.736442320828285e-19
22,15,0.0004744634073902192,-4.614151190151607e-19
22,16,0.00045892214832704017,-4.1784981978546933e-19
22,17,0.000444389614767451,-3.4010781816477767e-19
22,18,0.00043060553954270086,-2.737367928585756e-19
22,19,0.0004179153981845302,-2.1220696764564753e-19
22,20,0.0004060709174949545,-1.1479197790128592e-19
22,21,0.00039534302616795163,1.2996147131469404e-21
22,22,0.0003854945861751863,7.303851938030784e-21
22,23,0.00037674777508636676,-3.633855995128113e-20
22,24,0.00036887765507754574,-9.170047341895204e-20
22,25,0.0003620762434379466,-7.647943042682161e-20
22,26,0.0003561316095198663,-2.1456760792373946e-20
22,27,0.0003512187804375138,-4.886396882704606e-20
22,28,0.00034713873141245137,-2.111287715458303e-19
22,29,0.00034405878158346576,-3.0167423188850627e-19
22,30,0.00034179176185917723,-2.9043359861031916e-19
22,31,0.00034050388819599974,-3.1069784827848747e-19
22,32,0.00034001795761773654,-3.5620894091436035e-19
22,33,0.00034050388819599974,-3.2570825806145457e-19
22,34,0.0003417917618591773,-3.0253591306522183e-19
22,35,0.00034405878158346576,-3.0707465773812917e-19
22,36,0.0003471387314124514,-1.927190090486815e-19
22,37,0.0003512187804375138,-3.9357966755059476e-20
22,38,0.0003561316095198663,-1.3024938796072425e-20
22,39,0.00036207624343794663,-4.9891087107349933e-20
22,40,0.00036887765507754574,-8.886240388603294e-20
22,41,0.00037674777508636676,-4.525185985249713e-20
22,42,0.0003854945861751863,1.772228053231546e-20
22,43,0.00039534302616795163,-2.876188861813274e-20
22,44,0.0004060709174949545,-1.0046698965984537e-19
22,45,0.0004179153981845302,-2.2245593402985216e-19
22,46,0.00043060553954270086,-2.6358525652861893e-19
22,47,0.000444389614767451,-3.2758952165592904e-19
22,48,0.00045892214832704017,-4.1784981978546933e-19
22,49,0.0004744634073902192,-4.485280354133281e-19
22,50,0.0004905583765869841,-4.634721730435389e-19
22,51,0.0005074875325876394,-4.832575107670236e-19
22,52,0.00052463945350203,-4.671576839590748e-19
22,53,0.0005423422112932489,-5.136964172174677e-19
22,54,0.00055976317729168,-5.076921799925838e-19
22,55,0.0005773490968352308,-4.700194289454829e-19
22,56,0.0005939436214612776,-4.70259461156418e-19
22,57,0.0006102813390307603,-5.655384388834228e-19
22,58,0.0006246709528895659,-6.82239997312544e-19
22,59,0.0006385538849214408,-7.366656782587764e-19
22,60,0.0006491063714336555,-7.096340692162505e-19
22,61,0.000659943435861321,-8.21317265746141e-19
22,62,0.0006682342014864946,-1.0092257669779837e-18
22,63,0.0007202975395978671,-1.069535789576104e-18
23,0,0.0005013329088315333,6.739892970984096e-18
23,1,0.0005702060502614712,2.7605470150447155e-18
23,2,0.0006124278054803144,-2.2224864110076306e-18
23,3,0.0006083186251080789,-2.7913245554952564e-18
23,4,0.0006023134492401436,-8.337776697465844e-19
23,5,0.0005921651860031319,1.7904549181693427e-19
23,6,0.0005818404624423649,7.2271851060794e-19
23,7,0.0005692272028386727,1.1889188701880114e-18
23,8,0.0005562955026804856,-3.1328927706146756e-19
23,9,0.0005420296189136403,-1.2563358880282669e-18
23,10,0.000527697497134704,-1.0266247869434985e-18
23,11,0.0005127248130802304,-6.220561414601627e-19
23,12,0.0004980095161588422,3.10197661275624e-19
23,13,0.0004831714737704207,7.04806262787131e-19
23,14,0.00046887301054336704,-2.4037559918869405e-19
23,15,0.00045482094961075053,-8.877184617840365e-19
23,16,0.00044151371502700845,-1.2242589327797684e-18
23,17,0.0004286976498798839,4.900751999295633e-19
23,18,0.0004167544208257388,2.3133750215391477e-18
23,19,0.00040545025975592035,1.8809091815594643e-18
23,20,0.0003950844327501214,8.70452620129068e-19
23,21,0.0003854360775120302,2.5866658885883845e-19
23,22,0.0003767477750863644,-8.866440891752307e-19
23,23,0.00036880972307706616,-2.569663707750793e-19
23,24,0.0003618269286288112,4.167861426146916e-19
23,25,0.00035560036615475547,-1.2343534256037411e-18
23,26,0.0003503114615230772,-1.631167907475957e-18
23,27,0.00034577171126012494,-1.126994402515811e-18
23,28,0.00034214909676105504,-7.839872945359887e-19
23,29,0.0003392648598269936,-7.963481506421034e-19
23,30,0.00033728087102819984,-6.392397141002149e-19
23,31,0.000336026673187134,-4.272810327557988e-19
23,32,0.00033566337694465544,-7.855814171425083e-19
23,33,0.000336026673187134,-4.2937906431497974e-19
23,34,0.0003372808710281999,-6.5378139269266635e-19
23,35,0.00033926485982699355,-7.855505363970732e-19
23,36,0.00034214909676105504,-7.660150339662403e-19
23,37,0.000345771711260125,-1.121997115165671e-18
23,38,0.0003503114615230772,-1.6083161602358946e-18
23,39,0.00035560036615475547,-1.223430963592236e-18
23,40,0.0003618269286288112,4.1926136253958897e-19
23,41,0.00036880972307706616,-2.4323247309940104e-19
23,42,0.0003767477750863644,-8.72017982276198e-19
23,43,0.0003854360775120302,2.497782323604817e-19
23,44,0.0003950844327501214,8.86912426845251e-19
23,45,0.00040545025975592035,1.895972989250565e-18
23,46,0.0004167544208257388,2.3192568222504557e-18
23,47,0.0004286976498798839,5.011144511323473e-19
23,48,0.00044151371502700845,-1.2242589327797684e-18
23,49,0.00045482094961075053,-8.78730042833386e-19
23,50,0.00046887301054336704,-2.345000838017877e-19
23,51,0.0004831714737704207,7.15391846137547e-19
23,52,0.0004980095161588422,3.283515338863157e-19
23,53,0.0005127248130802304,-6.358002034417027e-19
23,54,0.000527697497134704,-1.00861683357985e-18
23,55,0.0005420296189136403,-1.2463008531681021e-18
23,56,0.0005562955026804856,-3.108140571365702e-19
23,57,0.0005692272028386727,1.1967639314369956e-18
23,58,0.0005818404624423649,7.489646749614209e-19
23,59,0.0005921651860031319,1.8212222107222274e-19
23,60,0.0006023134492401436,-8.141113432823274e-19
23,61,0.0006083186251080789,-2.782824980487576e-18
23,62,0.0006124278054803144,-2.2370218042756805e-18
23,63,0.0005702060502614712,2.7562646510013965e-18
24,0,0.0006899870795469727,5.3450284169119564e-20
24,1,0.0006220152261500347,5.874576373973035e-20
24,2,0.0005755731771538244,6.239388192869227e-20
24,3,0.0005696712274928521,7.017356989112652e-20
24,4,0.0005620166904778951,6.291454295808624e-20
24,5,0.0005550989236335806,4.4052657384437897e-20
24,6,0.0005455219985286532,5.207338078163202e-20
24,7,0.0005357534801203163,5.486129776485594e-20
24,8,0.0005243745416718124,5.063449796186994e-20
24,9,0.0005128285310053194,4.559072636565868e-20
24,10,0.0005003586499744442,4.1237084235572205e-20
24,11,0.0004879453073043476,2.892280718449381e-20
24,12,0.00047512261161190985,2.6538686301670344e-20
24,13,0.00046260566986796263,2.1726633664000957e-20
24,14,0.0004500655624893377,1.932881618784616e-20
24,15,0.0004380420505220739,1.4029700490272916e-20
24,16,0.0004262723740376767,1.9341804065350747e-20
24,17,0.00041517254893847237,1.8511698745151077e-20
24,18,0.000404513034761832,-1.133589115380258e-21
24,19,0.00039462101713118146,-2.671263572743313e-21
24,20,0.0003852855234765914,-1.6706554083818002e-20
24,21,0.00037677054647658123,-1.1851517134345925e-20
24,22,0.0003688776550775464,-1.0607057315186204e-20
24,23,0.00036182692862881077,-1.9677601593522494e-20
24,24,0.00035543015036535727,-2.835541892342083e-20
24,25,0.000349877951015785,-3.283350878314316e-20
24,26,0.0003449912667088232,-4.3493981061562475e-20
24,27,0.000340942035887811,-5.946265057044778e-20
24,28,0.0003375594313250879,-5.074268394898922e-20
24,29,0.00033500464997887364,-4.208011134966524e-20
24,30,0.0003331138559244679,-4.8570417471509487e-20
24,31,0.00033204338323488265,-5.3277521292840074e-20
24,32,0.00033163461153577404,-4.8052573284898325e-20
24,33,0.0003320433832348827,-4.7980387614311497e-20
24,34,0.0003331138559244679,-4.941446710887538e-20
24,35,0.0003350046499788736,-5.179917451349273e-20
24,36,0.0003375594313250879,-4.5505674290464213e-20
24,37,0.000340942035887811,-2.370997839590613e-20
24,38,0.0003449912667088232,-2.924178215478081e-20
24,39,0.00034987795101578507,-2.6453865171556897e-20
24,40,0.00035543015036535727,-2.3965858547094432e-20
24,41,0.00036182692862881066,-1.7791667738305772e-20
24,42,0.0003688776550775464,-9.94115239504496e-21
24,43,0.00037677054647658123,1.008111084068612e-21
24,44,0.0003852855234765914,6.116775416529079e-21
24,45,0.00039462101713118146,1.49439201640885e-20
24,46,0.000404513034761832,1.8208557843478482e-20
24,47,0.0004151725489384723,2.431697862647373e-20
24,48,0.0004262723740376767,1.9341804065350747e-20
24,49,0.00043804205052207397,1.8511698745151077e-20
24,50,0.0004500655624893377,3.952399235282616e-20
24,51,0.00046260566986796263,3.7986317895463103e-20
24,52,0.00047512261161190985,5.1056081696526025e-20
24,53,0.0004879453073043476,4.2358591489929296e-20
24,54,0.0005003586499744442,4.360305130908902e-20
24,55,0.0005128285310053194,4.8085034186821536e-20
24,56,0.0005243745416718124,5.502405833819633e-20
24,57,0.0005357534801203163,6.063256741049606e-20
24,58,0.0005455219985286532,6.801364932405533e-20
24,59,0.0005550989236335806,7.92291734719586e-20
24,60,0.0005620166904778951,6.984561851111983e-20
24,61,0.0005696712274928521,5.842187444365149e-20
24,62,0.0005755731771538244,6.239086897971372e-20
24,63,0.0006220152261500347,6.197804725568621e-20
25,0,0.0004334600408206903,7.982251083971088e-19
25,1,0.0004972398029545721,3.692191384942537e-19
25,2,0.0005369817077732818,-3.1704983154737644e-19
25,3,0.0005344984028720028,-3.378303938397136e-19
25,4,0.000530714213393017,1.628565198326257e-19
25,5,0.0005234947911663664,-2.252550711018159e-19
25,6,0.0005164229774781713,-5.098176299518275e-19
25,7,0.0005074717742598753,1.0679625475924089e-18
25,8,0.0004983777683722648,1.2704769949954078e-18
25,9,0.0004881284212761166,-3.1007617395264803e-20
25,10,0.0004778239354540844,8.881373060159063e-20
25,11,0.0004668752424481766,-4.357602951520674e-19
25,12,0.0004560613216187671,-8.325771630871495e-19
25,13,0.00044499362743956826,-1.4843040838857286e-18
25,14,0.0004342553010985309,-1.2856300829321164e-18
25,15,0.00042355808434986795,-9.693785852196944e-19
25,16,0.0004133519568006395,-1.611166877615971e-18
25,17,0.0004034004155519162,6.471079395633274e-20
25,18,0.00039405827471148053,2.2748709870507824e-18
25,19,0.0003851170722733796,2.035555924366836e-18
25,20,0.0003768627667303452,6.6938222229069725e-19
25,21,0.0003691036297687771,-4.399002038939564e-20
25,22,0.00036207624343794555,-7.3682245981598e-19
25,23,0.0003556003661547553,9.318644398031938e-20
25,24,0.00034987795101578295,7.869544098293921e-19
25,25,0.00034473772443717747,-3.530512318772055e-20
25,26,0.00034035819191475516,-5.272630938792901e-19
25,27,0.0003365755429583423,-8.789580783635397e-20
25,28,0.00033355327511579,-1.9524717802263147e-19
25,29,0.00033113370079712606,-1.0504342133869613e-18
25,30,0.000329471659677566,-1.4804537301515135e-18
25,31,0.0003284139964925849,-2.9666938462907147e-19
25,32,0.0003281116730012926,1.199222738704571e-18
25,33,0.0003284139964925849,-2.9993688983664356e-19
25,34,0.000329471659677566,-1.4961196941253625e-18
25,35,0.00033113370079712606,-1.0595024649003774e-18
25,36,0.00033355327511579,-1.8950918622516325e-19
25,37,0.0003365755429583423,-8.972979954112786e-20
25,38,0.00034035819191475516,-5.098176299518275e-19
25,39,0.00034473772443717747,-2.9792152049164353e-20
25,40,0.00034987795101578295,7.890559789980627e-19
25,41,0.0003556003661547553,9.711252912244658e-20
25,42,0.00036207624343794555,-7.239031782170215e-19
25,43,0.000369103629768777,-4.6132853571836864e-20
25,44,0.0003768627667303452,6.78869554606467e-19
25,45,0.0003851170722733796,2.032131167144712e-18
25,46,0.00039405827471148053,2.2981553235344952e-18
25,47,0.0004034004155519162,7.045150398452653e-20
25,48,0.0004133519568006395,-1.611166877615971e-18
25,49,0.00042355808434986795,-9.652812699048965e-19
25,50,0.0004342553010985309,-1.2623386006831756e-18
25,51,0.00044499362743956826,-1.4881011362110534e-18
25,52,0.0004560613216187671,-8.213957648768713e-19
25,53,0.00046687524244817656,-4.37013307915391e-19
25,54,0.0004778239354540844,1.0343422386028593e-19
25,55,0.0004881284212761166,-2.878630042429987e-20
25,56,0.0004983777683722648,1.2725785641640784e-18
25,57,0.0005074717742598753,1.0733803418892119e-18
25,58,0.0005164229774781713,-4.906852458950844e-19
25,59,0.0005234947911663664,-2.2459075143669023e-19
25,60,0.000530714213393017,1.7028857752460252e-19
25,61,0.0005344984028720028,-3.4483228435542045e-19
25,62,0.0005369817077732818,-3.327229412864536e-19
25,63,0.0004972398029545721,3.6674799505282317e-19
26,0,0.0006196946511648582,4.721931553350894e-20
26,1,0.0005565344010501235,1.486426185908431e-19
26,2,0.0005138598542352811,2.1790297572065023e-19
26,3,0.0005093790089731083,1.8988538537029267e-19
26,4,0.000503623313022547,1.8263639292247712e-19
26,5,0.0004988638951405644,1.13656517731531e-19
26,6,0.0004918791080896505,-3.2795235411773177e-21
26,7,0.00048490947460215066,-5.683224219147452e-20
26,8,0.0004765714691086129,-3.994864061261454e-20
26,9,0.00046815200431622506,6.775822231963134e-21
26,10,0.0004588914548526241,-3.004068871805396e-20
26,11,0.00044965613325862516,-1.0429809014824774e-19
26,12,0.00043997150194460566,-1.6484108595047744e-19
26,13,0.000430471994663525,-2.4687934886760727e-19
26,14,0.0004208266084995523,-2.635647538139437e-19
26,15,0.0004115215746656597,-1.1540208159912092e-19
26,16,0.0004023015595862498,-5.496895755747957e-20
26,17,0.00039354968944285896,-2.2151077935928614e-19
26,18,0.00038505189377274003,-3.648556919903084e-19
26,19,0.00037711675706979123,-3.7254449160656275e-19
26,20,0.0003695538470351017,-2.5866777259701333e-19
26,21,0.0003626173832784836,-1.311360040249618e-19
26,22,0.00035613160951986436,-6.426589574348694e-20
26,23,0.000350311461523077,-7.716103292557773e-20
26,24,0.00034499126670882213,-2.306471692478071e-19
26,25,0.0003403581919147556,-2.9322972849527975e-19
26,26,0.00033625410043488466,-2.241454754149352e-19
26,27,0.000332847218226854,-2.537907492065453e-19
26,28,0.00032998519113708444,-2.6777209884107585e-19
26,29,0.00032782406130411196,-1.5688980255721896e-19
26,30,0.00032621563260164916,-2.257963856667833e-19
26,31,0.0003253089267076754,-3.769274164024133e-19
26,32,0.00032495804196533716,-3.961802268783465e-19
26,33,0.0003253089267076754,-3.697415451287887e-19
26,34,0.00032621563260164916,-2.2933042042962035e-19
26,35,0.00032782406130411196,-1.6248032068749627e-19
26,36,0.0003299851911370845,-2.5782073964975903e-19
26,37,0.00033284721822685406,-2.387091883262579e-19
26,38,0.00033625410043488466,-2.133436944602438e-19
26,39,0.00034035819191475565,-2.940014674226786e-19
26,40,0.00034499126670882213,-2.2713288491838684e-19
26,41,0.00035031146152307693,-6.201726118045677e-20
26,42,0.00035613160951986436,-5.952293720384751e-20
26,43,0.0003626173832784836,-1.3048681875885996e-19
26,44,0.00036955384703510173,-2.4492127494225314e-19
26,45,0.00037711675706979123,-3.630673974416525e-19
26,46,0.00038505189377274003,-3.441692357706793e-19
26,47,0.00039354968944285896,-2.01987117155339e-19
26,48,0.0004023015595862498,-5.496895755747957e-20
26,49,0.0004115215746656597,-9.953803495466689e-20
26,50,0.0004208266084995523,-2.4288294758568916e-19
26,51,0.000430471994663525,-2.370192200458747e-19
26,52,0.0004399715019446057,-1.5024755534846291e-19
26,53,0.00044965613325862516,-1.0403094971282418e-19
26,54,0.0004588914548526241,-2.3608314275280526e-20
26,55,0.000468152004316225,1.7706657166903912e-20
26,56,0.0004765714691086129,-3.643435628319429e-20
26,57,0.0004849094746021507,-6.016730788672758e-20
26,58,0.0004918791080896505,9.220973299397276e-21
26,59,0.0004988638951405644,1.2573199165347942e-19
26,60,0.000503623313022547,1.934347850610482e-19
26,61,0.0005093790089731083,1.822177666886844e-19
26,62,0.0005138598542352811,2.1437359094918776e-19
26,63,0.0005565344010501235,1.5398239126680786e-19
27,0,0.0003893171036793609,-4.3175791852021165e-19
27,1,0.0004495844076535637,-5.880868359467261e-19
27,2,0.00048752956263509254,-4.0530629349430265e-19
27,3,0.0004859913158487059,-7.917607515170614e-19
27,4,0.00048350721677134755,-1.4254017234864006e-18
27,5,0.00047803222550819776,-1.3999912068468913e-18
27,6,0.0004729010821667251,-1.1125762464567725e-18
27,7,0.000466158861389954,-7.5275557882284e-19
27,8,0.00045939578484051487,-5.64667709538666e-19
27,9,0.00045161272673848395,-2.747290950876166e-19
27,10,0.000443804273060246,-5.243452754267458e-19
27,11,0.0004353776093519691,-8.787915570211475e-19
27,12,0.00042703429032255513,-6.550237822517621e-19
27,13,0.00041838152074480313,-5.931571445461253e-19
27,14,0.00040994796092379016,-4.718887135232494e-19
27,15,0.000401446792666637,2.2156206073536445e-19
27,16,0.0003932919599386098,5.313664826452389e-21
27,17,0.0003852550575882718,-4.432442019662407e-19
27,18,0.0003776686559562445,-5.624309052099754e-19
27,19,0.00037033762332700637,-7.532207524169907e-19
27,20,0.0003635350587408054,-4.597841636164982e-19
27,21,0.00035708564727683363,-1.1165409407310043e-19
27,22,0.0003512187804375136,1.6518672233209948e-20
27,23,0.0003457717112601243,-2.597824035208372e-19
27,24,0.0003409420358878114,-3.5422170168215076e-19
27,25,0.0003365755429583429,-2.593979076264402e-19
27,26,0.0003328472182268545,-3.0955388781372177e-20
27,27,0.00032960889508923283,-1.1757921412519898e-19
27,28,0.0003270200699832609,-2.688303505569689e-19
27,29,0.00032493672959815344,-3.8849956515539003e-19
27,30,0.0003235084015004083,-3.587061376800667e-19
27,31,0.0003225933959209257,2.8153448917732365e-20
27,32,0.00032233554827760776,1.6117600283359186e-19
27,33,0.0003225933959209257,3.3635347337930344e-20
27,34,0.0003235084015004083,-3.5787244844806183e-19
27,35,0.00032493672959815344,-3.919612004130316e-19
27,36,0.0003270200699832609,-2.5988438806448336e-19
27,37,0.00032960889508923283,-1.1250112702035473e-19
27,38,0.0003328472182268545,-2.1597810393233567e-20
27,39,0.0003365755429583429,-2.580883376263286e-19
27,40,0.0003409420358878114,-3.55745829961488e-19
27,41,0.0003457717112601243,-2.578976940700234e-19
27,42,0.00035121878043751353,1.44167031018237e-20
27,43,0.00035708564727683363,-1.174085710031474e-19
27,44,0.0003635350587408054,-4.551269581134519e-19
27,45,0.00037033762332700637,-7.366145829537153e-19
27,46,0.0003776686559562445,-5.445706772494864e-19
27,47,0.0003852550575882718,-4.438718221138343e-19
27,48,0.0003932919599386098,5.313664826452389e-21
27,49,0.000401446792666637,2.208296286811307e-19
27,50,0.00040994796092379016,-4.540106879614249e-19
27,51,0.00041838152074480313,-5.770378993880962e-19
27,52,0.00042703429032255513,-6.495195438014615e-19
27,53,0.0004353776093519691,-8.841481419690224e-19
27,54,0.00044380427306024597,-5.255824140095423e-19
27,55,0.00045161272673848395,-2.73334930676906e-19
27,56,0.00045939578484051487,-5.661918378180032e-19
27,57,0.000466158861389954,-7.518024967298794e-19
27,58,0.0004729010821667251,-1.1023894327227148e-18
27,59,0.00047803222550819776,-1.3919228799352021e-18
27,60,0.00048350721677134755,-1.4156087280466608e-18
27,61,0.0004859913158487059,-7.93041396574948e-19
27,62,0.00048752956263509254,-4.044904018636333e-19
27,63,0.0004495844076535637,-5.825001256198879e-19
28,0,0.0005748097180921898,-1.2610359736376539e-18
28,1,0.0005148005840001199,-1.218362757669184e-18
28,2,0.0004745446761462046,-1.1428768006964676e-18
28,3,0.00047089439233897925,-1.0166839015271598e-18
28,4,0.0004662503300540704,-8.409906299960726e-19
28,5,0.0004627476656941329,-6.551516782492387e-19
28,6,0.0004572884446715892,-4.921351959689023e-19
28,7,0.00045197234591117484,-3.411370304630758e-19
28,8,0.00044544752322963786,-2.0504278249453714e-19
28,9,0.00043890507569274565,-8.110861531066922e-20
28,10,0.0004315894813836747,1.565230566210051e-20
28,11,0.00042429619412681305,1.2571319919205161e-19
28,12,0.0004165477754100144,2.0920804991463428e-19
28,13,0.0004089267752774852,2.5601039608033454e-19
28,14,0.00040110086858748546,2.605063636374827e-19
28,15,0.000393520015046125,2.6849680964795874e-19
28,16,0.00038593206484109594,2.68102301602856e-19
28,17,0.00037869624539795324,2.614038011840785e-19
28,18,0.00037160621666566595,2.4879833164234786e-19
28,19,0.0003649557400023178,2.1956068499049147e-19
28,20,0.0003585654348529252,1.2377989692657548e-19
28,21,0.0003526807377420612,1.061621829264132e-20
28,22,0.0003471387314124522,-1.4315762170013053e-19
28,23,0.00034214909676105363,-2.6659813110469737e-19
28,24,0.00033755943132508727,-3.7938196369742416e-19
28,25,0.00033355327511578855,-4.3837992444960825e-19
28,26,0.0003299851911370839,-4.682949798405869e-19
28,27,0.0003270200699832627,-4.508865913738856e-19
28,28,0.0003245170452137171,-3.586402079677364e-19
28,29,0.00032262822841965715,-2.5558841767384427e-19
28,30,0.000321215351196762,-1.6137642102847357e-19
28,31,0.0003204223493605683,-1.192522666620277e-19
28,32,0.00032011155777839377,-8.688268581823278e-20
28,33,0.00032042234936056836,-1.0959662971330504e-19
28,34,0.000321215351196762,-1.687889113540222e-19
28,35,0.00032262822841965715,-2.543542489982895e-19
28,36,0.0003245170452137172,-3.5987591595563004e-19
28,37,0.00032702006998326275,-4.450875073301723e-19
28,38,0.0003299851911370839,-4.582538780787303e-19
28,39,0.00033355327511578855,-4.427809841335918e-19
28,40,0.00033755943132508727,-3.7820005342421654e-19
28,41,0.00034214909676105363,-2.6267520058676546e-19
28,42,0.0003471387314124522,-1.258136076466589e-19
28,43,0.0003526807377420612,3.894897947111709e-21
28,44,0.0003585654348529252,1.3321943403099831e-19
28,45,0.0003649557400023178,2.2400927264301702e-19
28,46,0.00037160621666566595,2.64589958819786e-19
28,47,0.00037869624539795324,2.6846093468253678e-19
28,48,0.00038593206484109594,2.68102301602856e-19
28,49,0.000393520015046125,2.749563283401473e-19
28,50,0.00040110086858748546,2.7590338595448547e-19
28,51,0.0004089267752774852,2.602182664586979e-19
28,52,0.0004165477754100144,2.186475870190571e-19
28,53,0.00042429619412681305,1.1903643554119176e-19
28,54,0.0004315894813836747,3.3025231328763944e-20
28,55,0.00043890507569274565,-8.363901449776849e-20
28,56,0.00044544752322963786,-2.0386087222132949e-19
28,57,0.00045197234591117484,-3.52637287598097e-19
28,58,0.0004572884446715892,-4.821230058202374e-19
28,59,0.00046274766569413296,-6.510912167947039e-19
28,60,0.0004662503300540705,-8.422263379839663e-19
28,61,0.00047089439233897925,-1.0169030814719516e-18
28,62,0.0004745446761462046,-1.1507417191088352e-18
28,63,0.0005148005840001199,-1.2093800553350733e-18
29,0,0.00036270375682742465,-1.0247785412320986e-18
29,1,0.00042076428672720254,-1.1289954911980593e-18
29,2,0.0004575463803241643,-7.550690415576946e-19
29,3,0.0004565320860718638,-8.023354998369335e-19
29,4,0.00045477256883475907,-1.1217967113116401e-18
29,5,0.00045028310798277837,-1.1297346627689824e-18
29,6,0.0004462487963332122,-1.3055951499278152e-18
29,7,0.00044076507363113084,-1.0340274066472704e-18
29,8,0.00043533592653195377,-3.822739688269514e-19
29,9,0.00042897516401515265,4.866618718092327e-21
29,10,0.00042261521088238387,-5.993287877761444e-19
29,11,0.00041566376225525326,-1.3310286230529177e-18
29,12,0.0004087759407917764,-1.3888493455577222e-18
29,13,0.00040155729762971827,-1.0223680401041874e-18
29,14,0.00039450269151755993,-6.25025535232506e-19
29,15,0.00038732576040296634,-1.6056827586626443e-19
29,16,0.00038041701742175374,-2.877583673462225e-19
29,17,0.000373551836081633,-2.629043026305372e-19
29,18,0.00036704742428067386,-7.193696959710135e-20
29,19,0.0003607154104086863,1.3575348924720413e-19
29,20,0.0003548193136045432,1.936454557742883e-19
29,21,0.00034919258812442103,-1.3828259800782381e-19
29,22,0.0003440587815834644,-1.612536381872555e-19
29,23,0.0003392648598269936,4.5092568154708165e-20
29,24,0.0003350046499788738,2.6881153396391693e-19
29,25,0.0003311337007971255,5.803402794380224e-19
29,26,0.00032782406130411093,4.762290469293294e-19
29,27,0.000324936729598153,4.744822871850087e-19
29,28,0.0003226282284196532,7.791075631507352e-19
29,29,0.0003207627143804379,6.271505633060562e-19
29,30,0.0003194861297786401,4.762631488896492e-19
29,31,0.0003186637581396477,4.799639704052566e-19
29,32,0.0003184348795841703,4.567124486820288e-19
29,33,0.0003186637581396477,4.79520075637857e-19
29,34,0.0003194861297786401,4.748227978555495e-19
29,35,0.0003207627143804379,6.139035879722567e-19
29,36,0.0003226282284196532,7.857214859050442e-19
29,37,0.00032493672959815295,4.762398052251711e-19
29,38,0.00032782406130411093,4.8333843467326705e-19
29,39,0.0003311337007971255,5.854995885029518e-19
29,40,0.0003350046499788738,2.6877472890665304e-19
29,41,0.0003392648598269936,4.614453683723698e-20
29,42,0.0003440587815834644,-1.5096080032300298e-19
29,43,0.000349192588124421,-1.3881360933126566e-19
29,44,0.0003548193136045432,2.0362359052869006e-19
29,45,0.00036071541040868637,1.4256857389662126e-19
29,46,0.00036704742428067386,-7.453269072173244e-20
29,47,0.000373551836081633,-2.6132916040385343e-19
29,48,0.00038041701742175374,-2.877583673462225e-19
29,49,0.00038732576040296634,-1.6126034896002117e-19
29,50,0.00039450269151755993,-6.275905829959224e-19
29,51,0.0004015572976297183,-1.0162113190186442e-18
29,52,0.0004087759407917764,-1.3784476943296931e-18
29,53,0.0004156637622552533,-1.3309049877418787e-18
29,54,0.00042261521088238387,-5.881582436034229e-19
29,55,0.00042897516401515265,4.434986686501748e-21
29,56,0.00043533592653195377,-3.823107738842153e-19
29,57,0.00044076507363113084,-1.0273844968682217e-18
29,58,0.0004462487963332122,-1.2976694025978379e-18
29,59,0.0004502831079827784,-1.126090692521538e-18
29,60,0.00045477256883475907,-1.114759272083704e-18
29,61,0.0004565320860718638,-8.140770786596048e-19
29,62,0.0004575463803241643,-7.565400659530089e-19
29,63,0.00042076428672720254,-1.127807445355459e-18
30,0,0.0005497927611972643,-7.009763786442295e-19
30,1,0.0004915704223257031,-5.03322606937484e-19
30,2,0.0004526689875294263,-3.39629086400864e-19
30,3,0.0004494546435583806,-3.5250812061994254e-19
30,4,0.00044539454979992667,-3.693660895866927e-19
30,5,0.0004425490603347797,-4.390798298374324e-19
30,6,0.00043789354326899675,-4.904896924188997e-19
30,7,0.0004334504477809239,-4.21602386331348e-19
30,8,0.0004278888354160498,-4.292471221942781e-19
30,9,0.0004223478186371598,-5.180158991117001e-19
30,10,0.00041607637231181075,-3.346637984988474e-19
30,11,0.0004098312627992565,3.946675872997025e-20
30,12,0.00040313454620579856,-2.808949196261906e-20
30,13,0.0003965398718215284,-3.3309001238993253e-19
30,14,0.00038971435964183854,-4.155751410791684e-19
30,15,0.00038308713612331645,-3.3270937806495546e-19
30,16,0.0003764073956701486,-1.9509817475235557e-19
30,17,0.0003700200788304956,-1.2565179158047288e-19
30,18,0.00036372244106891986,-2.828778789348259e-19
30,19,0.0003577989322885058,-4.677046014465274e-19
30,20,0.00035207558723474144,-5.048913611473807e-19
30,21,0.0003467919941917633,-4.636437853078071e-19
30,22,0.0003417917618591766,-5.10818483153003e-19
30,23,0.0003372808710282014,-6.401368867229575e-19
30,24,0.00033311385592446824,-6.396931300507933e-19
30,25,0.0003294716596775661,-4.503243517193577e-19
30,26,0.00032621563260164856,-2.4409522474172954e-19
30,27,0.0003235084015004076,-9.117485557647182e-20
30,28,0.0003212153511967599,1.294108502182169e-19
30,29,0.00031948612977864173,3.2951751841426324e-19
30,30,0.00031818795601148574,4.261004549855469e-19
30,31,0.00031746175513185847,3.3855197145460044e-19
30,32,0.00031717448603648193,2.221171370142383e-19
30,33,0.0003174617551318585,3.42863307369562e-19
30,34,0.00031818795601148574,4.193124343389891e-19
30,35,0.00031948612977864173,3.1834197360546333e-19
30,36,0.0003212153511967599,1.286892833988359e-19
30,37,0.0003235084015004076,-8.671412377964343e-20
30,38,0.00032621563260164856,-2.3976794003162684e-19
30,39,0.0003294716596775661,-4.487074406434856e-19
30,40,0.00033311385592446824,-6.412287065376572e-19
30,41,0.0003372808710282014,-6.394858796024171e-19
30,42,0.0003417917618591766,-5.048737982845402e-19
30,43,0.0003467919941917633,-4.656245444369803e-19
30,44,0.0003520755872347415,-4.942257691872926e-19
30,45,0.0003577989322885058,-4.673759431114116e-19
30,46,0.0003637224410689198,-2.721660753321589e-19
30,47,0.0003700200788304956,-1.2198644112332026e-19
30,48,0.0003764073956701486,-1.9509817475235557e-19
30,49,0.00038308713612331645,-3.2893969892150496e-19
30,50,0.0003897143596418385,-4.0485062333944514e-19
30,51,0.0003965398718215284,-3.3217932988583933e-19
30,52,0.0004031345462057986,-1.7000383528903766e-20
30,53,0.0004098312627992565,3.7799719466738725e-20
30,54,0.00041607637231181075,-3.278593665460741e-19
30,55,0.0004223478186371598,-5.181641423183382e-19
30,56,0.0004278888354160498,-4.3078269868114203e-19
30,57,0.0004334504477809239,-4.2257435671731456e-19
30,58,0.00043789354326899675,-4.853280888985991e-19
30,59,0.0004425490603347797,-4.366268838010542e-19
30,60,0.00044539454979992667,-3.6966413993244657e-19
30,61,0.0004494546435583806,-3.659597554922285e-19
30,62,0.0004526689875294263,-3.4642982118447815e-19
30,63,0.0004915704223257031,-5.012331820769562e-19
31,0,0.00035017034016432663,-1.7123645075363775e-18
31,1,0.00040716577669770964,-4.0152290124738096e-19
31,2,0.0004433774048825809,-6.738978711663939e-19
31,3,0.0004425973618802972,7.567715219058355e-20
31,4,0.00044116285903423366,1.5744444475812719e-18
31,5,0.0004371193480890119,9.280543518935253e-19
31,6,0.0004335812974447641,-4.235498233354614e-19
31,7,0.00042866976926227905,-1.7424432105097371e-19
31,8,0.0004238486354029645,4.092838729428859e-19
31,9,0.00041813915655199553,1.7544841884164158e-19
31,10,0.0004124449053037329,-1.0775663606253718e-19
31,11,0.0004061746377877027,1.2178352836656644e-19
31,12,0.00039996172092943806,5.218289850865982e-19
31,13,0.00039341124951394334,1.1066777391994199e-18
31,14,0.00038700195114830545,1.4351319741034602e-18
31,15,0.0003804476261995307,5.949826581856437e-19
31,16,0.00037412731838271194,-1.572574918656115e-18
31,17,0.00036781791248989646,-3.439512445693336e-18
31,18,0.00036182885403904713,-2.5638401347275517e-18
31,19,0.0003559746124115127,-1.424338317273988e-19
31,20,0.0003505136801049365,1.865400264963124e-18
31,21,0.0003452833204541796,1.6670905983729024e-18
31,22,0.0003405038881960041,1.2857626642237166e-18
31,23,0.00033602667318713517,8.396541168124237e-19
31,24,0.00033204338323488585,5.441280957031276e-19
31,25,0.00032841399649258805,3.7290974552795847e-19
31,26,0.00032530892670767534,1.61970332429666e-18
31,27,0.00032259339592092607,1.0800631100988917e-18
31,28,0.0003204223493605673,-1.3530948324943584e-18
31,29,0.00031866375813964444,-1.557120776119072e-18
31,30,0.0003174617551318558,-1.4082889403765208e-18
31,31,0.00031668491888375025,-5.224174494425278e-19
31,32,0.0003164703045106784,8.194079208179189e-20
31,33,0.00031668491888375025,-5.209545468102373e-19
31,34,0.0003174617551318558,-1.407428403488618e-18
31,35,0.00031866375813964444,-1.564178633693742e-18
31,36,0.0003204223493605673,-1.3461251545515557e-18
31,37,0.0003225933959209261,1.0805202823992994e-18
31,38,0.00032530892670767534,1.6228817772309281e-18
31,39,0.000328413996492588,3.746330287698129e-19
31,40,0.00033204338323488585,5.466399433350031e-19
31,41,0.00033602667318713517,8.397429325893064e-19
31,42,0.0003405038881960041,1.2829470628467315e-18
31,43,0.0003452833204541796,1.653670107175478e-18
31,44,0.0003505136801049365,1.8736241034932452e-18
31,45,0.0003559746124115127,-1.4396041375017025e-19
31,46,0.00036182885403904713,-2.5510535352399083e-18
31,47,0.00036781791248989646,-3.442081376334064e-18
31,48,0.00037412731838271194,-1.572574918656115e-18
31,49,0.0003804476261995307,5.923643832371337e-19
31,50,0.00038700195114830545,1.4477079034688149e-18
31,51,0.00039341124951394334,1.1043986666309313e-18
31,52,0.00039996172092943806,5.304763400903467e-19
31,53,0.0004061746377877027,1.0854997542498975e-19
31,54,0.0004124449053037329,-1.1014763285137028e-19
31,55,0.00041813915655199553,1.7558028616505228e-19
31,56,0.0004238486354029645,4.117957205747615e-19
31,57,0.000428669769262279,-1.725640893556475e-19
31,58,0.0004335812974447641,-4.199489420420909e-19
31,59,0.00043711934808901196,9.30018651832594e-19
31,60,0.00044116285903423366,1.5818376419977013e-18
31,61,0.0004425973618802972,6.937178516163059e-20
31,62,0.0004433774048825809,-6.732501806298298e-19
31,63,0.00040716577669770964,-4.0001065430730868e-19
32,0,0.0005417532295842239,0.0
32,1,0.000484110122790452,1.2934003846144585e-21
32,2,0.0004456451504176258,1.6651803265259618e-21
32,3,0.00044256671023503737,5.3148849410981556e-21
32,4,0.00043868873168293967,3.3881317890172014e-21
32,5,0.0004360476489586011,3.361243681130738e-22
32,6,0.00043164307748323446,-3.3682369230240907e-21
32,7,0.000427472827244679,-2.8752690443675765e-21
32,8,0.0004222131873704964,9.41955222857626e-22
32,9,0.0004169867807984756,6.274897914692502e-21
32,10,0.0004110443824194697,1.4305716449972678e-21
32,11,0.00040513045966663285,2.540395422131167e-21
32,12,0.0003987670962504893,-4.5317233022270934e-21
32,13,0.00039249866982764373,-4.620897893313888e-22
32,14,0.00038599216749040673,-5.1762242462290086e-21
32,15,0.0003796699363028253,-8.377262887082372e-21
32,16,0.00037328154781970414,0.0
32,17,0.0003671672069380915,7.010872778580986e-21
32,18,0.00036112521891015656,-2.888556798263887e-23
32,19,0.0003554368777861909,-1.9082921605479634e-22
32,20,0.0003499298420514725,-6.776263578034403e-21
32,21,0.0003448416675181229,-8.739210551407637e-23
32,22,0.0003400179576177364,-3.3682369230240907e-21
32,23,0.00033566337694465413,-2.8752690443675765e-21
32,24,0.00033163461153577957,9.41955222857626e-22
32,25,0.0003281116730012976,4.291036036915859e-21
32,26,0.0003249580419653362,-3.436733568202012e-21
32,27,0.0003223355482776054,-5.600928550596319e-21
32,28,0.000320111557778392,-5.981201453364702e-21
32,29,0.0003184348795841727,2.337318114003127e-22
32,30,0.00031717448603648703,1.0044632673131676e-21
32,31,0.00031647030451068393,6.553281185158138e-21
32,32,0.00031619078431291154,0.0
32,33,0.00031647030451068393,-2.094731404402743e-21
32,34,0.00031717448603648703,-1.7229514624912395e-21
32,35,0.0003184348795841727,-4.8495104259534485e-21
32,36,0.000320111557778392,-3.3881317890172014e-21
32,37,0.0003223355482776054,3.361243681130738e-22
32,38,0.00032495804196533624,3.408026655010312e-21
32,39,0.0003281116730012976,3.900994533666826e-21
32,40,0.00033163461153577957,-9.41955222857626e-22
32,41,0.00033566337694465413,-6.29586349172511e-21
32,42,0.0003400179576177363,-1.3728005090319901e-21
32,43,0.00034484166751812284,-2.769275350028892e-21
32,44,0.0003499298420514725,4.108206828599943e-21
32,45,0.0003554368777861909,8.238958867397088e-22
32,46,0.00036112521891015656,5.136434514242787e-21
32,47,0.0003671672069380915,6.373888981688627e-21
32,48,0.00037328154781970414,0.0
32,49,0.0003796699363028253,-6.54165437748782e-21
32,50,0.00038599216749040673,-2.888556798263887e-23
32,51,0.00039249866982764373,-1.9082921605479634e-22
32,52,0.0003987670962504893,6.776263578034403e-21
32,53,0.0004051304596666328,-8.739210551407637e-23
32,54,0.00041104438241946963,3.408026655010312e-21
32,55,0.0004169867807984756,3.900994533666826e-21
32,56,0.0004222131873704964,-9.41955222857626e-22
32,57,0.000427472827244679,-4.3120016139484675e-21
32,58,0.0004316430774832345,3.49450470416729e-21
32,59,0.0004360476489586011,5.372048622698595e-21
32,60,0.00043868873168293967,6.404717926991852e-21
32,61,0.00044256671023503737,-7.1895866124629305e-22
32,62,0.0004456451504176258,-1.044252999299389e-21
32,63,0.000484110122790452,-6.2273144856025576e-21
33,0,0.0003501703401643066,-1.0810527532883362e-18
33,1,0.0004071657766977027,-1.105207995386582e-18
33,2,0.00044337740488258276,-4.316629245241744e-19
33,3,0.00044259736188029757,2.340406026136998e-19
33,4,0.0004411628590342353,3.5959818937497303e-19
33,5,0.0004371193480890158,3.2566549406870163e-19
33,6,0.00043358129744476505,4.955646789430606e-19
33,7,0.0004286697692622809,1.1223081775946117e-19
33,8,0.0004238486354029677,-5.9684043707373525e-19
33,9,0.0004181391565519968,-6.491073599616317e-19
33,10,0.00041244490530373317,-6.589257017830688e-20
33,11,0.00040617463778770186,1.0062956319431708e-19
33,12,0.00039996172092943437,-3.181297488283067e-21
33,13,0.00039341124951393927,1.4062099199482125e-19
33,14,0.00038700195114830247,-1.8103921304019158e-19
33,15,0.00038044762619953,-8.558277267091824e-19
33,16,0.0003741273183827144,-2.370366049004154e-19
33,17,0.000367817912489904,3.43959498247119e-19
33,18,0.000361828854039054,6.152200901464195e-20
33,19,0.0003559746124115125,1.1065421187672184e-21
33,20,0.0003505136801049363,2.713775757766015e-20
33,21,0.0003452833204541802,7.081008697540182e-19
33,22,0.0003405038881960012,4.0662621948135907e-19
33,23,0.0003360266731871347,-7.331080636003306e-19
33,24,0.0003320433832348843,-9.421306676904921e-19
33,25,0.0003284139964925856,-7.900587950305598e-19
33,26,0.0003253089267076731,-9.241028616590666e-19
33,27,0.0003225933959209235,-4.822636326130284e-19
33,28,0.0003204223493605658,6.518469946035794e-19
33,29,0.00031866375813964634,9.137786867179788e-19
33,30,0.00031746175513185874,6.321703683064487e-20
33,31,0.0003166849188837519,1.1116816568104833e-19
33,32,0.00031647030451067943,3.224066747823433e-19
33,33,0.0003166849188837519,1.0859021802883029e-19
33,34,0.00031746175513185874,5.622805309430257e-20
33,35,0.00031866375813964634,9.08278828628123e-19
33,36,0.00032042234936056587,6.5775378680848675e-19
33,37,0.0003225933959209235,-4.807098717173923e-19
33,38,0.0003253089267076731,-9.138981452880952e-19
33,39,0.0003284139964925856,-7.890122381191144e-19
33,40,0.0003320433832348843,-9.448706718784791e-19
33,41,0.0003360266731871347,-7.281929178228417e-19
33,42,0.0003405038881960012,4.1116814461945964e-19
33,43,0.0003452833204541802,7.05099891827938e-19
33,44,0.0003505136801049363,3.6704505435873005e-20
33,45,0.0003559746124115125,-3.333289943737208e-21
33,46,0.000361828854039054,7.36991082527414e-20
33,47,0.000367817912489904,3.448010059165843e-19
33,48,0.0003741273183827144,-2.370366049004154e-19
33,49,0.00038044762619953,-8.554391550649703e-19
33,50,0.00038700195114830247,-1.6887095263852774e-19
33,51,0.00039341124951393927,1.3663181367945527e-19
33,52,0.00039996172092943437,6.80896684355694e-21
33,53,0.00040617463778770186,9.823714773092199e-20
33,54,0.00041244490530373317,-6.093596740301475e-20
33,55,0.0004181391565519968,-6.450166370858833e-19
33,56,0.0004238486354029677,-5.995804412617222e-19
33,57,0.0004286697692622809,1.1240773167813843e-19
33,58,0.00043358129744476505,5.062017506240949e-19
33,59,0.0004371193480890158,3.2915179134341552e-19
33,60,0.00044116285903423534,3.6592849805350754e-19
33,61,0.00044259736188029757,2.3063118961846823e-19
33,62,0.00044337740488258276,-4.386430694240811e-19
33,63,0.0004071657766977027,-1.1079682817239877e-18
34,0,0.0005497927611972663,-4.2192187945234814e-19
34,1,0.000491570422325706,-4.653694102675502e-19
34,2,0.00045266898752942974,-4.818010346788283e-19
34,3,0.00044945464355838384,-3.992766134407887e-19
34,4,0.00044539454979992927,-3.2535922114707803e-19
34,5,0.00044254906033478164,-2.620429657137002e-19
34,6,0.00043789354326899844,-1.675046708319565e-19
34,7,0.0004334504477809251,-1.000607514706161e-19
34,8,0.0004278888354160509,-7.413693418397251e-20
34,9,0.0004223478186371607,-6.801581713775452e-20
34,10,0.00041607637231181157,-3.309999407887466e-20
34,11,0.0004098312627992571,2.00638845574249e-20
34,12,0.00040313454620579845,1.9836951134960418e-20
34,13,0.00039653987182152806,-1.8780302013614977e-20
34,14,0.0003897143596418387,-1.7429898231738765e-20
34,15,0.0003830871361233169,-1.4064218281460288e-20
34,16,0.0003764073956701487,-1.9655562979043857e-20
34,17,0.0003700200788304954,6.7455787083154054e-21
34,18,0.00036372244106891986,-8.097858926860816e-21
34,19,0.00035779893228850594,-9.217941230183413e-21
34,20,0.0003520755872347418,-2.2121426030038494e-20
34,21,0.0003467919941917641,-2.6991322850631838e-20
34,22,0.0003417917618591772,-4.129676169106575e-20
34,23,0.0003372808710282017,-3.738031337379788e-20
34,24,0.0003331138559244685,-1.8282628309021634e-20
34,25,0.0003294716596775665,-2.912338995205838e-20
34,26,0.00032621563260164916,-1.3092320271730056e-20
34,27,0.0003235084015004083,4.589541254038224e-20
34,28,0.00032121535119676055,3.3707885002610745e-20
34,29,0.0003194861297786424,-2.1125657236757305e-20
34,30,0.0003181879560114862,-6.1568015043820656e-21
34,31,0.00031746175513185874,2.3646433065004993e-20
34,32,0.00031717448603648215,1.2942764536132234e-20
34,33,0.0003174617551318588,1.4898270825638046e-20
34,34,0.0003181879560114862,-7.462584216420067e-21
34,35,0.0003194861297786424,-2.319398485987937e-20
34,36,0.00032121535119676055,3.3782748488745316e-20
34,37,0.00032350840150040835,5.644142245391675e-20
34,38,0.00032621563260164916,-4.8743449591308384e-21
34,39,0.0003294716596775665,-2.5521852112237673e-20
34,40,0.0003331138559244685,-1.770954553331009e-20
34,41,0.0003372808710282017,-3.3748584834561045e-20
34,42,0.0003417917618591772,-3.594655081504659e-20
34,43,0.0003467919941917641,-2.6425691529416847e-20
34,44,0.0003520755872347418,-1.0293211044389335e-20
34,45,0.00035779893228850594,1.9244183971338743e-21
34,46,0.00036372244106891986,1.4403899469721589e-21
34,47,0.0003700200788304954,3.878150290393168e-23
34,48,0.0003764073956701487,-1.9655562979043857e-20
34,49,0.0003830871361233169,-2.0359475603822205e-20
34,50,0.0003897143596418387,-8.097858926860816e-21
34,51,0.00039653987182152806,-9.217941230183413e-21
34,52,0.00040313454620579845,3.208868259423673e-20
34,53,0.0004098312627992571,2.044252219560898e-20
34,54,0.00041607637231181157,-2.774423453499695e-20
34,55,0.0004223478186371607,-6.448536768593549e-20
34,56,0.0004278888354160509,-7.356385140826096e-20
34,57,0.0004334504477809251,-9.635793454337759e-20
34,58,0.00043789354326899844,-1.5929224418721585e-19
34,59,0.0004425490603347817,-2.521569950643891e-19
34,60,0.00044539454979992927,-3.248608411873163e-19
34,61,0.00044945464355838384,-4.0400010695629656e-19
34,62,0.00045266898752942974,-4.833241242955384e-19
34,63,0.000491570422325706,-4.741055959163396e-19
35,0,0.00036270375682742546,-1.2828423567819143e-18
35,1,0.00042076428672720324,-1.1401769383947696e-18
35,2,0.00045754638032416504,-1.344856402643093e-18
35,3,0.00045653208607186453,-1.0150613828934455e-18
35,4,0.0004547725688347599,-4.2881494143635853e-19
35,5,0.00045028310798277897,-2.225991460970112e-19
35,6,0.00044624879633321264,1.137423048980874e-19
35,7,0.00044076507363113106,-2.1772150073862293e-20
35,8,0.00043533592653195366,-5.993259525447158e-19
35,9,0.00042897516401515243,-9.450930610772617e-19
35,10,0.00042261521088238343,-3.5422541496877175e-19
35,11,0.00041566376225525266,3.851287703811469e-19
35,12,0.00040877594079177576,4.596839214503747e-19
35,13,0.00040155729762971767,1.6176044638874766e-19
35,14,0.0003945026915175591,-1.9225902402422831e-19
35,15,0.00038732576040296547,-5.582115142735237e-19
35,16,0.0003804170174217529,-2.387033904172564e-19
35,17,0.000373551836081632,-5.565712855404483e-20
35,18,0.0003670474242806731,-8.214203652374471e-20
35,19,0.0003607154104086858,-9.56071186489025e-20
35,20,0.00035481931360454254,1.8418454713912045e-20
35,21,0.00034919258812442043,4.215694102898842e-19
35,22,0.00034405878158346397,4.203682318041441e-19
35,23,0.0003392648598269934,2.238674046298848e-19
35,24,0.0003350046499788738,-4.0947556287982584e-21
35,25,0.00033113370079712574,-3.201424089097518e-19
35,26,0.00032782406130411136,-2.0679910366546455e-19
35,27,0.00032493672959815355,-1.9990632637964805e-19
35,28,0.0003226282284196539,-4.591990159135424e-19
35,29,0.00032076271438043875,-2.243811755677439e-19
35,30,0.00031948612977864097,-6.669405388806328e-20
35,31,0.0003186637581396484,-8.756128984723649e-20
35,32,0.0003184348795841709,-8.152703037952671e-20
35,33,0.0003186637581396484,-9.23971826412001e-20
35,34,0.00031948612977864097,-7.091884997262528e-20
35,35,0.00032076271438043875,-2.222385442634204e-19
35,36,0.0003226282284196539,-4.525318639594789e-19
35,37,0.00032493672959815355,-1.9549409178487363e-19
35,38,0.00032782406130411136,-2.0474208326952953e-19
35,39,0.00033113370079712574,-3.131514839293416e-19
35,40,0.0003350046499788738,-1.8063146349400585e-21
35,41,0.0003392648598269934,2.2120986114449576e-19
35,42,0.00034405878158346397,4.157158805780061e-19
35,43,0.0003491925881244204,4.1645274045911525e-19
35,44,0.00035481931360454254,2.3539351180465625e-20
35,45,0.0003607154104086858,-9.560301777079225e-20
35,46,0.00036704742428067305,-6.686842564084031e-20
35,47,0.000373551836081632,-5.95559058027567e-20
35,48,0.0003804170174217529,-2.387033904172564e-19
35,49,0.00038732576040296547,-5.63876896906625e-19
35,50,0.00039450269151755906,-1.7700972661622635e-19
35,51,0.00040155729762971767,1.618908973164048e-19
35,52,0.00040877594079177576,4.656518508641826e-19
35,53,0.0004156637622552527,3.8091182882167777e-19
35,54,0.00042261521088238343,-3.589020796698122e-19
35,55,0.00042897516401515243,-9.484261943700669e-19
35,56,0.00043533592653195366,-5.970375115508575e-19
35,57,0.00044076507363113106,-1.410563528603605e-20
35,58,0.00044624879633321264,1.1582363876892487e-19
35,59,0.0004502831079827791,-2.1739257387902805e-19
35,60,0.0004547725688347599,-4.213007565350408e-19
35,61,0.00045653208607186453,-1.0121980686914147e-18
35,62,0.00045754638032416504,-1.3490568852527525e-18
35,63,0.00042076428672720324,-1.1447285334620387e-18
36,0,0.000574809718092193,-1.603751006507611e-18
36,1,0.0005148005840001229,-1.4702731471301359e-18
36,2,0.000474544676146207,-1.2369966545025165e-18
36,3,0.000470894392338981,-9.699100393358055e-19
36,4,0.00046625033005407145,-7.15636961311477e-19
36,5,0.0004627476656941334,-4.956529855234948e-19
36,6,0.00045728844467158935,-3.344660307156314e-19
36,7,0.0004519723459111746,-2.1778752209565484e-19
36,8,0.0004454475232296375,-1.2984442438937495e-19
36,9,0.0004389050756927451,-7.838739436350771e-20
36,10,0.00043158948138367404,-4.837851000436965e-20
36,11,0.0004242961941268124,-4.938426486938851e-21
36,12,0.0004165477754100138,-4.305606999626887e-21
36,13,0.00040892677527748473,1.3796379393039042e-20
36,14,0.0004011008685874851,1.6875247897032643e-20
36,15,0.0003935200150461248,8.306113780917242e-21
36,16,0.0003859320648410959,3.4622471719019526e-20
36,17,0.0003786962453979532,4.888044377045177e-20
36,18,0.000371606216665666,5.472859006029156e-20
36,19,0.00036495574000231797,8.676356236393412e-20
36,20,0.00035856543485292524,9.073840447461692e-20
36,21,0.0003526807377420611,1.0828150586882134e-19
36,22,0.00034713873141245207,1.0006187122582469e-19
36,23,0.0003421490967610534,8.375620712687605e-20
36,24,0.000337559431325087,8.060158346714027e-20
36,25,0.0003335532751157882,7.701208237704582e-20
36,26,0.0003299851911370834,5.980438132083551e-20
36,27,0.0003270200699832621,6.185847635146738e-20
36,28,0.0003245170452137162,6.188843161862672e-20
36,29,0.0003226282284196562,7.120961066858066e-20
36,30,0.00032121535119676104,7.068164513027782e-20
36,31,0.00032042234936056733,6.824854152021103e-20
36,32,0.00032011155777839274,7.718587731854812e-20
36,33,0.0003204223493605674,7.386791571445363e-20
36,34,0.00032121535119676104,6.912815016361462e-20
36,35,0.00032262822841965617,6.685828810345811e-20
36,36,0.00032451704521371626,6.702148195149651e-20
36,37,0.00032702006998326216,6.000062787532621e-20
36,38,0.0003299851911370834,7.210978396643278e-20
36,39,0.0003335532751157882,8.714433891589326e-20
36,40,0.000337559431325087,8.304585405357485e-20
36,41,0.0003421490967610534,9.357434944374604e-20
36,42,0.00034713873141245207,1.1213956759729095e-19
36,43,0.0003526807377420611,1.0170993702083243e-19
36,44,0.00035856543485292524,1.044672530124479e-19
36,45,0.00036495574000231797,8.02092398753266e-20
36,46,0.000371606216665666,6.506298108699999e-20
36,47,0.00037869624539795324,6.570249508197978e-20
36,48,0.0003859320648410959,3.4622471719019526e-20
36,49,0.00039352001504612473,2.1775389458314157e-20
36,50,0.0004011008685874851,2.762353574815395e-20
36,51,0.00040892677527748473,5.4483994275212905e-21
36,52,0.0004165477754100138,9.423241538204091e-21
36,53,0.0004242961941268124,-1.3691238535797905e-20
36,54,0.00043158948138367404,-3.5463400334863364e-20
36,55,0.0004389050756927451,-7.209785516791521e-20
36,56,0.0004454475232296375,-1.2740015380294036e-19
36,57,0.0004519723459111746,-2.1090292601356435e-19
36,58,0.00045728844467158935,-3.213039754735655e-19
36,59,0.00046274766569413345,-5.004117884822916e-19
36,60,0.0004662503300540715,-7.105039109786072e-19
36,61,0.00047089439233898093,-9.767028691602895e-19
36,62,0.000474544676146207,-1.2381170133463382e-18
36,63,0.0005148005840001229,-1.4676537444061694e-18
37,0,0.00038931710367936455,3.3734728118463578e-19
37,1,0.0004495844076535674,5.035624669427585e-19
37,2,0.000487529562635096,2.2445372772871126e-19
37,3,0.0004859913158487088,4.1641715767587495e-19
37,4,0.0004835072167713498,8.513141444870902e-19
37,5,0.00047803222550819955,6.988742503956536e-19
37,6,0.00047290108216672635,3.606210127327217e-19
37,7,0.0004661588613899549,-5.104983135893145e-22
37,8,0.00045939578484051563,-1.22157697561727e-19
37,9,0.0004516127267384845,-3.083201937547306e-19
37,10,0.0004438042730602463,7.465114176795891e-20
37,11,0.0004353776093519693,5.602350555378657e-19
37,12,0.00042703429032255535,4.281934506651994e-19
37,13,0.0004183815207448033,4.433641038365761e-19
37,14,0.0004099479609237903,3.537142321986666e-19
37,15,0.0004014467926666371,-2.684576765879835e-19
37,16,0.00039329195993861,-1.6127932166699948e-20
37,17,0.000385255057588272,4.357998311624145e-19
37,18,0.0003776686559562449,5.259974569512422e-19
37,19,0.00037033762332700675,7.069494585841e-19
37,20,0.00036353505874080585,4.3033876970170297e-19
37,21,0.00035708564727683406,1.1357448384293203e-19
37,22,0.000351218780437514,-5.866029615815698e-20
37,23,0.00034577171126012483,1.7397828882079656e-19
37,24,0.00034094203588781204,2.428800122763526e-19
37,25,0.00033657554295834347,1.0706807713729485e-19
37,26,0.0003328472182268551,-1.7769557768147092e-19
37,27,0.0003296088950892334,-1.0322706042358342e-19
37,28,0.00032702006998326145,1.4453001800825173e-20
37,29,0.0003249367295981539,1.5883632286289506e-19
37,30,0.0003235084015004086,1.727865578727414e-19
37,31,0.0003225933959209259,-1.9195624404537621e-19
37,32,0.0003223355482776079,-3.2968349075635905e-19
37,33,0.00032259339592092596,-1.9439268159478494e-19
37,34,0.0003235084015004086,1.6346735552640163e-19
37,35,0.00032493672959815387,1.4875474634351605e-19
37,36,0.0003270200699832615,2.460998796689311e-20
37,37,0.0003296088950892334,-1.0072485181240596e-19
37,38,0.0003328472182268551,-1.5437501919789292e-19
37,39,0.00033657554295834347,1.1468598251299553e-19
37,40,0.00034094203588781204,2.440629669855862e-19
37,41,0.00034577171126012483,1.8245070857460726e-19
37,42,0.000351218780437514,-5.732012442799673e-20
37,43,0.00035708564727683406,1.0028062468542744e-19
37,44,0.00036353505874080585,4.451895829470211e-19
37,45,0.00037033762332700675,7.006693649832451e-19
37,46,0.0003776686559562449,5.356237268738343e-19
37,47,0.000385255057588272,4.352199832995607e-19
37,48,0.00039329195993861,-1.6127932166699948e-20
37,49,0.0004014467926666371,-2.689315809531634e-19
37,50,0.0004099479609237903,3.633671310784165e-19
37,51,0.0004183815207448033,4.358989154627239e-19
37,52,0.00042703429032255535,4.438912968577718e-19
37,53,0.0004353776093519693,5.472553528371338e-19
37,54,0.0004438042730602463,7.686497540253107e-20
37,55,0.0004516127267384845,-3.003601616416116e-19
37,56,0.00045939578484051563,-1.209747428524934e-19
37,57,0.0004661588613899549,5.925728808294557e-21
37,58,0.00047290108216672635,3.8476197520639635e-19
37,59,0.00047803222550819955,7.02756368444567e-19
37,60,0.00048350721677134983,8.623181636004124e-19
37,61,0.00048599131584870875,4.06673642982239e-19
37,62,0.000487529562635096,2.1510789642521379e-19
37,63,0.0004495844076535675,5.010200858956758e-19
38,0,0.0006196946511648589,2.987753157338159e-19
38,1,0.0005565344010501241,3.8028433571286366e-19
38,2,0.0005138598542352816,4.377551911426955e-19
38,3,0.0005093790089731087,4.2157188775800243e-19
38,4,0.0005036233130225474,3.889808674782092e-19
38,5,0.0004988638951405648,3.636469659758384e-19
38,6,0.0004918791080896506,3.1963853886291895e-19
38,7,0.0004849094746021507,2.4868428167579296e-19
38,8,0.000476571469108613,2.7546988644967053e-19
38,9,0.0004681520043162253,3.6128363209991046e-19
38,10,0.0004588914548526243,4.481370078632591e-19
38,11,0.00044965613325862516,5.01888214537975e-19
38,12,0.00043997150194460566,5.230704644955917e-19
38,13,0.0004304719946635251,4.833501356912693e-19
38,14,0.00042082660849955235,4.3119820153232363e-19
38,15,0.00041152157466565976,4.266795882995088e-19
38,16,0.00040230155958624993,4.1033664439242283e-19
38,17,0.0003935496894428591,3.6863763268811703e-19
38,18,0.0003850518937727402,2.831716782687857e-19
38,19,0.0003771167570697914,1.1664002674645431e-19
38,20,0.00036955384703510184,-3.8770770885212467e-20
38,21,0.00036261738327848347,-4.2081815758971476e-20
38,22,0.00035613160951986425,2.8482165898106273e-21
38,23,0.00035031146152307693,-6.302384291378959e-20
38,24,0.00034499126670882235,-1.1270343439874889e-19
38,25,0.000340358191914756,-9.573860394768478e-20
38,26,0.00033625410043488504,-7.403525085551015e-20
38,27,0.0003328472182268543,2.4793279467594916e-20
38,28,0.00032998519113708465,1.44667103331925e-19
38,29,0.00032782406130411223,1.998273646377314e-19
38,30,0.0003262156326016496,2.0043219107795434e-19
38,31,0.0003253089267076761,2.4740763056094203e-19
38,32,0.0003249580419653378,3.008768679181632e-19
38,33,0.0003253089267076761,2.481471959411928e-19
38,34,0.0003262156326016496,1.9380970233345703e-19
38,35,0.00032782406130411223,1.9795518968286715e-19
38,36,0.00032998519113708465,1.518116422470051e-19
38,37,0.0003328472182268543,2.483378707411825e-20
38,38,0.00033625410043488504,-5.983222150700757e-20
38,39,0.00034035819191475603,-9.01288972259272e-20
38,40,0.00034499126670882235,-1.1364016759624098e-19
38,41,0.00035031146152307693,-5.358046801737863e-20
38,42,0.00035613160951986425,4.821106892252353e-21
38,43,0.00036261738327848347,-3.212133327455396e-20
38,44,0.00036955384703510184,-1.8700371502312325e-20
38,45,0.0003771167570697914,1.3005128663646038e-19
38,46,0.0003850518937727402,2.982272827773202e-19
38,47,0.0003935496894428591,3.7910793696082146e-19
38,48,0.00040230155958624993,4.1033664439242283e-19
38,49,0.00041152157466565976,4.364002684684611e-19
38,50,0.00042082660849955235,4.458020041416114e-19
38,51,0.0004304719946635251,4.961107871163809e-19
38,52,0.00043997150194460566,5.439878968257462e-19
38,53,0.00044965613325862516,5.135717976398495e-19
38,54,0.0004588914548526243,4.500816127400812e-19
38,55,0.0004681520043162253,3.706570260804122e-19
38,56,0.000476571469108613,2.7453315325217844e-19
38,57,0.00048490947460215077,2.5436396931345973e-19
38,58,0.0004918791080896506,3.338698536370411e-19
38,59,0.0004988638951405648,3.6365843885941323e-19
38,60,0.0005036233130225474,3.969724393405436e-19
38,61,0.0005093790089731086,4.169621894790155e-19
38,62,0.0005138598542352816,4.307374713501907e-19
38,63,0.0005565344010501241,3.8007945930235804e-19
39,0,0.0004334600408206983,-7.869731303258075e-18
39,1,0.0004972398029545761,-3.1469068471428513e-18
39,2,0.0005369817077732822,1.771666967314773e-18
39,3,0.0005344984028720024,2.159361810474871e-18
39,4,0.0005307142133930154,1.2185831614505854e-18
39,5,0.000523494791166365,1.2718645686332166e-18
39,6,0.0005164229774781706,1.4334147189512708e-18
39,7,0.0005074717742598753,-1.3696159476971726e-19
39,8,0.0004983777683722647,1.0616956710301146e-19
39,9,0.0004881284212761151,9.210770117623156e-19
39,10,0.00047782393545408284,3.219544402604903e-19
39,11,0.0004668752424481753,-1.4471466861861837e-19
39,12,0.0004560613216187669,-3.8433986279523686e-19
39,13,0.00044499362743956935,-4.853919703058014e-19
39,14,0.00043425530109853145,-4.706426396512155e-19
39,15,0.0004235580843498675,2.756221798246132e-19
39,16,0.00041335195680063867,1.4997990255900611e-18
39,17,0.00040340041555191525,6.67282514343263e-19
39,18,0.0003940582747114802,-5.492033081620101e-19
39,19,0.0003851170722733799,-2.995748354043631e-19
39,20,0.00037686276673034615,6.375185596341353e-19
39,21,0.0003691036297687778,4.214434895898991e-19
39,22,0.00036207624343794533,3.8139979846142983e-19
39,23,0.00035560036615475525,-4.0467694566127956e-19
39,24,0.0003498779510157836,-9.494486039685818e-19
39,25,0.00034473772443717856,-2.9005218203829763e-19
39,26,0.00034035819191475646,1.6954560212578514e-20
39,27,0.000336575542958344,4.844559383665812e-19
39,28,0.0003335532751157912,5.491524419452886e-19
39,29,0.00033113370079712655,6.243197449187446e-19
39,30,0.0003294716596775662,9.571924087386664e-19
39,31,0.0003284139964925849,2.920012398494319e-19
39,32,0.0003281116730012923,-4.603207653968562e-19
39,33,0.0003284139964925849,2.9204691870960804e-19
39,34,0.0003294716596775662,9.483509425835929e-19
39,35,0.00033113370079712655,6.177618464720443e-19
39,36,0.0003335532751157912,5.477330672251795e-19
39,37,0.000336575542958344,5.0614678431532905e-19
39,38,0.00034035819191475646,3.072815829814949e-20
39,39,0.00034473772443717856,-2.860393934864741e-19
39,40,0.0003498779510157836,-9.488743825497062e-19
39,41,0.00035560036615475525,-4.1372627692209827e-19
39,42,0.0003620762434379453,3.9848963234060957e-19
39,43,0.0003691036297687778,4.175593562658022e-19
39,44,0.00037686276673034615,6.564899725144159e-19
39,45,0.0003851170722733799,-2.8771296369634947e-19
39,46,0.0003940582747114802,-5.329001635393679e-19
39,47,0.00040340041555191525,6.681281788578243e-19
39,48,0.00041335195680063867,1.4997990255900611e-18
39,49,0.0004235580843498675,2.7425922681726764e-19
39,50,0.00043425530109853145,-4.543356180695285e-19
39,51,0.00044499362743956935,-4.757576884332576e-19
39,52,0.0004560613216187669,-3.653684499149563e-19
39,53,0.0004668752424481753,-1.4776265096499071e-19
39,54,0.0004778239354540828,3.407422169932234e-19
39,55,0.0004881284212761151,9.099181884773946e-19
39,56,0.0004983777683722647,1.0674378852188703e-19
39,57,0.0005074717742598753,-1.3338041303555428e-19
39,58,0.0005164229774781706,1.4488785059723056e-18
39,59,0.000523494791166365,1.296107395393257e-18
39,60,0.0005307142133930156,1.2171637867304761e-18
39,61,0.0005344984028720024,2.1533374359691315e-18
39,62,0.0005369817077732823,1.7628216242006547e-18
39,63,0.0004972398029545761,-3.1463466166552773e-18
40,0,0.0006899870795469727,-5.3450284169119564e-20
40,1,0.0006220152261500346,-5.365708802033106e-20
40,2,0.0005755731771538244,-5.609910984540995e-20
40,3,0.0005696712274928521,-4.799466495774609e-20
40,4,0.0005620166904778951,-4.9362015802017425e-20
40,5,0.0005550989236335806,-5.560980571268678e-20
40,6,0.0005455219985286532,-5.878567307967453e-20
40,7,0.0005357534801203163,-5.226061431558855e-20
40,8,0.0005243745416718124,-5.502405833819633e-20
40,9,0.0005128285310053194,-4.6234724020375457e-20
40,10,0.0005003586499744442,-4.275770242615403e-20
40,11,0.0004879453073043476,-2.6112631142626735e-20
40,12,0.00047512261161190985,-3.573799424851312e-20
40,13,0.00046260566986796263,-3.840737713699384e-20
40,14,0.0004500655624893377,-3.3361327134894426e-20
40,15,0.0004380420505220739,-2.4469526621850777e-20
40,16,0.0004262723740376767,-1.9341804065350747e-20
40,17,0.0004151725489384723,-2.0199286603786195e-20
40,18,0.000404513034761832,-1.2053396588186337e-20
40,19,0.00039462101713118146,-1.9195544751099878e-20
40,20,0.0003852855234765914,-1.0398500228319609e-20
40,21,0.00037677054647658123,3.682500595114245e-21
40,22,0.00036887765507754645,-2.8814985608907026e-21
40,23,0.00036182692862881077,5.3376260977038755e-21
40,24,0.00035543015036535727,2.3965858547094432e-20
40,25,0.00034987795101578507,1.3573395380081554e-20
40,26,0.00034499126670882316,1.9504572054903388e-20
40,27,0.000340942035887811,1.7539313586436628e-20
40,28,0.0003375594313250879,1.0838364268679538e-20
40,29,0.00033500464997887364,3.5897838842320164e-20
40,30,0.0003331138559244679,4.9677287963823275e-20
40,31,0.00033204338323488265,4.830746707795705e-20
40,32,0.00033163461153577404,4.8052573284898325e-20
40,33,0.0003320433832348827,4.459873386116778e-20
40,34,0.0003331138559244679,4.215671203608889e-20
40,35,0.0003350046499788736,3.3320497978666744e-20
40,36,0.0003375594313250879,3.195314713439541e-20
40,37,0.00034094203588781106,3.9257884379794856e-20
40,38,0.0003449912667088232,3.608201701280711e-20
40,39,0.00034987795101578507,2.9054548620824285e-20
40,40,0.00035543015036535727,2.835541892342083e-20
40,41,0.00036182692862881077,1.5644020781630655e-20
40,42,0.0003688776550775464,8.18958883885946e-21
40,43,0.00037677054647658123,-7.756105222372142e-21
40,44,0.0003852855234765914,-3.0559925870350503e-22
40,45,0.00039462101713118146,3.0658530346723515e-21
40,46,0.000404513034761832,-5.151022403668319e-21
40,47,0.0004151725489384723,-1.4182248485649964e-20
40,48,0.0004262723740376767,-1.9341804065350747e-20
40,49,0.0004380420505220739,-2.0199286603786195e-20
40,50,0.0004500655624893377,-2.5605923744255143e-20
40,51,0.00046260566986796263,-1.9195544751099878e-20
40,52,0.00047512261161190985,-2.3951027384388414e-20
40,53,0.0004879453073043476,-3.6975080873092174e-20
40,54,0.0005003586499744442,-2.9986552873028316e-20
40,55,0.0005128285310053194,-3.531995537050254e-20
40,56,0.0005243745416718124,-5.063449796186994e-20
40,57,0.0005357534801203163,-3.738783504079195e-20
40,58,0.0005455219985286532,-4.0520158486129155e-20
40,59,0.0005550989236335806,-3.44673910063495e-20
40,60,0.0005620166904778951,-2.6553167041792954e-20
40,61,0.0005696712274928521,-5.429870399955564e-20
40,62,0.0005755731771538244,-6.2778649084757e-20
40,63,0.0006220152261500347,-5.985418787332018e-20
41,0,0.0005013329088315448,1.5273360256905651e-18
41,1,0.0005702060502614755,7.813557096338663e-19
41,2,0.0006124278054803127,6.909014646034579e-19
41,3,0.000608318625108077,5.272351526458715e-19
41,4,0.0006023134492401424,-1.7954562057566293e-19
41,5,0.0005921651860031316,-4.438170724737033e-19
41,6,0.0005818404624423658,-1.066803778454753e-18
41,7,0.0005692272028386728,-1.9127898206547726e-18
41,8,0.0005562955026804854,-1.2196110764895547e-18
41,9,0.0005420296189136405,9.481730595039966e-20
41,10,0.0005276974971347041,2.342460662087633e-19
41,11,0.0005127248130802304,5.542547166597662e-19
41,12,0.0004980095161588418,6.197528137752815e-19
41,13,0.00048317147377042004,6.525112967137277e-19
41,14,0.0004688730105433677,7.106458565773732e-19
41,15,0.0004548209496107522,8.5329776765975e-19
41,16,0.0004415137150270096,1.3190934118705773e-18
41,17,0.0004286976498798844,-2.6769459554058466e-19
41,18,0.0004167544208257389,-2.056026383342238e-18
41,19,0.0004054502597559202,-1.8444570996661696e-18
41,20,0.0003950844327501207,-1.4755060298747425e-18
41,21,0.00038543607751202963,-7.013150884390106e-19
41,22,0.00037674777508636464,9.626871631665507e-19
41,23,0.00036880972307706643,5.486879240662241e-19
41,24,0.00036182692862881137,-6.864364110036512e-20
41,25,0.000355600366154755,1.0994726346970772e-18
41,26,0.00035031146152307666,1.1744986550036126e-18
41,27,0.0003457717112601245,-2.347850921591886e-20
41,28,0.00034214909676105504,-1.9378140284746932e-19
41,29,0.00033926485982699404,1.0769214057171961e-18
41,30,0.00033728087102820017,1.7184306575099755e-18
41,31,0.00033602667318713354,4.550774871738884e-19
41,32,0.0003356633769446551,-7.630425909612135e-19
41,33,0.0003360266731871336,4.39154398943129e-19
41,34,0.00033728087102820017,1.7208935284646871e-18
41,35,0.00033926485982699404,1.055783711732555e-18
41,36,0.00034214909676105504,-1.9309814773173174e-19
41,37,0.0003457717112601245,-2.368873063557032e-20
41,38,0.00035031146152307666,1.1964682566087376e-18
41,39,0.0003556003661547549,1.1229762623046398e-18
41,40,0.00036182692862881137,-6.364370054901387e-20
41,41,0.00036880972307706643,5.57316548733352e-19
41,42,0.00037674777508636464,9.728567866870345e-19
41,43,0.0003854360775120297,-7.103260090744552e-19
41,44,0.0003950844327501207,-1.45995876896705e-18
41,45,0.00040545025975592024,-1.8486019047718524e-18
41,46,0.0004167544208257389,-2.0308655632773327e-18
41,47,0.0004286976498798844,-2.492745829506407e-19
41,48,0.0004415137150270096,1.3190934118705773e-18
41,49,0.0004548209496107522,8.70717685569195e-19
41,50,0.0004688730105433677,7.3579421080793575e-19
41,51,0.0004831714737704201,6.492078970504908e-19
41,52,0.0004980095161588418,6.386882064719911e-19
41,53,0.0005127248130802304,5.455174099193195e-19
41,54,0.0005276974971347041,2.4440322389490407e-19
41,55,0.0005420296189136405,1.0145452791595353e-19
41,56,0.0005562955026804854,-1.2146111359382034e-18
41,57,0.0005692272028386728,-1.8906829221346532e-18
41,58,0.0005818404624423658,-1.044821711015285e-18
41,59,0.0005921651860031316,-4.409127759993354e-19
41,60,0.0006023134492401424,-1.7547423367090814e-19
41,61,0.000608318625108077,5.086441850078017e-19
41,62,0.0006124278054803127,6.933768013925122e-19
41,63,0.0005702060502614755,7.638916172418429e-19
42,0,0.0007952431726704395,-4.403693738404924e-19
42,1,0.0007202975395978662,-6.061489510558472e-19
42,2,0.0006682342014864934,-7.602445816578233e-19
42,3,0.0006599434358613198,-7.037646347833193e-19
42,4,0.0006491063714336548,-6.061774540147323e-19
42,5,0.0006385538849214404,-4.1065110705985446e-19
42,6,0.0006246709528895656,-2.784844612179643e-19
42,7,0.0006102813390307599,-2.0820375153933362e-19
42,8,0.0005939436214612773,-1.5633983030348896e-19
42,9,0.0005773490968352304,-5.770023639101336e-20
42,10,0.0005597631772916796,3.57701668999462e-20
42,11,0.0005423422112932484,1.101103389413888e-19
42,12,0.0005246394535020297,1.7085856148529355e-19
42,13,0.0005074875325876391,3.1075465955944363e-19
42,14,0.000490558376586984,2.549562824637443e-19
42,15,0.00047446340739021905,8.050594279865584e-20
42,16,0.00045892214832704006,8.006939278496688e-20
42,17,0.0004443896147674507,1.9429718409946663e-19
42,18,0.0004306055395427007,3.019347341990693e-19
42,19,0.00041791539818453,2.7032325455912606e-19
42,20,0.0004060709174949545,1.2227088062396598e-19
42,21,0.00039534302616795185,3.6582289090416105e-20
42,22,0.00038549458617518663,2.7304772704633963e-21
42,23,0.000376747775086367,-1.846837135437034e-20
42,24,0.0003688776550775458,1.4606731008160532e-19
42,25,0.0003620762434379467,1.9851153767190246e-19
42,26,0.0003561316095198665,1.2743029489793405e-19
42,27,0.000351218780437514,1.1358192832945228e-19
42,28,0.00034713873141245164,1.0675056347750492e-19
42,29,0.00034405878158346587,1.0191984042597121e-19
42,30,0.00034179176185917734,1.846212310595292e-19
42,31,0.0003405038881959997,2.7651417489256483e-19
42,32,0.00034001795761773665,3.0567194216284637e-19
42,33,0.00034050388819599974,2.7645937998313374e-19
42,34,0.00034179176185917734,1.7826792389994146e-19
42,35,0.0003440587815834658,1.09386994580809e-19
42,36,0.00034713873141245164,1.2565901241298318e-19
42,37,0.000351218780437514,1.0434492487076014e-19
42,38,0.0003561316095198665,1.4164388062016866e-19
42,39,0.00036207624343794663,2.1192459029879935e-19
42,40,0.0003688776550775458,1.4465383666294386e-19
42,41,0.00037674777508636697,-1.2180527065084174e-21
42,42,0.00038549458617518663,-6.6498470291535934e-21
42,43,0.0003953430261679518,1.918568872544197e-20
42,44,0.0004060709174949545,1.5499836269905125e-19
42,45,0.00041791539818453,2.8953415520916507e-19
42,46,0.0004306055395427007,3.217505744290022e-19
42,47,0.0004443896147674507,2.3456059360432484e-19
42,48,0.00045892214832704006,8.006939278496688e-20
42,49,0.00047446340739021905,1.129820211630538e-19
42,50,0.000490558376586984,2.748296798869317e-19
42,51,0.0005074875325876391,3.245333631834013e-19
42,52,0.0005246394535020297,2.0358604356037882e-19
42,53,0.0005423422112932484,9.079239771469133e-20
42,54,0.0005597631772916796,2.983553158260101e-20
42,55,0.0005773490968352305,-4.557342566650795e-20
42,56,0.0005939436214612773,-1.5775330372215041e-19
42,57,0.0006102813390307599,-2.0321971814514905e-19
42,58,0.0006246709528895656,-2.6094030089996713e-19
42,59,0.0006385538849214404,-4.247430332348577e-19
42,60,0.0006491063714336548,-5.87269005079254e-19
42,61,0.0006599434358613198,-7.044178107584689e-19
42,62,0.0006682342014864934,-7.666554460106656e-19
42,63,0.0007202975395978663,-6.170511396644127e-19
43,0,0.0006035699942240872,-1.1415790207011159e-18
43,1,0.0006795452648453875,-1.3629449636513002e-18
43,2,0.0007249565413414666,-1.165160303092603e-18
43,3,0.0007180368136846786,-6.480622545789036e-19
43,4,0.0007082259583887913,-3.7950658277779307e-19
43,5,0.0006931593046682553,6.609754482570865e-20
43,6,0.0006773931345128914,-1.4286987253302046e-19
43,7,0.0006587401357846356,-5.422261428771044e-19
43,8,0.0006395416773768552,-1.0529425466593083e-20
43,9,0.0006188107958030794,6.652312629712793e-19
43,10,0.0005980776403898626,5.432430020530683e-19
43,11,0.0005768045078056057,3.327865407669862e-19
43,12,0.0005560652968240965,2.2107642027681494e-19
43,13,0.0005354922410439099,-4.7551143050080417e-20
43,14,0.0005158547857454244,-1.819760037893015e-19
43,15,0.0004968439211366487,-2.0910487113073494e-20
43,16,0.0004790154406559109,6.008489968120769e-19
43,17,0.0004620790522640275,7.919068541636398e-19
43,18,0.0004464419778480107,1.7145768767468306e-19
43,19,0.0004318227166237515,-6.191545507892774e-20
43,20,0.00041852851363837634,-1.76218675436761e-19
43,21,0.0004062876628442615,-1.3041409893728902e-19
43,22,0.000395343026167952,-2.5467822157058813e-19
43,23,0.0003854360775120315,-6.066006468684313e-19
43,24,0.00037677054647657895,-3.592077878723671e-19
43,25,0.000369103629768778,2.9334822877670697e-19
43,26,0.00036261738327848276,4.631762286395509e-19
43,27,0.0003570856472768335,4.95532802390137e-19
43,28,0.0003526807377420597,2.798043373321489e-19
43,29,0.00034919258812442146,-3.4597247275989904e-22
43,30,0.00034679199419176406,2.0993288531924095e-19
43,31,0.0003452833204541783,2.189008659824583e-19
43,32,0.00034484166751811915,7.070415342895972e-20
43,33,0.0003452833204541784,1.752668685625092e-19
43,34,0.00034679199419176406,1.9686867609231207e-19
43,35,0.00034919258812442136,-4.3172146656353184e-21
43,36,0.0003526807377420597,2.710147207135096e-19
43,37,0.0003570856472768335,4.862258866638416e-19
43,38,0.00036261738327848276,4.805463766461446e-19
43,39,0.00036910362976877795,3.3868812226736796e-19
43,40,0.00037677054647657895,-3.513443647109483e-19
43,41,0.0003854360775120315,-5.932366946690797e-19
43,42,0.000395343026167952,-2.4283710228237754e-19
43,43,0.00040628766284426143,-1.6258903478187536e-19
43,44,0.0004185285136383764,-1.4322103394515236e-19
43,45,0.0004318227166237515,-7.581922668990819e-20
43,46,0.00044644197784801063,2.013236386242808e-19
43,47,0.0004620790522640275,7.923940538411299e-19
43,48,0.0004790154406559109,6.008489968120769e-19
43,49,0.0004968439211366486,-2.1244775200488538e-20
43,50,0.0005158547857454244,-1.5380296407096827e-19
43,51,0.0005354922410439099,-6.191545507892774e-20
43,52,0.0005560652968240965,2.574621935574408e-19
43,53,0.0005768045078056057,3.0326677005691275e-19
43,54,0.0005980776403898626,5.584734077935402e-19
43,55,0.0006188107958030794,6.673369058020364e-19
43,56,0.0006395416773768552,-2.6660023051742515e-21
43,57,0.0006587401357846355,-5.059567307519524e-19
43,58,0.0006773931345128914,-1.2211274740065365e-19
43,59,0.0006931593046682553,6.091172754293476e-20
43,60,0.0007082259583887913,-3.849080676074152e-19
43,61,0.0007180368136846787,-6.515729563539121e-19
43,62,0.0007249565413414666,-1.1799197328772844e-18
43,63,0.0006795452648453876,-1.4057574733063442e-18
44,0,0.0009516884850624518,7.342048201999067e-20
44,1,0.0008667707627158714,7.368674783655743e-20
44,2,0.0008063375942169407,5.322397998719157e-20
44,3,0.0007939563478425244,4.9925560845989274e-20
44,4,0.0007776956575295602,-1.5961987188378125e-20
44,5,0.0007609329942439757,-7.310715842015093e-20
44,6,0.0007398142189728567,-1.0562696426951322e-19
44,7,0.0007177310638810763,-1.1957698347508197e-19
44,8,0.0006932685527781935,-1.589945430030185e-19
44,9,0.0006685132824184964,-1.5818606761634537e-19
44,10,0.0006427945506541918,-1.719181113111226e-19
44,11,0.0006175354597927434,-1.810617685516232e-19
44,12,0.0005923232193763811,-1.691311274053128e-19
44,13,0.0005681530486383425,-1.4307705830159604e-19
44,14,0.000544687944789855,-1.224014712096052e-19
44,15,0.0005226252924911171,-1.3579306299025538e-19
44,16,0.0005016421697379911,-1.0279371550252495e-19
44,17,0.00048223014664997075,-1.0757830287586285e-19
44,18,0.00046406782084318246,-9.077162104603949e-20
44,19,0.0004475098571114634,-7.204718355862997e-20
44,20,0.00043224074937426806,-4.984330507855013e-20
44,21,0.0004185285136383731,2.1760531672330712e-20
44,22,0.0004060709174949542,9.766094307151886e-20
44,23,0.0003950844327501216,1.2436850533415652e-19
44,24,0.00038528552347658876,2.2240251426736655e-19
44,25,0.0003768627667303469,2.323681277814139e-19
44,26,0.0003695538470351043,2.0179075656911958e-19
44,27,0.0003635350587408096,8.993466070785772e-20
44,28,0.0003585654348529246,3.4755612020953327e-20
44,29,0.0003548193136045432,-2.8998990019792805e-20
44,30,0.00035207558723474166,-1.2905592218297182e-19
44,31,0.00035051368010493536,-2.0408840516898326e-19
44,32,0.0003499298420514676,-1.9776318861431206e-19
44,33,0.0003505136801049354,-1.8719939991776708e-19
44,34,0.00035207558723474166,-1.2973513661973732e-19
44,35,0.0003548193136045432,-7.204718355862997e-20
44,36,0.0003585654348529246,3.8248121435897096e-20
44,37,0.00036353505874080964,1.4373327607694996e-19
44,38,0.0003695538470351043,2.060811603200693e-19
44,39,0.0003768627667303469,2.32788722582707e-19
44,40,0.00038528552347658876,2.146724577718297e-19
44,41,0.0003950844327501216,1.5601933664362525e-19
44,42,0.0004060709174949542,9.613775612504159e-20
44,43,0.00041852851363837303,3.501289980248398e-20
44,44,0.00043224074937426806,-1.5258777477217494e-20
44,45,0.0004475098571114634,-4.8691058381345463e-20
44,46,0.00046406782084318246,-8.46044575078454e-20
44,47,0.0004822301466499708,-7.825681873132535e-20
44,48,0.0005016421697379911,-1.0279371550252495e-19
44,49,0.0005226252924911171,-1.0757830287586285e-19
44,50,0.000544687944789855,-1.1787667535817711e-19
44,51,0.0005681530486383425,-1.262572921829052e-19
44,52,0.0005923232193763811,-1.3115846801496297e-19
44,53,0.0006175354597927433,-1.6797484851263256e-19
44,54,0.0006427945506541916,-1.7338960004985725e-19
44,55,0.0006685132824184964,-1.4668203778721958e-19
44,56,0.0006932685527781935,-1.6672459949855535e-19
44,57,0.0007177310638810763,-1.396671686616524e-19
44,58,0.0007398142189728567,-1.0138825872630611e-19
44,59,0.0007609329942439757,-1.914309495989607e-20
44,60,0.0007776956575295602,-9.081345984417154e-21
44,61,0.0007939563478425244,-1.3880079032302435e-22
44,62,0.0008063375942169407,5.079900144817486e-20
44,63,0.0008667707627158715,8.829434532890138e-20
45,0,0.0007585285464064094,3.9205143420789724e-19
45,1,0.0008442607579664365,2.1698025048638388e-19
45,2,0.0008934870858305448,3.3342696031441025e-19
45,3,0.0008815653232291112,7.193728308257169e-19
45,4,0.0008650539987120583,4.420930822557182e-19
45,5,0.0008415209182777634,-1.1749536829693285e-19
45,6,0.000816455477397853,-5.468391347643225e-19
45,7,0.0007876622408851449,-4.2634525865151685e-19
45,8,0.0007580877837727878,4.2744502113778696e-19
45,9,0.0007268489352616008,7.390418191626562e-19
45,10,0.0006958864732434136,4.580126454268425e-19
45,11,0.0006647356754461233,1.2891307332292734e-19
45,12,0.0006347219304861729,-2.4892502997372305e-22
45,13,0.0006054853980011482,1.862418237017543e-19
45,14,0.0005779273462985264,3.104010479996843e-19
45,15,0.0005516921108864975,2.669498463682217e-19
45,16,0.0005273893711030399,3.1005063170573213e-19
45,17,0.0005046504899347009,4.897248595022686e-19
45,18,0.0004838934147739755,4.316827821959091e-19
45,19,0.0004647468969162014,4.212172333922032e-19
45,20,0.0004475098571114645,2.455814384927206e-19
45,21,0.00043182271662375144,2.890804463851313e-19
45,22,0.0004179153981845329,2.595362310217714e-19
45,23,0.00040545025975591916,-2.0950482415441597e-19
45,24,0.0003946210171311802,-1.1193186990317966e-19
45,25,0.0003851170722733806,2.1691071358567773e-19
45,26,0.0003771167570697906,3.3826471106413764e-19
45,27,0.00037033762332700697,5.840582589156362e-19
45,28,0.0003649557400023156,3.9251510668334433e-19
45,29,0.0003607154104086849,4.66278193340905e-19
45,30,0.00035779893228850534,7.018965597014471e-19
45,31,0.00035597461241151186,8.475537105939919e-19
45,32,0.0003554368777861841,9.556449557679918e-19
45,33,0.0003559746124115119,8.336202360875145e-19
45,34,0.0003577989322885054,7.128977206843368e-19
45,35,0.00036071541040868485,4.618748148604096e-19
45,36,0.00036495574000231564,4.014355007875119e-19
45,37,0.0003703376233270071,5.87236043818645e-19
45,38,0.0003771167570697906,3.7473271184835626e-19
45,39,0.0003851170722733806,2.512810991519234e-19
45,40,0.0003946210171311802,-1.070995235966803e-19
45,41,0.00040545025975591916,-2.0189931123513642e-19
45,42,0.0004179153981845329,2.3723145740580523e-19
45,43,0.00043182271662375144,2.598857647810825e-19
45,44,0.0004475098571114645,2.7457136751831407e-19
45,45,0.0004647468969162014,3.9903245315890323e-19
45,46,0.0004838934147739755,4.445330869037938e-19
45,47,0.0005046504899347009,4.9632293039556335e-19
45,48,0.0005273893711030399,3.1005063170573213e-19
45,49,0.0005516921108864975,2.728844250051677e-19
45,50,0.0005779273462985264,3.2326256494735865e-19
45,51,0.0006054853980011482,1.501666902708271e-19
45,52,0.0006347219304861729,2.874100399561973e-20
45,53,0.0006647356754461233,9.934506620016804e-20
45,54,0.0006958864732434136,4.492716112067347e-19
45,55,0.0007268489352616008,7.391720767704004e-19
45,56,0.0007580877837727878,4.3227736744428632e-19
45,57,0.0007876622408851449,-3.980521449298047e-19
45,58,0.000816455477397853,-4.968298190638246e-19
45,59,0.0008415209182777635,-1.1394425787521367e-19
45,60,0.0008650539987120583,4.510134763598858e-19
45,61,0.0008815653232291112,7.017547512307112e-19
45,62,0.0008934870858305448,3.4441690905751027e-19
45,63,0.0008442607579664365,2.037102682362553e-19
46,0,0.0011874293068151725,3.1457379459713496e-19
46,1,0.0010881132065803415,7.531500920626134e-19
46,2,0.0010149121244582531,1.1706934883375595e-18
46,3,0.0009952483259982308,9.913592509390348e-19
46,4,0.0009694029191957795,6.169176699543184e-19
46,5,0.0009416790270054672,4.589883790651725e-19
46,6,0.00090804203799213,3.322031973962897e-19
46,7,0.0008728286940236242,2.389199313467807e-19
46,8,0.0008347790388729738,1.4833228670708393e-19
46,9,0.0007966226585495897,1.4407307034811517e-19
46,10,0.0007578305600859553,1.489947258833806e-19
46,11,0.0007202233050137069,1.8271901116157175e-19
46,12,0.0006834322885926773,1.8519600380115515e-20
46,13,0.0006486603994522914,-6.825379830306023e-21
46,14,0.0006155248442208617,1.8107135889809854e-20
46,15,0.0005848053476996481,1.0307516275384276e-20
46,16,0.0005560787746319106,5.133756700518599e-20
46,17,0.000529849679914127,2.131362563489795e-20
46,18,0.0005056754523872263,2.889307543876263e-20
46,19,0.00048389341477397655,1.7820762157490633e-19
46,20,0.00046406782084318224,8.836911086763493e-20
46,21,0.0004464419778480079,1.1754982914902005e-20
46,22,0.00043060553954270264,6.942545650638372e-21
46,23,0.00041675442082573665,4.918455116181738e-20
46,24,0.0004045130347618306,1.4833228670708393e-19
46,25,0.00039405827471147755,1.4149256968930945e-19
46,26,0.00038505189377273786,1.2261967712852202e-19
46,27,0.00037766865595624326,1.3153302725115394e-19
46,28,0.0003716062166656638,1.729464610368668e-19
46,29,0.0003670474242806722,1.6161858976861992e-19
46,30,0.000363722441068918,1.9313063259935453e-19
46,31,0.000361828854039049,8.274961733166196e-20
46,32,0.0003611252189101584,3.8971238697993224e-20
46,33,0.000361828854039049,8.568812962622478e-20
46,34,0.00036372244106891807,1.4747768805436468e-19
46,35,0.00036704742428067213,1.5110256726276872e-19
46,36,0.0003716062166656638,1.9678932811618537e-19
46,37,0.00037766865595624326,1.6083278163165886e-19
46,38,0.00038505189377273786,1.4246781721132643e-19
46,39,0.0003940582747114775,1.5760476841036782e-19
46,40,0.0004045130347618306,1.4211847060157974e-19
46,41,0.00041675442082573654,6.127531721561328e-20
46,42,0.00043060553954270264,1.3985227900842113e-20
46,43,0.0004464419778480079,-1.1064987477767881e-20
46,44,0.00046406782084318224,1.5144235777711993e-19
46,45,0.00048389341477397655,1.654708205958212e-19
46,46,0.0005056754523872263,3.969607875390452e-20
46,47,0.000529849679914127,2.886031933290347e-20
46,48,0.0005560787746319106,5.133756700518599e-20
46,49,0.0005848053476996481,2.131362563489795e-20
46,50,0.0006155248442208617,2.889307543876263e-20
46,51,0.0006486603994522914,-3.863281292219456e-20
46,52,0.0006834322885926773,8.836911086763493e-20
46,53,0.0007202233050137069,1.7438530878772767e-19
46,54,0.0007578305600859553,1.6957287152346404e-19
46,55,0.0007966226585495898,1.304997140982302e-19
46,56,0.0008347790388729738,1.4211847060157974e-19
46,57,0.0008728286940236243,2.264861437472447e-19
46,58,0.00090804203799213,3.65620928401352e-19
46,59,0.0009416790270054672,5.009069197389894e-19
46,60,0.0009694029191957795,6.475368006116713e-19
46,61,0.0009952483259982308,9.592562790777806e-19
46,62,0.0010149121244582531,1.1250576075587587e-18
46,63,0.0010881132065803415,7.560173204846853e-19
47,0,0.0009989252493289844,-1.042312506889497e-17
47,1,0.0010980285738752577,-4.2400267031705275e-18
47,2,0.001151252428777102,1.4731446786590243e-18
47,3,0.0011300185341999087,2.6351017154376297e-18
47,4,0.0011011994795470706,1.4388593161254064e-18
47,5,0.0010625018864224662,-5.093788569659102e-19
47,6,0.0010209791958124468,-1.4313178990909488e-18
47,7,0.0009746356446967512,-1.689918579461321e-18
47,8,0.0009274435195741032,-1.2071845542452793e-19
47,9,0.0008787791875188245,1.076028931116314e-18
47,10,0.0008312263800671954,1.3674339644849932e-18
47,11,0.0007844383161394547,1.1209951605984021e-18
47,12,0.0007400774728925812,-2.9727247995571216e-19
47,13,0.0006977518540746644,-2.4041457498305467e-19
47,14,0.0006584937670912357,1.5511340058137274e-19
47,15,0.0006218203354885056,2.032603653835222e-18
47,16,0.000588358175183524,2.6998545343454712e-18
47,17,0.0005575727347996195,-6.418307432342599e-19
47,18,0.0005298496799141248,-2.870440274861028e-18
47,19,0.000504650489934703,-1.8643373003772137e-18
47,20,0.0004822301466499714,-3.636267956317448e-19
47,21,0.0004620790522640287,3.444303538664245e-19
47,22,0.0004443896147674549,-2.9290561798116917e-19
47,23,0.00042869764987988625,-2.110046921299454e-18
47,24,0.0004151725489384738,-1.0414924037358796e-18
47,25,0.0004034004155519157,2.201217530027023e-18
47,26,0.0003935496894428611,3.0880851342206295e-18
47,27,0.0003852550575882728,6.579765428888727e-19
47,28,0.0003786962453979542,-1.6931290505542905e-18
47,29,0.00037355183608163114,-1.4517614315802037e-18
47,30,0.0003700200788304939,3.6579603221978303e-19
47,31,0.00036781791248989874,3.970238658340468e-19
47,32,0.0003671672069380995,-7.252466839962027e-19
47,33,0.00036781791248989874,3.6783252989286596e-19
47,34,0.0003700200788304938,3.2117987039317584e-19
47,35,0.0003735518360816311,-1.3764463227587367e-18
47,36,0.0003786962453979542,-1.6782219297704189e-18
47,37,0.00038525505758827284,6.832435327681446e-19
47,38,0.0003935496894428611,3.095226171036032e-18
47,39,0.0004034004155519157,2.213209241486495e-18
47,40,0.0004151725489384738,-1.0256896455031111e-18
47,41,0.00042869764987988614,-2.138059456756059e-18
47,42,0.0004443896147674547,-2.8604355452391143e-19
47,43,0.0004620790522640287,3.275230870688365e-19
47,44,0.00048223014664997146,-2.8090331259102056e-19
47,45,0.000504650489934703,-1.847500047701504e-18
47,46,0.0005298496799141247,-2.8599870616170586e-18
47,47,0.0005575727347996195,-6.526808915500839e-19
47,48,0.000588358175183524,2.6998545343454712e-18
47,49,0.0006218203354885056,2.014464579355226e-18
47,50,0.0006584937670912358,1.6532580809838458e-19
47,51,0.0006977518540746644,-2.3803404164895705e-19
47,52,0.0007400774728925812,-2.0099646975891912e-19
47,53,0.0007844383161394547,1.1033718746062776e-18
47,54,0.0008312263800671954,1.3876077493713627e-18
47,55,0.0008787791875188244,1.0341393789085088e-18
47,56,0.0009274435195741032,-1.0491569719175948e-19
47,57,0.0009746356446967512,-1.6911549055627866e-18
47,58,0.001020979195812447,-1.4103835293925205e-18
47,59,0.0010625018864224662,-4.833958478921017e-19
47,60,0.0011011994795470706,1.4673189640653468e-18
47,61,0.0011300185341999087,2.6977684892885712e-18
47,62,0.0011512524287771021,1.4287693225593745e-18
47,63,0.0010980285738752577,-4.275481640103605e-18
48,0,0.001553158701461531,0.0
48,1,0.0014324512798989974,4.2845966049440165e-21
48,2,0.0013388382120747828,1.3263040921725454e-20
48,3,0.0013054841473098256,5.44380826848533e-20
48,4,0.001261821243572482,2.710505431213761e-20
48,5,0.0012138598213154595,2.074205793734085e-20
48,6,0.0011576715101722101,-6.043818774749796e-20
48,7,0.0010992615511260656,1.4253963876077137e-20
48,8,0.0010378234728495154,-5.7234644013691345e-21
48,9,0.0009771524804609297,1.1621211574044175e-20
48,10,0.0009169834182846177,-3.398552043136647e-20
48,11,0.0008597018833989506,3.0965837601222606e-20
48,12,0.0008049503369517353,-2.771788413244259e-20
48,13,0.0007541496017871509,3.720467004808189e-20
48,14,0.0007067585675787371,-4.01844045063866e-20
48,15,0.0006635818810719138,-5.5593181817948e-20
48,16,0.0006239659187963101,0.0
48,17,0.0005883581751835223,-5.8797987621075876e-21
48,18,0.000556078774631911,-5.449959485861857e-20
48,19,0.0005273893711030409,2.2797406057808543e-22
48,20,0.0005016421697379886,-5.421010862427522e-20
48,21,0.0004790154406559133,2.074205793734085e-20
48,22,0.00045892214832704044,-4.688566059142915e-20
48,23,0.0004415137150270076,-3.995614474819808e-20
48,24,0.00042627237403767724,-5.7234644013691345e-21
48,25,0.0004133519568006358,-3.1977115830769573e-21
48,26,0.00040230155958624923,-3.131815595937022e-20
48,27,0.0003932919599386102,-1.9356414247539524e-20
48,28,0.00038593206484109974,-2.377892993179053e-20
48,29,0.00038041701742175694,-1.0587700807950112e-20
48,30,0.00037640739567014854,4.187388268787883e-20
48,31,0.00037412731838271584,1.646281433653897e-20
48,32,0.0003732815478197111,0.0
48,33,0.00037412731838271595,4.2845966049440165e-21
48,34,0.0003764073956701485,-1.3842013390412157e-20
48,35,0.0003804170174217569,-5.3982134563697134e-20
48,36,0.0003859320648410998,-2.710505431213761e-20
48,37,0.0003932919599386103,-6.3629963747967625e-21
48,38,0.0004023015595862491,4.7982029501052487e-20
48,39,0.00041335195680063574,1.4253963876077137e-20
48,40,0.00042627237403767724,5.7234644013691345e-21
48,41,0.00044151371502700753,-9.761320991758987e-21
48,42,0.0004589221483270403,7.459438587915558e-21
48,43,0.00047901544065591324,-4.470962445332597e-20
48,44,0.0005016421697379886,1.4165356976373786e-20
48,45,0.0005273893711030409,-3.829589287967879e-20
48,46,0.0005560787746319109,3.908803559676326e-20
48,47,0.0005883581751835223,5.731375174182691e-20
48,48,0.0006239659187963101,0.0
48,49,0.0006635818810719138,-5.8797987621075876e-21
48,50,0.0007067585675787372,5.392062238993187e-20
48,51,0.0007541496017871509,2.2797406057808543e-22
48,52,0.0008049503369517353,5.421010862427522e-20
48,53,0.0008597018833989505,-3.346805068693437e-20
48,54,0.0009169834182846178,6.153455665712129e-20
48,55,0.0009771524804609297,1.4253963876077137e-20
48,56,0.0010378234728495154,5.7234644013691345e-21
48,57,0.0010992615511260656,5.0576021653621445e-21
48,58,0.0011576715101722103,5.900218274019453e-20
48,59,0.0012138598213154597,3.271768170757377e-20
48,60,0.001261821243572482,3.7331457087859335e-20
48,61,0.0013054841473098253,9.496477976353215e-21
48,62,0.0013388382120747828,-4.2970251597502166e-20
48,63,0.0014324512798989976,-2.1518507990694452e-20
49,0,0.0013859796005908508,9.068541645787016e-19
49,1,0.001503447349575008,5.9154349577855265e-19
49,2,0.0015593250602632276,-9.631922308618388e-19
49,3,0.0015197014492050094,-1.7193921592467866e-18
49,4,0.0014669940847924965,-1.0355444840916648e-18
49,5,0.001399705224792159,-1.1555981814521685e-18
49,6,0.0013277302328227334,-1.3124941818762012e-18
49,7,0.0012498229387218748,-4.910299914111138e-19
49,8,0.0011717655616378367,-1.326852075757837e-19
49,9,0.0010934822613380927,4.222694046356702e-20
49,10,0.0010185363711568442,7.454807757927951e-19
49,11,0.0009467017274425086,1.5883601350592923e-18
49,12,0.0008800204248262322,1.1863255084530911e-18
49,13,0.0008179124429302671,1.3969884386554968e-18
49,14,0.0007614526918468009,1.4947563387392403e-18
49,15,0.000709833099848911,1.0942625429135753e-18
49,16,0.0006635818810719139,-8.078549591159871e-20
49,17,0.000621820335488504,-3.740740640913497e-19
49,18,0.0005848053476996451,-7.734568506768755e-19
49,19,0.000551692110886497,-1.407684034657204e-18
49,20,0.0005226252924911154,-1.916458749236137e-18
49,21,0.0004968439211366481,-1.3859911431053382e-18
49,22,0.0004744634073902194,-6.077627697606234e-19
49,23,0.0004548209496107521,-8.433956974689027e-19
49,24,0.00043804205052208134,6.301089069649864e-19
49,25,0.0004235580843498701,2.587139289057122e-19
49,26,0.0004115215746656614,6.16482790803697e-19
49,27,0.00040144679266663726,1.455841849038046e-18
49,28,0.0003935200150461252,9.202724487239959e-19
49,29,0.0003873257604029666,3.4077926962192256e-19
49,30,0.0003830871361233161,5.280691861752255e-19
49,31,0.0003804476261995356,3.599049085039296e-19
49,32,0.00037966993630282565,-3.950037617624473e-19
49,33,0.0003804476261995356,3.4082174339127975e-19
49,34,0.00038308713612331623,5.275857563057298e-19
49,35,0.0003873257604029665,3.1348691416353424e-19
49,36,0.00039352001504612533,8.889143720701056e-19
49,37,0.00040144679266663737,1.4193819782009046e-18
49,38,0.0004115215746656614,6.390697285977067e-19
49,39,0.00042355808434987006,3.2212163795301454e-19
49,40,0.00043804205052208134,6.100359470818045e-19
49,41,0.00045482094961075194,-8.622523065161152e-19
49,42,0.0004744634073902193,-6.058960645448487e-19
49,43,0.000496843921136648,-1.4319274092551238e-18
49,44,0.0005226252924911154,-1.7937415437809895e-18
49,45,0.000551692110886497,-1.4867862973984716e-18
49,46,0.000584805347699645,-7.649879427111194e-19
49,47,0.0006218203354885039,-3.2468023282209417e-19
49,48,0.0006635818810719139,-8.078549591159871e-20
49,49,0.0007098330998489109,1.1438089773883565e-18
49,50,0.0007614526918468008,1.5033677115426838e-18
49,51,0.0008179124429302671,1.302821396556557e-18
49,52,0.0008800204248262322,1.3361477682203761e-18
49,53,0.0009467017274425085,1.5413547226055238e-18
49,54,0.001018536371156844,7.474899458462572e-19
49,55,0.0010934822613380927,2.396604051950082e-20
49,56,0.0011717655616378367,-1.527581674589655e-19
49,57,0.001249822938721875,-4.2821799146695763e-19
49,58,0.0013277302328227334,-1.2900497089198789e-18
49,59,0.001399705224792159,-1.190988905985327e-18
49,60,0.0014669940847924967,-1.0397975064334175e-18
49,61,0.0015197014492050092,-1.7587247896596403e-18
49,62,0.0015593250602632279,-9.638181255690218e-19
49,63,0.001503447349575008,5.723077274603772e-19
50,0,0.002145583359648183,1.4408141777073636e-19
50,1,0.0019915173320065598,1.9453398039104327e-19
50,2,0.0018628810577215862,2.067847591504298e-19
50,3,0.0018019476993386347,2.1424894734833172e-19
50,4,0.0017229868794604777,2.806663828337722e-19
50,5,0.0016355214565029,4.754736531523295e-20
50,6,0.0015366624335798728,-7.148436322636458e-20
50,7,0.0014355614634921974,-1.873064164419571e-20
50,8,0.0013325043245335367,-2.4708687922730233e-20
50,9,0.0012330443612938388,2.2661384503106133e-19
50,10,0.0011372938441533936,2.3846765313191775e-19
50,11,0.001048331872688794,2.3963246404244664e-19
50,12,0.0009656024062524497,5.666807975615148e-20
50,13,0.0008906101094900878,1.6738868920112794e-19
50,14,0.0008223479947421302,2.250001365940524e-19
50,15,0.0007614526918467994,2.27533361265632e-19
50,16,0.0007067585675787359,2.524273015467984e-19
50,17,0.0006584937670912348,3.7410496520895495e-19
50,18,0.000615524844220861,2.203372863064986e-19
50,19,0.0005779273462985272,3.904318003772262e-19
50,20,0.0005446879447898553,2.671138556777034e-19
50,21,0.000515854785745425,2.1017769118805862e-19
50,22,0.0004905583765869835,-9.858941753850219e-20
50,23,0.00046887301054336736,-1.2715085889274615e-19
50,24,0.0004500655624893389,1.3327114584785132e-19
50,25,0.00043425530109853037,2.5972021989342e-19
50,26,0.000420826608499552,2.269590080565511e-19
50,27,0.0004099479609237903,2.3938963924525857e-19
50,28,0.00040110086858748367,8.310181847890331e-20
50,29,0.00039450269151755776,1.286402809281107e-19
50,30,0.0003897143596418352,6.337611263434229e-20
50,31,0.00038700195114830345,3.6564618598810155e-19
50,32,0.0003859921674904017,5.910162812575905e-19
50,33,0.00038700195114830334,3.5038804268583454e-19
50,34,0.0003897143596418354,7.125948758974175e-20
50,35,0.00039450269151755765,1.0582873009978128e-19
50,36,0.00040110086858748367,1.4514111127308416e-19
50,37,0.0004099479609237903,2.6438779981233386e-19
50,38,0.0004208266084995521,3.0798639714356195e-19
50,39,0.00043425530109853026,2.523199014771804e-19
50,40,0.0004500655624893389,1.3895591218425962e-19
50,41,0.0004688730105433674,-1.0231168573318494e-19
50,42,0.0004905583765869834,-2.863049468379115e-20
50,43,0.0005158547857454249,1.500718850647351e-19
50,44,0.0005446879447898554,4.504545772871177e-19
50,45,0.0005779273462985272,4.0662899554741855e-19
50,46,0.0006155248442208609,3.3808735926663094e-19
50,47,0.0006584937670912349,3.029572216605433e-19
50,48,0.0007067585675787359,2.524273015467984e-19
50,49,0.0007614526918467993,1.5726453071185406e-19
50,50,0.0008223479947421303,3.2875750355504903e-19
50,51,0.0008906101094900878,1.735913658801253e-19
50,52,0.0009656024062524498,2.671138556777034e-19
50,53,0.001048331872688794,2.1017769118805862e-19
50,54,0.0011372938441533938,3.3509145145569956e-19
50,55,0.0012330443612938386,1.9810979285290518e-19
50,56,0.0013325043245335367,-1.902392158632193e-20
50,57,0.0014355614634921974,-8.120795197126837e-20
50,58,0.0015366624335798728,3.708825901585073e-20
50,59,0.0016355214565029,9.610460123764796e-20
50,60,0.0017229868794604777,3.698107299400907e-19
50,61,0.0018019476993386347,1.743268606990597e-19
50,62,0.0018628810577215865,2.015557857928273e-19
50,63,0.00199151733200656,1.7839692409414258e-19
51,0,0.002041751404879319,5.156831503837311e-18
51,1,0.0021843485806544655,3.4593877374901656e-18
51,2,0.0022366847892186887,1.3433114911439272e-18
51,3,0.002157951710484168,6.803977660116698e-19
51,4,0.002055616272713466,4.590873455229618e-19
51,5,0.0019309872580734004,-2.6992070315962642e-20
51,6,0.0017996468209125567,-7.293464268668123e-19
51,7,0.0016624617064104692,-1.8551646782497825e-19
51,8,0.001528480859807849,8.20124991057309e-19
51,9,0.0013985901966545656,1.0250982405484876e-18
51,10,0.001277682950637257,7.731740516839018e-19
51,11,0.0011653941370736128,6.724220901179547e-19
51,12,0.0010639491809453588,6.874820686488707e-19
51,13,0.0009720917195975513,7.859417419395145e-19
51,14,0.0008906101094900882,9.207146454255398e-19
51,15,0.0008179124429302661,7.809596782215457e-19
51,16,0.0007541496017871492,2.2398835702040533e-19
51,17,0.0006977518540746657,-7.104558666575817e-20
51,18,0.000648660399452292,-1.3391396886757262e-19
51,19,0.0006054853980011483,-6.748549495952107e-19
51,20,0.0005681530486383441,-6.793249355868179e-19
51,21,0.0005354922410439106,-1.896223961887883e-19
51,22,0.0005074875325876372,2.959509387304074e-20
51,23,0.00048317147377042037,-2.2886141952152586e-20
51,24,0.00046260566986796225,2.42415764599258e-19
51,25,0.00044499362743956924,7.311328949668085e-20
51,26,0.00043047199466352416,4.351903607849771e-21
51,27,0.0004183815207448033,-2.1460835730046452e-19
51,28,0.0004089267752774822,-9.525441076216463e-20
51,29,0.0004015572976297186,1.2024776242617963e-19
51,30,0.0003965398718215287,-2.465857683648274e-20
51,31,0.000393411249513944,4.9540395051126606e-20
51,32,0.0003924986698276437,1.301253273156412e-19
51,33,0.000393411249513944,5.770342131689548e-20
51,34,0.0003965398718215288,-1.1941224462953367e-20
51,35,0.00040155729762971827,2.9876462520367127e-20
51,36,0.0004089267752774823,-8.301374071979042e-20
51,37,0.0004183815207448036,-1.3541228756451309e-19
51,38,0.00043047199466352405,2.959509387304074e-20
51,39,0.00044499362743956935,1.3974418392067308e-19
51,40,0.00046260566986796236,2.495152302221428e-19
51,41,0.0004831714737704203,1.161129750120802e-19
51,42,0.0005074875325876372,-8.228636494153499e-21
51,43,0.0005354922410439106,-2.380261913222803e-19
51,44,0.0005681530486383441,-5.553539526549378e-19
51,45,0.0006054853980011483,-5.891879422473203e-19
51,46,0.0006486603994522921,5.103621901458786e-21
51,47,0.000697751854074666,1.7005149910097884e-19
51,48,0.0007541496017871492,2.2398835702040533e-19
51,49,0.0008179124429302663,1.0131565858197463e-18
51,50,0.0008906101094900883,1.0587084208664823e-18
51,51,0.0009720917195975515,8.430280918844955e-19
51,52,0.0010639491809453588,8.3855810589288835e-19
51,53,0.0011653941370736128,6.777393417996152e-19
51,54,0.001277682950637257,7.885366146128939e-19
51,55,0.0013985901966545658,1.0613160305333518e-18
51,56,0.001528480859807849,8.272244566801937e-19
51,57,0.0016624617064104692,-2.3294468091871843e-19
51,58,0.001799646820912557,-6.488693126492572e-19
51,59,0.0019309872580734007,1.0690316985338681e-19
51,60,0.002055616272713466,4.984330698774736e-19
51,61,0.002157951710484168,5.643970148844916e-19
51,62,0.0022366847892186887,1.3570526588455455e-18
51,63,0.0021843485806544655,3.449345887612333e-18
52,0,0.003162856141551057,2.3899034606780084e-18
52,1,0.002952783489796756,2.1621071289766902e-18
52,2,0.002757841277326148,1.8364889514169837e-18
52,3,0.0026363840623424674,1.4195228447912492e-18
52,4,0.002481887962498475,9.778995376050897e-19
52,5,0.0023120717120652667,4.708303039448651e-19
52,6,0.002127848395552757,2.3037579936005263e-19
52,7,0.0019446414393301348,1.4103823470633916e-20
52,8,0.0017650151955401333,-1.0831156434994346e-19
52,9,0.00159720201187638,-2.6248082141385376e-19
52,10,0.0014414452618229342,-4.808660053157503e-19
52,11,0.0013012546174808249,-4.1346243570927192e-19
52,12,0.0011750845734551493,-5.072300070727503e-19
52,13,0.0010639491809453575,-3.924201265627879e-19
52,14,0.0009656024062524472,-3.0339131994848116e-19
52,15,0.0008800204248262291,-4.2818708265756614e-19
52,16,0.0008049503369517332,-9.359714067160019e-20
52,17,0.0007400774728925798,1.403157473978475e-20
52,18,0.0006834322885926786,-6.086485043264928e-20
52,19,0.0006347219304861737,1.8624287358898792e-19
52,20,0.0005923232193763823,1.9185296255309903e-19
52,21,0.0005560652968240968,3.3530503238417697e-19
52,22,0.0005246394535020299,3.3879601660860307e-19
52,23,0.0004980095161588423,1.7673414934345958e-19
52,24,0.00047512261161190817,1.5343799456694443e-19
52,25,0.0004560613216187672,1.5620564754317431e-19
52,26,0.0004399715019446028,-1.010351403474556e-19
52,27,0.00042703429032255513,4.269886859710217e-22
52,28,0.0004165477754100131,-2.184498425527337e-19
52,29,0.00040877594079177706,-2.87462631779335e-20
52,30,0.00040313454620579834,-1.793299431093663e-19
52,31,0.000399961720929438,-2.167015323841823e-19
52,32,0.00039876709625049516,-2.9010878443459787e-19
52,33,0.000399961720929438,-2.3669017764748815e-19
52,34,0.00040313454620579834,-2.7770528492975017e-19
52,35,0.00040877594079177706,-2.3388546824914505e-19
52,36,0.0004165477754100133,-1.6051274350468991e-19
52,37,0.00042703429032255546,9.135954357493848e-20
52,38,0.0004399715019446028,1.3535364862951763e-20
52,39,0.000456061321618767,2.309442579677348e-19
52,40,0.00047512261161190817,1.4981617876540418e-19
52,41,0.0004980095161588421,2.2414037036848617e-19
52,42,0.0005246394535020299,4.552119733588006e-19
52,43,0.0005560652968240967,2.6714625085903015e-19
52,44,0.0005923232193763824,4.030449545604714e-19
52,45,0.0006347219304861737,2.9790537212610465e-19
52,46,0.0006834322885926786,1.5604191171246703e-19
52,47,0.0007400774728925797,1.8397426875561594e-19
52,48,0.0008049503369517332,-9.359714067160019e-20
52,49,0.000880020424826229,-2.0280885975731614e-19
52,50,0.0009656024062524472,-6.086485043264928e-20
52,51,0.0010639491809453575,-2.4743799540521385e-19
52,52,0.0011750845734551495,-2.4182790644110275e-19
52,53,0.0013012546174808247,-4.2363648835567613e-19
52,54,0.0014414452618229342,-3.117252868826996e-19
52,55,0.00159720201187638,-2.569467196507422e-19
52,56,0.0017650151955401333,-1.119333801514837e-19
52,57,0.001944641439330135,2.229433590855892e-20
52,58,0.002127848395552757,4.006417601361572e-19
52,59,0.002312071712065267,6.121983472036403e-19
52,60,0.0024818879624984753,1.0900467452774088e-18
52,61,0.0026363840623424674,1.2352741157238555e-18
52,62,0.002757841277326148,1.7667040108501593e-18
52,63,0.002952783489796756,2.167998117765379e-18
53,0,0.003229587998958233,3.664916214473154e-18
53,1,0.0034053106236756536,2.1487851288677852e-18
53,2,0.003432174771994218,2.851517730308415e-19
53,3,0.0032622715845918816,-4.956617750832205e-19
53,4,0.0030480407240937573,-3.518961570876434e-19
53,5,0.002799921620702273,7.04571136531366e-21
53,6,0.0025460377638089242,8.655051609964832e-20
53,7,0.0022924951076784827,2.1411053461903001e-19
53,8,0.0020540144342572524,5.200801582166527e-19
53,9,0.0018324777099278885,5.023291733264277e-19
53,10,0.0016338438329953652,-1.6098822016683128e-20
53,11,0.0014563091029823401,2.0134342365111354e-19
53,12,0.0013012546174808247,6.278123746285699e-19
53,13,0.0011653941370736122,6.311113279902512e-19
53,14,0.001048331872688794,2.39013022462254e-19
53,15,0.000946701727442508,-2.140140868743009e-19
53,16,0.0008597018833989501,-2.0798089471979899e-19
53,17,0.0007844383161394524,7.095746308797624e-22
53,18,0.0007202233050137093,-1.2142404165122269e-19
53,19,0.0006647356754461229,-3.4875851776881096e-20
53,20,0.0006175354597927442,5.154655809007602e-19
53,21,0.0005768045078056061,6.575670148566163e-19
53,22,0.0005423422112932476,1.4076062472392354e-19
53,23,0.0005127248130802279,3.2253075186758046e-19
53,24,0.00048794530730434554,1.0977893846747036e-18
53,25,0.0004668752424481764,1.4322904318047159e-18
53,26,0.0004496561332586269,1.353889913256932e-18
53,27,0.0004353776093519704,4.051756987108295e-19
53,28,0.0004242961941268125,-2.474202537306894e-19
53,29,0.000415663762255253,2.875510182167279e-19
53,30,0.00040983126279925744,2.0766278205687206e-19
53,31,0.00040617463778770094,4.664728527501404e-19
53,32,0.00040513045966663664,8.193167021940992e-19
53,33,0.00040617463778770116,4.547192343591847e-19
53,34,0.00040983126279925744,6.831133853374059e-20
53,35,0.000415663762255253,-7.770797464743485e-21
53,36,0.0004242961941268127,-1.350557225905425e-19
53,37,0.0004353776093519708,3.32306363110965e-19
53,38,0.0004496561332586267,1.2791729058337032e-18
53,39,0.0004668752424481766,1.6235733588501858e-18
53,40,0.00048794530730434543,1.106155625530844e-18
53,41,0.0005127248130802277,4.512945020673334e-19
53,42,0.0005423422112932472,1.898605554517953e-19
53,43,0.0005768045078056061,5.737438372607699e-19
53,44,0.0006175354597927445,7.825895475428769e-19
53,45,0.0006647356754461229,1.1559693774908075e-19
53,46,0.0007202233050137091,1.693208989624188e-19
53,47,0.0007844383161394524,2.4064636000477843e-19
53,48,0.0008597018833989501,-2.0798089471979899e-19
53,49,0.000946701727442508,7.095746308797624e-22
53,50,0.001048331872688794,5.2909726184008e-19
53,51,0.0011653941370736124,8.3248588621152245e-19
53,52,0.0013012546174808249,9.49146449894962e-19
53,53,0.0014563091029823397,2.238861458624145e-19
53,54,0.0016338438329953652,1.4076062472392354e-19
53,55,0.0018324777099278883,4.309509691161309e-19
53,56,0.0020540144342572524,5.28446399072793e-19
53,57,0.0022924951076784827,1.71854547080348e-19
53,58,0.0025460377638089247,1.2091442716078554e-19
53,59,0.002799921620702273,4.4650910455402685e-20
53,60,0.0030480407240937573,-1.8532151732322126e-19
53,61,0.0032622715845918816,-7.334651422114509e-19
53,62,0.0034321747719942186,1.4646103074352552e-19
53,63,0.0034053106236756536,2.080929471409135e-18
54,0,0.005048435791659265,1.0401409028181424e-18
54,1,0.004733452213552402,1.5494276307446777e-18
54,2,0.0043953939871889435,1.8718831371398583e-18
54,3,0.004126484302894482,1.8014377837459834e-18
54,4,0.0037949480740752904,1.3861504046333341e-18
54,5,0.0034402779169669137,9.516751966924584e-19
54,6,0.003075009936587634,6.913385292682382e-19
54,7,0.0027271743345869456,6.932034657445314e-19
54,8,0.0024028654893200043,5.497771341405691e-19
54,9,0.002113079384965356,7.123034683072832e-19
54,10,0.001856053518696557,4.1120817866907707e-19
54,11,0.001633843832995366,3.411269747918972e-19
54,12,0.0014414452618229324,9.279766718426493e-20
54,13,0.001277682950637255,3.146976009590972e-19
54,14,0.0011372938441533947,9.960859542349644e-20
54,15,0.0010185363711568442,1.4050324667151903e-19
54,16,0.0009169834182846181,3.0128115243343156e-19
54,17,0.0008312263800671917,2.212799694499348e-19
54,18,0.0007578305600859558,-3.90231918658433e-20
54,19,0.0006958864732434114,3.6486990520268988e-19
54,20,0.0006427945506541945,3.089768902645359e-20
54,21,0.0005980776403898606,3.0115389320115566e-19
54,22,0.0005597631772916796,1.4923744302548595e-19
54,23,0.0005276974971347036,9.689227087750398e-20
54,24,0.0005003586499744423,2.3381746659940605e-19
54,25,0.0004778239354540808,2.7238353386236257e-19
54,26,0.0004588914548526214,1.7966591386105398e-19
54,27,0.0004438042730602436,4.225026385572537e-19
54,28,0.00043158948138367296,-7.600104402518063e-20
54,29,0.0004226152108823835,4.440575807604895e-20
54,30,0.0004160763723118116,8.185875434130517e-20
54,31,0.00041244490530372964,1.160263573127724e-19
54,32,0.00041104438241946865,1.257528060733365e-19
54,33,0.00041244490530372964,3.1544589264971506e-20
54,34,0.00041607637231181206,1.6343896023631173e-21
54,35,0.0004226152108823835,-9.591601810364951e-20
54,36,0.0004315894813836732,-2.331241959782163e-20
54,37,0.000443804273060244,3.0115389320115566e-19
54,38,0.0004588914548526216,2.576576602740364e-19
54,39,0.000477823935454081,3.679428139988801e-19
54,40,0.0005003586499744423,2.5029191046897563e-19
54,41,0.0005276974971347037,9.397285346793402e-20
54,42,0.0005597631772916793,2.147658412086739e-19
54,43,0.0005980776403898604,1.3779346823471808e-19
54,44,0.0006427945506541947,4.0267857986284403e-19
54,45,0.0006958864732434114,1.8319796073292858e-19
54,46,0.0007578305600859557,2.5826437192014645e-19
54,47,0.0008312263800671915,4.53725860853113e-19
54,48,0.0009169834182846181,3.0128115243343156e-19
54,49,0.001018536371156844,2.212799694499348e-19
54,50,0.001137293844153395,3.9465767712835847e-19
54,51,0.001277682950637255,1.48029470705589e-19
54,52,0.0014414452618229327,4.645785580206554e-19
54,53,0.0016338438329953657,8.431345870405477e-20
54,54,0.001856053518696557,5.829183120196877e-19
54,55,0.002113079384965356,5.305731398717058e-19
54,56,0.0024028654893200043,5.662515780101387e-19
54,57,0.0027271743345869456,5.338927879128546e-19
54,58,0.0030750099365876348,8.799889750108987e-19
54,59,0.003440277916966914,7.069391079606642e-19
54,60,0.0037949480740752904,1.438839029060693e-18
54,61,0.004126484302894482,1.6461121933500316e-18
54,62,0.004395393987188944,1.7938972544820438e-18
54,63,0.004733452213552402,1.2371442709517128e-18
55,0,0.005574343881061402,-4.53580962286515e-18
55,1,0.005786102125952453,-2.2196755046882133e-18
55,2,0.005710617813465541,-1.035697792121448e-18
55,3,0.005303084978025117,-1.4741944533584211e-19
55,4,0.004811450713650439,7.671146005640433e-19
55,5,0.004276090226935049,2.636383439853788e-19
55,6,0.0037546767626595624,9.540959024526248e-20
55,7,0.003264121213604697,1.3341552497281574e-18
55,8,0.0028266719829428697,1.4557277559189805e-18
55,9,0.002441824602886366,-4.2465322617605394e-19
55,10,0.002113079384965353,-1.4102981486128538e-18
55,11,0.001832477709927887,-1.88620826325256e-20
55,12,0.0015972020118763764,7.427692103952058e-19
55,13,0.0013985901966545636,3.4784198723058305e-19
55,14,0.0012330443612938412,9.691122016318374e-20
55,15,0.0010934822613380937,-7.813360460866885e-19
55,16,0.0009771524804609293,-1.251363987091906e-18
55,17,0.0008787791875188236,-2.063821442393422e-18
55,18,0.0007966226585495896,-2.079242383138746e-18
55,19,0.0007268489352615982,-1.1232014005727962e-18
55,20,0.0006685132824185002,2.792236229455663e-19
55,21,0.0006188107958030797,1.0225798647252318e-18
55,22,0.0005773490968352309,9.540959024526248e-20
55,23,0.0005420296189136397,3.311264274555196e-20
55,24,0.0005128285310053167,1.4557277559189805e-18
55,25,0.00048812842127611577,1.1565871823436552e-18
55,26,0.00046815200431622457,-2.5470258304495098e-19
55,27,0.00045161272673848525,-7.321219152479224e-19
55,28,0.00043890507569274576,-3.618915950444255e-19
55,29,0.00042897516401515503,-3.0431680525490983e-19
55,30,0.0004223478186371624,1.4284364670238434e-19
55,31,0.00041813915655199456,5.504342407479995e-19
55,32,0.0004169867807984687,5.696712984643722e-19
55,33,0.00041813915655199456,4.77277399369479e-19
55,34,0.00042234781863716283,-8.702089119663154e-20
55,35,0.00042897516401515547,-5.811003143300439e-19
55,36,0.00043890507569274576,-4.255077891700116e-19
55,37,0.0004516127267384859,-6.037233940030248e-19
55,38,0.0004681520043162248,-1.214308442518384e-19
55,39,0.000488128421276116,1.5509956842252583e-18
55,40,0.0005128285310053167,1.469169978021452e-18
55,41,0.0005420296189136395,4.7396883105219595e-19
55,42,0.0005773490968352307,3.102165290881468e-19
55,43,0.0006188107958030795,1.060496510428677e-18
55,44,0.0006685132824185005,5.746195562357799e-19
55,45,0.0007268489352615981,-8.87539627744644e-19
55,46,0.0007966226585495897,-1.5889588568838165e-18
55,47,0.0008787791875188235,-1.5474528493298145e-18
55,48,0.0009771524804609293,-1.251363987091906e-18
55,49,0.0010934822613380942,-3.2909796641661495e-19
55,50,0.0012330443612938407,5.228428308264647e-19
55,51,0.0013985901966545636,6.115220754040109e-19
55,52,0.001597202011876377,1.1465853609339698e-18
55,53,0.0018324777099278868,1.5521812673682834e-19
55,54,0.002113079384965353,-9.887925822402419e-19
55,55,0.002441824602886366,-1.8372779175154893e-19
55,56,0.0028266719829428697,1.469169978021452e-18
55,57,0.0032641212136046973,1.4948136364976972e-18
55,58,0.0037546767626595624,4.556635705028492e-19
55,59,0.0042760902269350495,4.727137360614686e-19
55,60,0.004811450713650441,8.119186236870076e-19
55,61,0.005303084978025117,-4.52221269756252e-19
55,62,0.00571061781346554,-1.3096306316773657e-18
55,63,0.005786102125952455,-2.3913321585460254e-18
56,0,0.008903783353622829,-5.3450284169119564e-20
56,1,0.008358310179606514,-9.324133146669627e-20
56,2,0.007655391898908737,4.1059701704241175e-20
56,3,0.00698015336263233,3.616880770729357e-19
56,4,0.006189572979784029,1.4969072680274315e-19
56,5,0.005387697033937846,4.4169539356223435e-20
56,6,0.004618422421143984,-1.5459664205520632e-19
56,7,0.003931420850776046,2.316713728891731e-19
56,8,0.003331786691187747,-4.2544963123113475e-21
56,9,0.0028266719829428692,-4.103194192573891e-20
56,10,0.0024028654893200026,-1.8296619940734095e-19
56,11,0.0020540144342572507,8.779259888249591e-20
56,12,0.0017650151955401288,-2.804525107633239e-19
56,13,0.0015284808598078495,9.973064500577608e-20
56,14,0.0013325043245335402,-3.863713741899712e-19
56,15,0.0011717655616378358,-4.756030362814342e-19
56,16,0.001037823472849512,-1.9341804065350747e-20
56,17,0.0009274435195741027,-2.547869568635224e-20
56,18,0.0008347790388729754,-3.113060043535478e-19
56,19,0.0007580877837727904,-3.430433350426422e-19
56,20,0.0006932685527781958,-6.634609025613852e-19
56,21,0.0006395416773768516,2.067998652290491e-19
56,22,0.000593943621461275,-2.0880675067948154e-19
56,23,0.0005562955026804871,-3.104297133535792e-19
56,24,0.0005243745416718105,-4.2544963123113475e-21
56,25,0.0004983777683722635,2.789726390179935e-19
56,26,0.0004765714691086129,-8.838615469587677e-20
56,27,0.0004593957848405164,2.6133390015309474e-20
56,28,0.0004454475232296387,-3.117403263141753e-19
56,29,0.00043533592653195426,2.191591980323675e-19
56,30,0.00042788883541604837,-6.354444961730815e-20
56,31,0.0004238486354029647,1.5963037059578516e-20
56,32,0.000422213187370497,4.8052573284898325e-20
56,33,0.0004238486354029647,1.5070415734254223e-19
56,34,0.00042788883541604837,-1.3150406920034046e-20
56,35,0.00043533592653195426,-1.804130091698165e-19
56,36,0.0004454475232296387,-1.7556992494290818e-19
56,37,0.0004593957848405168,-6.425067789232701e-20
56,38,0.0004765714691086125,1.70664009690445e-19
56,39,0.000498377768372264,1.4830938392072166e-20
56,40,0.0005243745416718105,-2.2414143102464157e-20
56,41,0.0005562955026804867,-2.328051510088965e-19
56,42,0.000593943621461275,-6.95602170555806e-21
56,43,0.0006395416773768515,-3.2281160797157886e-19
56,44,0.0006932685527781959,3.7732878126057934e-20
56,45,0.0007580877837727903,8.731038864508327e-20
56,46,0.0008347790388729752,2.0829108022604058e-19
56,47,0.0009274435195741027,4.5027072873922e-19
56,48,0.001037823472849512,-1.9341804065350747e-20
56,49,0.0011717655616378358,-2.547869568635224e-20
56,50,0.0013325043245335402,1.22374864640654e-19
56,51,0.00152848085980785,9.063753395155959e-20
56,52,0.0017650151955401294,6.375817044212202e-19
56,53,0.0020540144342572507,-2.2688100376515265e-19
56,54,0.0024028654893200026,2.2487411831472023e-19
56,55,0.0028266719829428692,1.2325115564062259e-19
56,56,0.003331786691187747,-2.2414143102464157e-20
56,57,0.003931420850776046,-1.191288629584271e-19
56,58,0.004618422421143983,3.321448025771795e-19
56,59,0.005387697033937846,1.7252846988980936e-19
56,60,0.006189572979784031,5.027015626711111e-19
56,61,0.0069801533626323315,-4.657990333757099e-19
56,62,0.007655391898908737,1.0230459015047844e-19
56,63,0.008358310179606514,-1.4971556185034316e-19
57,0,0.010719884559820377,-2.182357181051144e-18
57,1,0.01092822103331809,-8.474683328296488e-19
57,2,0.010461485028862256,-1.6412775556459976e-18
57,3,0.00935155853017983,-2.1932516904692248e-18
57,4,0.008101446455606624,-2.085867214740512e-18
57,5,0.006850347995260903,-1.0686627694662206e-18
57,6,0.00572222955070107,4.995191080573123e-19
57,7,0.004743234725812031,2.19481059598443e-18
57,8,0.003931420850776045,2.4481146615737113e-18
57,9,0.0032641212136046986,7.78312166357155e-19
57,10,0.0027271743345869443,-1.3465396961903245e-18
57,11,0.002292495107678483,-1.3050014963115578e-18
57,12,0.001944641439330134,1.7437587589640642e-19
57,13,0.0016624617064104684,1.005045000338654e-18
57,14,0.0014355614634921979,2.5001144111934576e-19
57,15,0.0012498229387218752,-5.415047462056473e-19
57,16,0.0010992615511260604,-1.3833591118351984e-19
57,17,0.0009746356446967528,-7.119430612689607e-19
57,18,0.0008728286940236215,-2.4273241306979883e-18
57,19,0.0007876622408851448,-1.542730386977922e-18
57,20,0.0007177310638810784,5.162179992246983e-19
57,21,0.00065874013578464,1.2081617927533387e-18
57,22,0.0006102813390307595,-1.0183639334223939e-18
57,23,0.0005692272028386728,-2.0335778767090374e-18
57,24,0.0005357534801203165,-6.03061796589369e-19
57,25,0.0005074717742598739,6.696101494606694e-20
57,26,0.0004849094746021518,-3.261404491653535e-20
57,27,0.00046615886138995626,-8.719996245949417e-20
57,28,0.0004519723459111766,-2.28845786032167e-19
57,29,0.0004407650736311325,1.6904006892498955e-19
57,30,0.00043345044778092534,-1.0462903277987067e-20
57,31,0.00042866976926228106,-6.577972974883455e-19
57,32,0.0004274728272446772,-1.9038797067268465e-18
57,33,0.00042866976926228106,-9.01678441453924e-19
57,34,0.00043345044778092534,3.923581170653429e-20
57,35,0.0004407650736311325,8.425143924901878e-19
57,36,0.00045197234591117744,-3.5114373876370526e-19
57,37,0.0004661588613899567,-4.1814146597491795e-19
57,38,0.0004849094746021518,6.583823906311062e-20
57,39,0.0005074717742598739,2.432466855105219e-19
57,40,0.0005357534801203165,-6.28151339928447e-19
57,41,0.0005692272028386719,-1.8885826564265012e-18
57,42,0.000610281339030759,-6.478004766566938e-19
57,43,0.0006587401357846397,8.321438211399244e-19
57,44,0.000717731063881079,1.074900557050091e-18
57,45,0.0007876622408851445,-1.1260786353539122e-18
57,46,0.0008728286940236216,-1.5928250565639387e-18
57,47,0.0009746356446967529,-5.286646587515837e-19
57,48,0.0010992615511260604,-1.3833591118351984e-19
57,49,0.0012498229387218752,-7.119430612689607e-19
57,50,0.0014355614634921979,1.0421228212556259e-18
57,51,0.0016624617064104688,1.0593548269872887e-18
57,52,0.0019446414393301343,9.498988682189e-19
57,53,0.0022924951076784827,-1.393923421211872e-18
57,54,0.0027271743345869443,-1.0183639334223939e-18
57,55,0.0032641212136046986,1.002188206250375e-18
57,56,0.003931420850776045,2.4230251182346333e-18
57,57,0.004743234725812032,2.2922154469382012e-18
57,58,0.005722229550701072,6.403590860347277e-19
57,59,0.006850347995260904,-1.2530194507005429e-18
57,60,0.008101446455606624,-1.9913247329749497e-18
57,61,0.009351558530179833,-2.024797179917055e-18
57,62,0.010461485028862256,-1.5491911466637068e-18
57,63,0.01092822103331809,-1.6049944972029403e-18
58,0,0.017747958364126168,7.967832620487975e-19
58,1,0.016576616928753368,1.6772841342050551e-18
58,2,0.014755059341307821,1.7725615226335977e-18
58,3,0.012814046765414831,2.2573744106818343e-18
58,4,0.010723048120172822,1.8658452310188846e-18
58,5,0.008783472663486929,1.423621257348866e-18
58,6,0.007097777189142791,5.431164600013967e-19
58,7,0.005722229550701072,8.123725649404346e-19
58,8,0.004618422421143982,8.356800054525725e-20
58,9,0.003754676762659565,5.145445510437482e-19
58,10,0.003075009936587632,-3.3403569172660086e-19
58,11,0.0025460377638089247,-5.009051038107589e-20
58,12,0.0021278483955527575,-4.8584339053136675e-19
58,13,0.0017996468209125565,4.217880878282849e-19
58,14,0.0015366624335798721,-5.180082340267925e-19
58,15,0.0013277302328227355,-4.3544627889017585e-19
58,16,0.0011576715101722012,1.1137956113826343e-19
58,17,0.0010209791958124491,-3.033428745961435e-20
58,18,0.0009080420379921295,-3.958428223374112e-19
58,19,0.0008164554773978532,-4.53131020531927e-19
58,20,0.0007398142189728578,2.2701537793527115e-20
58,21,0.0006773931345128928,1.415843311771027e-20
58,22,0.000624670952889564,1.0943559100719494e-19
58,23,0.0005818404624423658,1.6185126144913202e-19
58,24,0.0005455219985286584,8.356800054525725e-20
58,25,0.0005164229774781703,-1.569462980867338e-19
58,26,0.0004918791080896524,6.007877055959927e-20
58,27,0.0004729010821667235,-8.958498036463528e-22
58,28,0.0004572884446715896,2.585311179285721e-19
58,29,0.0004462487963332101,2.07843822526283e-19
58,30,0.0004378935432689983,3.3831104725344826e-19
58,31,0.00043358129744476386,8.079501740540311e-19
58,32,0.0004316430774832375,4.589684594717667e-19
58,33,0.00043358129744476386,3.220314185981746e-19
58,34,0.0004378935432689992,2.5467848115389147e-19
58,35,0.00044624879633321096,-1.2787036878627566e-19
58,36,0.0004572884446715896,-8.571867945502343e-20
58,37,0.0004729010821667252,3.394190848633615e-19
58,38,0.000491879108089652,5.431164600013967e-19
58,39,0.0005164229774781699,8.123725649404346e-19
58,40,0.0005455219985286584,2.9446753007484614e-19
58,41,0.0005818404624423649,-1.2071506991706203e-19
58,42,0.0006246709528895634,1.0229531441256876e-19
58,43,0.0006773931345128926,-5.2585679949088097e-20
58,44,0.0007398142189728576,9.756559712421925e-20
58,45,0.0008164554773978531,-1.6499844759067684e-19
58,46,0.0009080420379921287,6.85173854254704e-19
58,47,0.0010209791958124491,1.6685624996243438e-19
58,48,0.0011576715101722012,1.1137956113826343e-19
58,49,0.0013277302328227347,-3.033428745961435e-20
58,50,0.0015366624335798724,4.715189156509924e-19
58,51,0.0017996468209125573,4.1423071745647655e-19
58,52,0.0021278483955527584,2.2701537793527115e-20
58,53,0.0025460377638089247,1.415843311771027e-20
58,54,0.003075009936587632,1.0943559100719494e-19
58,55,0.0037546767626595668,-2.7182960754506975e-19
58,56,0.004618422421143982,2.9446753007484614e-19
58,57,0.005722229550701072,5.5077577921342e-19
58,58,0.007097777189142791,1.4429043281031758e-18
58,59,0.008783472663486933,1.6329431354502896e-18
58,60,0.010723048120172824,1.9552763026294908e-18
58,61,0.012814046765414831,1.3499884246939305e-18
58,62,0.014755059341307823,1.5635780489512705e-18
58,63,0.016576616928753368,6.581832729950346e-19
59,0,0.02314804263216883,8.897078252616875e-18
59,1,0.023105957409840082,6.224202903882725e-18
59,2,0.021133478379340608,2.7481658161250835e-18
59,3,0.017756048607664637,3.026045565215309e-18
59,4,0.01431856366815301,1.955446404356149e-18
59,5,0.011256011028991689,5.764725558748443e-19
59,6,0.008783472663486933,3.976080770576949e-19
59,7,0.006850347995260906,2.0904574752362685e-18
59,8,0.005387697033937843,1.6354654136198747e-18
59,9,0.004276090226935052,1.28118523608447e-18
59,10,0.0034402779169669115,-6.818394746985808e-19
59,11,0.002799921620702273,6.857417194991145e-19
59,12,0.002312071712065264,2.436740047077931e-21
59,13,0.0019309872580733998,8.611900947314082e-19
59,14,0.0016355214565028997,-2.1601937946218653e-19
59,15,0.0013997052247921612,-5.741483736558415e-19
59,16,0.0012138598213154552,8.687870699593156e-19
59,17,0.0010625018864224658,6.134566612702394e-19
59,18,0.0009416790270054691,6.881816884026249e-19
59,19,0.0008415209182777649,4.239603512500982e-19
59,20,0.0007609329942439752,-7.55059026857612e-19
59,21,0.0006931593046682568,1.4279168688064254e-19
59,22,0.0006385538849214385,1.8076764256059403e-19
59,23,0.0005921651860031317,-9.45308607723144e-19
59,24,0.0005550989236335841,3.716267434552224e-19
59,25,0.0005234947911663674,4.737510106220205e-19
59,26,0.0004988638951405671,-4.2887284131322273e-19
59,27,0.0004780322255081987,-5.38776851930083e-19
59,28,0.0004627476656941321,-2.718848379176818e-19
59,29,0.00045028310798277994,-2.7400047755726835e-19
59,30,0.0004425490603347827,7.375938751002572e-19
59,31,0.0004371193480890139,9.049697138342357e-19
59,32,0.0004360476489586075,1.027692449831471e-18
59,33,0.00043711934808901565,4.2372128108527614e-19
59,34,0.0004425490603347827,3.629210366569736e-19
59,35,0.00045028310798277994,-4.434013867383053e-19
59,36,0.00046274766569413296,-8.634792441061625e-19
59,37,0.0004780322255082004,5.764725558748443e-19
59,38,0.0004988638951405663,-3.6072791936506854e-20
59,39,0.000523494791166367,1.223095737247865e-18
59,40,0.0005550989236335841,4.690233778664982e-19
59,41,0.0005921651860031319,-9.417847351340751e-19
59,42,0.0006385538849214374,2.026071129119236e-19
59,43,0.0006931593046682575,7.940042083406664e-21
59,44,0.0007609329942439757,6.558495512087068e-19
59,45,0.0008415209182777646,8.398178616452586e-19
59,46,0.000941679027005469,1.6189768473479947e-18
59,47,0.0010625018864224658,1.873983064683027e-18
59,48,0.0012138598213154552,8.687870699593156e-19
59,49,0.0013997052247921612,6.134566612702394e-19
59,50,0.0016355214565028997,6.881816884026249e-19
59,51,0.0019309872580734004,4.239603512500982e-19
59,52,0.002312071712065266,1.8470261871075984e-18
59,53,0.0027999216207022725,1.4279168688064254e-19
59,54,0.0034402779169669124,1.8076764256059403e-19
59,55,0.004276090226935053,7.894148682536631e-19
59,56,0.005387697033937843,1.7328620480311504e-18
59,57,0.006850347995260906,1.6003729663051814e-18
59,58,0.008783472663486933,1.6843639555033727e-18
59,59,0.01125601102899169,1.2324586135126042e-18
59,60,0.014318563668153012,1.79753286716187e-18
59,61,0.017756048607664644,1.975008433933935e-18
59,62,0.021133478379340608,2.400087068762358e-18
59,63,0.023105957409840082,4.9485141016320685e-18
60,0,0.038849734593433445,2.6224296781121277e-18
60,1,0.0358244331005626,2.87354739769983e-18
60,2,0.030523065582457536,2.0746129916456e-18
60,3,0.024698512910571443,3.179925829038627e-18
60,4,0.019002906001131983,2.3586619132389654e-18
60,5,0.014318563668153012,2.0017587169531885e-18
60,6,0.010723048120172824,9.501088728202423e-19
60,7,0.008101446455606625,3.3142381228916222e-18
60,8,0.006189572979784028,4.244484131781849e-19
60,9,0.004811450713650443,1.3143416298773356e-18
60,10,0.0037949480740752913,-3.418408305898097e-20
60,11,0.00304804072409376,9.797564058961132e-19
60,12,0.002481887962498477,-7.907530076703172e-19
60,13,0.002055616272713466,-2.4517069010788134e-19
60,14,0.0017229868794604811,-1.3926332553793561e-18
60,15,0.0014669940847925002,-1.947200337870891e-18
60,16,0.00126182124357249,-1.9123406163952813e-19
60,17,0.0011011994795470763,-2.3848331388548666e-18
60,18,0.0009694029191957836,-2.0453552637993167e-18
60,19,0.0008650539987120575,-7.232019919091891e-19
60,20,0.0007776956575295541,-8.93944604217548e-19
60,21,0.0007082259583887924,-3.8348606251492113e-19
60,22,0.0006491063714336564,9.501088728202423e-19
60,23,0.0006023134492401452,-1.4562514360445973e-18
60,24,0.0005620166904778973,4.244484131781849e-19
60,25,0.0005307142133930158,-1.0399045591511294e-18
60,26,0.000503623313022547,5.018965391897032e-19
60,27,0.00048350721677134587,4.130866577474029e-19
60,28,0.00046625033005407053,5.264094128896111e-19
60,29,0.00045477256883475793,9.960669800884701e-19
60,30,0.0004453945497999313,7.769430669402089e-19
60,31,0.00044116285903423105,1.4818985523457283e-18
60,32,0.0004386887316829499,2.271994006371963e-20
60,33,0.000441162859034238,-5.379846801103183e-20
60,34,0.0004453945497999313,-9.379135332540877e-20
60,35,0.0004547725688347562,-2.8952112291498725e-19
60,36,0.00046625033005407053,-6.7710416972044715e-19
60,37,0.0004835072167713476,1.5680778479589868e-18
60,38,0.0005036233130225453,8.274713483183872e-20
60,39,0.0005307142133930145,1.5795146469148151e-18
60,40,0.0005620166904778973,4.268803505465549e-19
60,41,0.0006023134492401439,1.4205858558699034e-18
60,42,0.0006491063714336549,-6.018905394263039e-19
60,43,0.0007082259583887909,-8.091496933003756e-19
60,44,0.0007776956575295537,-1.2977446277637532e-19
60,45,0.0008650539987120566,-2.0583334549045032e-19
60,46,0.0009694029191957831,1.0540029600708791e-18
60,47,0.0011011994795470748,4.975407491239491e-19
60,48,0.00126182124357249,-1.9123406163952813e-19
60,49,0.0014669940847925021,1.0846138130987478e-18
60,50,0.0017229868794604807,1.4240916881542974e-18
60,51,0.0020556162727134687,-7.232019919091891e-19
60,52,0.002481887962498478,8.407788717592591e-19
60,53,0.00304804072409376,-1.2508478005033248e-18
60,54,0.0037949480740752913,8.274713483183872e-20
60,55,0.004811450713650444,-5.8888969805619375e-19
60,56,0.006189572979784028,4.268803505465549e-19
60,57,0.008101446455606627,3.053850929447544e-19
60,58,0.010723048120172825,2.331475790278626e-18
60,59,0.014318563668153015,1.492243530825142e-18
60,60,0.01900290600113199,2.022510068617311e-18
60,61,0.024698512910571443,1.1550141982784087e-18
60,62,0.030523065582457536,1.052830982722323e-18
60,63,0.0358244331005626,7.54729245358045e-19
61,0,0.04389245040344102,6.711144390717583e-18
61,1,0.04525983077082996,3.930572878239333e-18
61,2,0.041825393189142246,5.530912608285088e-19
61,3,0.033321467431882655,1.773681303182872e-18
61,4,0.02469851291057144,1.572003746555039e-18
61,5,0.01775604860766464,4.972479854081199e-19
61,6,0.012814046765414831,5.873181340186927e-20
61,7,0.00935155853017983,2.872561891685926e-18
61,8,0.006980153362632328,1.0018147744161152e-18
61,9,0.005303084978025115,1.3886310269127002e-18
61,10,0.004126484302894482,8.129895066314753e-19
61,11,0.0032622715845918833,2.659211773029088e-18
61,12,0.0026363840623424635,-3.7370110655200616e-19
61,13,0.0021579517104841637,1.5096880739140942e-18
61,14,0.0018019476993386366,-1.4979420291012824e-18
61,15,0.00151970144920501,-1.457541940450254e-18
61,16,0.0013054841473098284,9.5320646247119e-19
61,17,0.001130018534199904,-1.1651773324425377e-18
61,18,0.0009952483259982312,-1.5068928668939497e-18
61,19,0.0008815653232291097,4.726386962002669e-19
61,20,0.0007939563478425217,-2.547964508889878e-18
61,21,0.0007180368136846761,1.3646097233965235e-18
61,22,0.0006599434358613193,-3.749490555923325e-19
61,23,0.0006083186251080765,-1.03056592926189e-18
61,24,0.0005696712274928573,-2.6202389574853693e-19
61,25,0.0005344984028720018,3.4956657894206395e-19
61,26,0.0005093790089731086,-2.130581813117562e-19
61,27,0.00048599131584870815,-2.7485086468271325e-19
61,28,0.00047089439233898023,-5.580283653950347e-19
61,29,0.000456532086071864,-1.1482833669331441e-18
61,30,0.00044945464355837864,5.21811991772418e-19
61,31,0.000442597361880296,2.6536936051233794e-18
61,32,0.00044256671023503585,-6.17831186121105e-20
61,33,0.00044259736188029947,2.4428549178861787e-19
61,34,0.0004494546435583856,-9.647917806511974e-19
61,35,0.0004565320860718605,-1.695765648770742e-18
61,36,0.0004708943923389837,-1.4637623364043735e-18
61,37,0.0004859913158487099,-1.2374754905686871e-18
61,38,0.0005093790089731086,9.26093551390273e-19
61,39,0.0005344984028720001,2.704766777207153e-19
61,40,0.0005696712274928573,-1.1210857260541838e-19
61,41,0.0006083186251080752,-8.887735069613453e-19
61,42,0.0006599434358613189,4.1216461918912004e-19
61,43,0.0007180368136846761,-3.4090145262535278e-18
61,44,0.000793956347842522,-3.8541922128573213e-19
61,45,0.0008815653232291099,2.5976500328738234e-19
61,46,0.0009952483259982297,2.1939320082954507e-18
61,47,0.0011300185341999048,1.004044545425423e-18
61,48,0.0013054841473098284,9.5320646247119e-19
61,49,0.0015197014492050074,2.3042696195110763e-18
61,50,0.001801947699338635,1.9625540850596643e-18
61,51,0.0021579517104841676,4.726386962002669e-19
61,52,0.0026363840623424657,2.6562059190405434e-18
61,53,0.0032622715845918816,-3.701137525802836e-19
61,54,0.0041264843028944835,1.3597744203844747e-18
61,55,0.005303084978025118,7.041575467149171e-19
61,56,0.006980153362632328,1.1517300975592338e-18
61,57,0.009351558530179833,1.5029094100929095e-19
61,58,0.012814046765414831,1.4382123071323516e-18
61,59,0.017756048607664644,1.2597715874350802e-18
61,60,0.024698512910571443,1.5336315135341034e-18
61,61,0.03332146743188266,3.156512301694099e-19
61,62,0.041825393189142246,-6.931837505666535e-19
61,63,0.045259830770829956,1.229617689793807e-18
62,0,0.018144093105325346,8.93072212254419e-19
62,1,0.033470023798389,1.3499727003009198e-18
62,2,0.04776676297369049,-2.232124038206297e-19
62,3,0.041825393189142246,1.3521050348133117e-18
62,4,0.030523065582457525,6.527366375399127e-19
62,5,0.021133478379340605,8.059413142352042e-19
62,6,0.014755059341307818,-3.5499709441778844e-19
62,7,0.010461485028862254,2.4723416804659718e-18
62,8,0.007655391898908735,5.607638863237881e-19
62,9,0.0057106178134655365,2.2651427738608914e-18
62,10,0.004395393987188938,3.1179504631580887e-19
62,11,0.0034321747719942212,-8.260710069973396e-19
62,12,0.002757841277326146,-3.678912328098695e-19
62,13,0.002236684789218683,8.951102952797959e-19
62,14,0.0018628810577215817,-7.157214947703285e-19
62,15,0.0015593250602632261,-1.4536545588502755e-18
62,16,0.0013388382120747841,2.794795901087297e-19
62,17,0.001151252428777101,6.452412881853419e-19
62,18,0.0010149121244582516,-1.3074145763061341e-18
62,19,0.0008934870858305433,-1.6836610481461007e-18
62,20,0.0008063375942169385,-2.1462510044849088e-19
62,21,0.0007249565413414666,3.722604452410024e-19
62,22,0.0006682342014864935,7.868377457641343e-20
62,23,0.0006124278054803148,-1.2974353349923884e-19
62,24,0.0005755731771538261,5.607638863237881e-19
62,25,0.0005369817077732781,5.536902779604592e-19
62,26,0.0005138598542352799,7.04328771485044e-19
62,27,0.00048752956263509346,2.284965524637743e-18
62,28,0.00047454467614620535,-1.3311706756587774e-18
62,29,0.00045754638032416417,-1.6915709433956862e-18
62,30,0.0004526689875294296,2.643597110301799e-18
62,31,0.0004433774048825806,1.7058324136967331e-18
62,32,0.00044564515041762426,-1.0156352707946018e-19
62,33,0.0004433774048825806,-1.3605327309128413e-18
62,34,0.0004526689875294296,-6.568932728148315e-19
62,35,0.00045754638032416417,-1.249980179151899e-18
62,36,0.00047454467614620535,-1.0819868384368944e-18
62,37,0.00048752956263509693,-6.142042375319937e-20
62,38,0.0005138598542352799,-3.5499709441778844e-19
62,39,0.0005369817077732816,2.4723416804659718e-18
62,40,0.0005755731771538261,7.205302944187515e-19
62,41,0.0006124278054803122,-2.423941029178484e-19
62,42,0.0006682342014864926,-8.789976199248567e-19
62,43,0.0007249565413414657,-1.9971508304512177e-18
62,44,0.0008063375942169393,8.060027699012912e-19
62,45,0.000893487085830542,8.602037135288049e-19
62,46,0.001014912124458252,1.7131309093382034e-18
62,47,0.0011512524287771017,2.2242086778474983e-18
62,48,0.0013388382120747841,2.794795901087297e-19
62,49,0.0015593250602632268,6.452412881853419e-19
62,50,0.0018628810577215821,2.16203237564748e-18
62,51,0.0022366847892186853,1.7857859038075135e-18
62,52,0.0027578412773261486,1.5200983755283162e-18
62,53,0.0034321747719942204,3.722604452410024e-19
62,54,0.00439539398718894,2.680768988541624e-18
62,55,0.005710617813465537,-1.2974353349923884e-19
62,56,0.007655391898908735,7.205302944187515e-19
62,57,0.010461485028862254,-2.656650829942233e-19
62,58,0.014755059341307821,2.1979156068595225e-18
62,59,0.02113347837934061,1.830706541820928e-18
62,60,0.03052306558245753,1.7692822127501992e-18
62,61,0.041825393189142246,-2.256199974932726e-20
62,62,0.04776676297369049,-3.380911171710731e-18
62,63,0.033470023798389,-3.537363508664721e-18
63,0,-0.2938917869009092,7.773974562512287e-18
63,1,-0.11787576112638692,3.414355221271396e-18
63,2,0.033470023798389,1.6237244035082596e-18
63,3,0.04525983077082995,-2.0057452524425074e-18
63,4,0.03582443310056259,-1.3769460481751749e-18
63,5,0.023105957409840075,-5.922506751013053e-18
63,6,0.016576616928753368,-9.97553935979572e-19
63,7,0.010928221033318097,-2.131687438960497e-18
63,8,0.008358310179606511,-4.350413283513421e-19
63,9,0.005786102125952458,3.720340937723443e-18
63,10,0.004733452213552405,2.865036637387018e-19
63,11,0.0034053106236756597,-3.0172999106308984e-18
63,12,0.002952783489796753,-2.9045707202607308e-18
63,13,0.002184348580654459,-3.0134690858187018e-18
63,14,0.0019915173320065507,-2.7994549257283005e-18
63,15,0.0015034473495750059,8.847310426112702e-18
63,16,0.0014324512798989941,9.477482471612061e-19
63,17,0.0010980285738752594,2.221732831537341e-18
63,18,0.0010881132065803365,2.5995063587452134e-18
63,19,0.0008442607579664373,-1.1383835144541039e-18
63,20,0.0008667707627158768,-4.846393000128789e-18
63,21,0.0006795452648453901,-2.019378930065237e-18
63,22,0.0007202975395978681,-1.8649156739679755e-18
63,23,0.0005702060502614723,1.3377595129931173e-18
63,24,0.0006220152261500402,8.287973418133101e-19
63,25,0.0004972398029545744,-2.304107296368511e-18
63,26,0.000556534401050128,-4.493104201250745e-19
63,27,0.0004495844076535579,-2.6260740040015414e-19
63,28,0.000514800584000108,1.8394754811902547e-20
63,29,0.0004207642867272085,3.6205510935038413e-19
63,30,0.0004915704223257024,9.663666164965413e-19
63,31,0.00040716577669770715,-9.736142311801942e-19
63,32,0.00048411012279048204,1.2803444581443869e-18
63,33,0.0004071657766977002,2.7638339177800934e-18
63,34,0.0004915704223257059,9.73203100016957e-19
63,35,0.0004207642867271946,1.4637016995111068e-18
63,36,0.0005148005840001149,-1.3769460481751749e-18
63,37,0.00044958440765356655,1.883748890882579e-18
63,38,0.000556534401050128,7.37169539997235e-19
63,39,0.0004972398029545813,-5.601134390914111e-18
63,40,0.0006220152261500402,7.710054734151425e-19
63,41,0.000570206050261474,-1.354580681559463e-18
63,42,0.0007202975395978672,-1.3812781840247895e-18
63,43,0.0006795452648453888,-4.946310406446679e-18
63,44,0.0008667707627158785,-1.5840448520664261e-18
63,45,0.0008442607579664377,1.8669743385770942e-18
63,46,0.001088113206580336,4.561992304949766e-18
63,47,0.0010980285738752607,-9.595214012291778e-19
63,48,0.0014324512798989941,9.477482471612061e-19
63,49,0.0015034473495750072,2.221732831537341e-18
63,50,0.0019915173320065502,-8.699405932084006e-19
63,51,0.0021843485806544594,-1.1383835144541039e-18
63,52,0.002952783489796755,2.0925009037784393e-18
63,53,0.0034053106236756584,-2.019378930065237e-18
63,54,0.004733452213552406,-1.301921979911684e-19
63,55,0.005786102125952455,-2.131687438960497e-18
63,56,0.008358310179606511,-4.928331967495097e-19
63,57,0.010928221033318091,-2.2690263513747372e-18
63,58,0.016576616928753368,-6.454641001610132e-19
63,59,0.023105957409840075,2.7073379391834193e-18
63,60,0.035824433100562596,-1.0375633751854452e-18
63,61,0.04525983077082995,1.9608970953616223e-18
63,62,0.03347002379838901,1.6635325007133278e-18
63,63,-0.11787576112638692,1.1463488470028929e-17
